BB64F8A7-BEE7-4E1A-AB8D-7D8273F7FDB6,Action Center
D20EA4E1-3957-11D2-A40B-0C5020524153,Administrative Tools
9C60DE1E-E5FC-40F4-A487-460851A8D915,Auto Play
0142E4D0-FB7A-11DC-BA4A-000FFE7AB428,Biometric Devices
D9EF8727-CAC2-4E60-809E-86F80A666C91,Bit Locker Drive Encryption
B2C761C6-29BC-4F19-9251-E6195265BAF1,Color Management
1206F5F1-0569-412C-8FEC-3204630DFB70,Credential Manager
E2E7934B-DCE5-43C4-9576-7FE4F75E7480,Date And Time
17CD9488-1228-4B2F-88CE-4298E93E0966,Default Programs
74246BFC-4C96-11D0-ABEF-0020AF6B0B7A,Device Manager
A8A91A66-3A7D-4424-8D24-04E180695C7A,Devices And Printers
C555438B-3C23-4769-A71F-B6D3D9B6053A,Display
D555645E-D4F8-4C29-A827-D93C859C4F2A,Ease Of Access Center
96AE8D84-A250-4520-95A5-A47A7E3C548B,Parental Controls
F6B6E965-E9B2-444B-9286-10C9152EDBC5,File History
6DFD7C5C-2451-11D3-A299-00C04F8EF6AF,Folder Options
93412589-74D4-4E4E-AD0E-E0CB621440FD,Fonts
67CA7650-96E6-4FDD-BB43-A8E774F73A57,Home Group
87D66A43-7B11-4A28-9811-C86EE395ACF7,Indexing Options
A0275511-0E86-4ECA-97C2-ECD8F1221D08,Infrared Options
A3DD4F92-658A-410F-84FD-6FBBBEF2FFFE,Internet Options
A304259D-52B8-4526-8B1A-A1D6CECC8243,i SCSIInitiator
0D2A3442-5181-4E3A-9BD4-83BD10AF3D76,i SNSServer
725BE8F7-668E-4C7B-8F90-46BDB0936430,Keyboard
E9950154-C418-419E-A90A-20C5287AE24B,Location And Other Sensors
6C8EEC18-8D75-41B2-A177-8831D59D2D50,Mouse
AB3BE6AA-7561-4838-AB77-ACF8427DF426,MPIOConfiguration
8E908FC9-BECC-40F6-915B-F4CA0E70D03D,Network And Sharing Center
05D7B0F4-2121-4EFF-BF6B-ED3F69B894D9,Notification Area Icons
F82DF8F7-8B9F-442E-A48C-818EA735FF9B,Pen And Input Devices
ED834ED6-4B5A-4BFE-8F11-A626DCB6A921,Personalization
40419485-C444-4567-851A-2DD7BFA1684D,Phone And Modem Options
025A5937-A6BE-4686-A844-36FE4BEC8B6D,Power Options
7B81BE6A-CE2B-4676-A29E-EB907A5126C5,Programs And Features
9FE63AFD-59CF-4419-9775-ABCC3849F861,Recovery
62D8ED13-C9D0-4CE8-A914-47DD628FB1B0,Regional And Language Options
241D7C96-F8BF-4F85-B01F-E2B043341A4B,Remote App And Desktop Connections
F2DDFC82-8F12-4CDD-B7DC-D4FE1425AA4D,Audio Devices And Sound Themes
58E3C745-D971-4081-9034-86E34B30836A,Speech Recognition Options
F942C606-0914-47AB-BE56-1321B8035096,Storage Spaces
9C73F5E5-7AE7-4E32-A8E8-8D23B85255BF,Sync Center
BB06C0E4-D293-4F75-8A90-CB05B6477EEE,System
80F3F1D5-FECA-45F3-BC32-752C152E456E,Tablet PCSettings
0DF44EAA-FF21-4412-828E-260A8728E7F1,Taskbar And Start Menu
C58C4893-3BE0-4B45-ABB5-A63E4B8C8651,Troubleshooting
BAA884F4-3432-48B8-AA72-9BF20EEF31D5,TSApp Install
60632754-C523-4B62-B45C-4172DA012619,User Accounts
BE122A0E-4503-11DA-8BDE-F66BAD1E3F3A,Windows Anytime Upgrade
D8559EB9-20C0-410E-BEDA-7ED416AECC2A,Windows Defender
4026492F-2F69-46B8-B9BF-5654FC07E423,Windows Firewall
5EA4F148-308C-46D7-98A9-49041B1DD468,Mobility Center
8E0C279D-0BD1-43C3-9EBD-31C3DC5B8A77,Portable Workspace Creator
36EEF7DB-88AD-4E81-AD49-0E313F0C35F8,Windows Update
ECDB0924-4208-451E-8EE0-373C0956DE16,Work Folders
7A979262-40CE-46FF-AEEE-7884AC3B6136,Add Hardware
B98A2BEA-7D42-4558-8BD1-832F41BAC6FD,Backup And Restore Center/Microsoft.Backup And Restore
78CB147A-98EA-4AA6-B0DF-C8681F69341C,Card Space
37EFD44D-EF8D-41B1-940D-96973A50E9E0,Windows Sidebar Properties
3E7EFB4C-FAF1-453D-89EB-56026875EF90,Get Programs Online
BF782CC9-5A52-4A17-806C-2A894FFEEAC5,Language
5224F545-A443-4859-BA23-7B5A95BDC8EF,People Near Me
78F3955E-3B90-4184-BD14-5397C15F1EFC,Performance Information And Tools
2227A280-3AEA-1069-A2DE-08002B30309D,Printers
FCFEECAE-EE1B-4849-AE50-685DCF7717EC,Problem Reports And Solutions
087DA31B-0DD3-4537-8E23-64A18591F88B,Security Center
CB1B7F8C-C50A-4176-B604-9E24DEE8D4D1,Welcome Center
E95A4861-D57A-4BE1-AD0F-35267E261739,Windows Side Show
0000002F-0000-0000-C000-000000000046,CLSID_RecordInfo
00000100-0000-0010-8000-00AA006D2EA4,DAO.DBEngine.36
00000101-0000-0010-8000-00AA006D2EA4,DAO.PrivateDBEngine.36
00000103-0000-0010-8000-00AA006D2EA4,DAO.TableDef.36
00000104-0000-0010-8000-00AA006D2EA4,DAO.Field.36
00000105-0000-0010-8000-00AA006D2EA4,DAO.Index.36
00000106-0000-0010-8000-00AA006D2EA4,DAO.Group.36
00000107-0000-0010-8000-00AA006D2EA4,DAO.User.36
00000108-0000-0010-8000-00AA006D2EA4,DAO.QueryDef.36
00000109-0000-0010-8000-00AA006D2EA4,DAO.Relation.36
00000300-0000-0000-C000-000000000046,StdOleLink
00000301-A8F2-4877-BA0A-FD2B6645FB94,PSFactoryBuffer
00000303-0000-0000-C000-000000000046,FileMoniker
00000304-0000-0000-C000-000000000046,ItemMoniker
00000305-0000-0000-C000-000000000046,AntiMoniker
00000306-0000-0000-C000-000000000046,PointerMoniker
00000308-0000-0000-C000-000000000046,PackagerMoniker
00000309-0000-0000-C000-000000000046,CompositeMoniker
0000030B-0000-0000-C000-000000000046,DfMarshal
00000315-0000-0000-C000-000000000046,Picture (Metafile)
00000316-0000-0000-C000-000000000046,Picture (Device Independent Bitmap)
00000319-0000-0000-C000-000000000046,Picture (Enhanced Metafile)
0000031A-0000-0000-C000-000000000046,ClassMoniker
0000031D-0000-0000-C000-000000000046,DCOMAccessControl
00000320-0000-0000-C000-000000000046,PSFactoryBuffer
00000327-0000-0000-C000-000000000046,objref
0000032E-0000-0000-C000-000000000046,PipePSFactory
00000507-0000-0010-8000-00AA006D2EA4,ADODB.Command
0000050B-0000-0010-8000-00AA006D2EA4,ADODB.Parameter
00000514-0000-0010-8000-00AA006D2EA4,ADODB.Connection
0000051A-0000-0010-8000-00AA006D2EA4,ADO 6.0
00000535-0000-0010-8000-00AA006D2EA4,ADODB.Recordset
00000541-0000-0010-8000-00AA006D2EA4,ADODB.Error
00000542-0000-0010-8000-00AA006D2EA4,ADODB Error Lookup Service
00000560-0000-0010-8000-00AA006D2EA4,ADODB.Record
00000566-0000-0010-8000-00AA006D2EA4,ADODB.Stream
00000602-0000-0010-8000-00AA006D2EA4,ADOX.Catalog.6.0
00000609-0000-0010-8000-00AA006D2EA4,ADOX.Table.6.0
00000615-0000-0010-8000-00AA006D2EA4,ADOX.Group.6.0
00000618-0000-0010-8000-00AA006D2EA4,ADOX.User.6.0
0000061B-0000-0010-8000-00AA006D2EA4,ADOX.Column.6.0
0000061E-0000-0010-8000-00AA006D2EA4,ADOX.Index.6.0
00000621-0000-0010-8000-00AA006D2EA4,ADOX.Key.6.0
00020000-0000-0000-C000-000000000046,Microsoft AVI Files
00020001-0000-0000-C000-000000000046,AVI Compressed Stream
00020003-0000-0000-C000-000000000046,Microsoft Wave File
0002000D-0000-0000-C000-000000000046,IAVIStream & IAVIFile Proxy
0002000F-0000-0000-C000-000000000046,ACM Compressed Audio Stream
00020420-0000-0000-C000-000000000046,PSDispatch
00020421-0000-0000-C000-000000000046,PSEnumVariant
00020422-0000-0000-C000-000000000046,PSTypeInfo
00020423-0000-0000-C000-000000000046,PSTypeLib
00020424-0000-0000-C000-000000000046,PSOAInterface
00020425-0000-0000-C000-000000000046,PSTypeComp
00020C01-0000-0000-C000-000000000046,Sound (OLE2)
00021400-0000-0000-C000-000000000046,Desktop
00021401-0000-0000-C000-000000000046,Shortcut
00021700-0000-0000-C000-000000000046,Microsoft Equation 2.0
00022601-0000-0000-C000-000000000046,Media Clip
00022602-0000-0000-C000-000000000046,Video Clip
00022603-0000-0000-C000-000000000046,MIDI Sequence
0002CE02-0000-0000-C000-000000000046,Microsoft Equation 3.0
0002DF01-0000-0000-C000-000000000046,Internet Explorer(Ver 1.0)
0002E005-0000-0000-C000-000000000046,Component Categories Manager
0002E006-0000-0000-C000-000000000046,Component Categories Manager With Class Store
0003000A-0000-0000-C000-000000000046,Bitmap Image
0003000B-0000-0000-C000-000000000046,Microsoft Equation
0003000D-0000-0000-C000-000000000046,Sound
0003000E-0000-0000-C000-000000000046,Media Clip
000C0126-0000-0000-C000-000000000046,Microsoft Office 12
000C101C-0000-0000-C000-000000000046,Msi install server
000C101D-0000-0000-C000-000000000046,Microsoft Windows Installer Message RPC
000C103E-0000-0000-C000-000000000046,PSFactoryBuffer
000C1090-0000-0000-C000-000000000046,Microsoft Windows Installer
0010890E-8789-413C-ADBC-48F5B511B3AF,User Notification
00220F32-85BA-4C70-ABCE-7723A8487BC2,Remote Tools for Visual Studio 8.0 Help 2.x Class
0029598F-26FA-46F7-953B-86E2947AB19F,Microsoft.SqlServer.Replication.ComErrorRecord
00393519-3A67-4507-A2B8-85146167ACA7,WPD Association LUA Virtual Factory
003E0278-ECA8-4BB8-A256-3689CA1C2600,Published Items Shell Service Object
00425CFE-0812-45F1-9545-37F1274FF031,Border Class
00597829-82CE-44D4-8B0B-40BE695973B5,WMPDMCServersManager Class
0067FB90-7438-3C85-BC86-1D2DDB4D08FD,Microsoft.Office.Interop.Outlook.OlMeetingRecipientType
0086C339-9C0E-4C09-9A2F-FF3D19A44A18,PSFactoryBuffer
0095B496-F121-4256-96A0-09179828CC16,CImeProductObject_JK Class
009F3B45-8A6B-4360-B997-B2A009A16402,XWizard Factory Generated Class (HomeGroup Update Passkey/Merge Hook Page)
00A77FF7-A514-493E-B721-CDF8CB0F5B59,Computer Info Advise
00B01B2E-B1FE-33A6-AD40-57DE8358DC7D,System.Security.Cryptography.HMACSHA1
00BB2763-6A77-11D0-A535-00C04FD7D062,Microsoft AutoComplete
00BB2764-6A77-11D0-A535-00C04FD7D062,Microsoft History AutoComplete List
00BB2765-6A77-11D0-A535-00C04FD7D062,Microsoft Multiple AutoComplete List Container
00BC7EAE-28D5-4310-BE9F-11526A7FA37F,ModemActivation Class
00C429C0-0BA9-11D2-A484-00C04F8EFB69,CrBlinds
00C6D95F-329C-409A-81D7-C46C66EA7F33,DefaultLocation
00DA2F99-F2A6-40C2-B770-A920F8E44ABC,Staging ShellFolder for CD Burning
00EEBF57-477D-4084-9921-7AB3C2C9459D,CD Burn Merged Folder
00F20EB5-8FD6-4D9D-B75E-36801766C8F1,PhotoAcqDropTarget
00F210A1-62F0-438B-9F7E-9618D72A1831,PhotoAcquireOptionsDialog
00F24CA0-748F-4E8A-894F-0E0357C6799F,PhotoProgressDialog
00F26E02-E9F2-4A9F-9FDD-5A962FB26A98,PhotoAcquire
00F29A34-B8A1-482C-BCF8-3AC7B0FE8F62,PhotoAcqDeviceSelectionDlg
00F2B433-44E4-4D88-B2B0-2698A0A91DBA,PhotoAcqHWEventHandler
00F2CE1E-935E-4248-892C-130F32C45CB4,PSFactoryBuffer
00F442C2-5C9E-4AE5-AF7D-FB4E0350C2E3,SkinPlasma Object
0101CF77-9631-3F52-A50D-51B5E9E3C02F,Microsoft.SqlServer.Management.UI.SqlExceptionMessageBox
011B3619-FE63-4814-8A84-15A194CE9CE3,WebDVD Device Segment
011BE22D-E453-11D1-945A-00C04FB984F9,WSecEdit Security Manager Class
011C605B-F976-3F97-8D7E-974D9F3CF7B4,Microsoft.AnalysisServices.MdxMissingMemberMode
0141559E-FC6F-4144-932F-56710E7B3416,Microsoft.AnalysisServices.MeasureGroupBinding
0149EEDF-D08F-4142-8D73-D23903D21E90,XDS Feature Segment
01513453-3660-43CA-9B90-86C8B3046D56,ExcelViewInfo Class
0156F1C5-5866-3EF3-B9FB-93398876A21F,Microsoft.SqlServer.Management.Nmo.EventField
01575CFE-9A55-4003-A5E1-F38D1EBDCBE1,MsCtfMonitor task handler
0157C635-9DC7-378F-A91A-4CF16FC483A1,Microsoft.Office.Interop.Access.AcExportXMLObjectType
016FD94E-B02A-4AB8-94C6-149FDAB56B8D,PSFactoryBuffer
01822ABA-23F0-4506-9BBC-680F5D6D606C,CLSID_ContactUserAccountChangeCallback
019F5207-513C-4EDE-9FD3-A5D62EDFADCA,TopNSort Class
019F7150-E6DB-11D0-83C3-00C04FDDB82E,Microsoft IME (Japanese)
01AFC156-F2EB-4C1C-A722-8550417D396F,Action Center PSFactory
01CBCF66-A9CA-4449-84DE-7F321232BBC7,html persistent handler for mapi email
01E04581-4EEE-11D0-BFE9-00AA005B4383,&Address
01F36CE2-0907-4D8B-979D-F151BE91C883,CFrameRateConvertDmo
01FA589E-5215-431C-9650-59CCC0442A58,VSTOApartmentShim
01FA60A0-BBFF-11D0-8825-00A0C903B83C,Encode CRL Distribution Points Class
01FE4A1F-CC5C-44AB-A1E6-CFBD9249146D,PSFactoryBuffer
01FF4E4B-8AD0-3171-8C82-5C2F48B87E3D,System.Runtime.Remoting.Metadata.SoapMethodAttribute
021003E9-AAC0-4975-979F-14B5D4E717F8,LocalCopyHelper
022DDB84-9758-3657-96F7-C02E218F5E68,Microsoft.SqlServer.Management.Smo.ShrinkMethod
023A36FC-E9D5-419E-824A-CDC66A116E84,Windows Firewall with Advanced Security
026CC6D7-34B2-33D5-B551-CA31EB6CE345,System.Collections.SortedList
02703D01-D9AB-422C-BBB7-37A0FABC7642,WCN NCD Pairing Handler Class
0273C57C-6693-4444-B20C-A62A3B185B7E,Device Display Objects Proxies
0276C5E0-FDDD-470D-957C-5A3E2438D7F5,PacketXCtrl Class
0289A7C5-91BF-4547-81AE-FEC91A89DEC5,Microsoft Windows Remote Shell Host
02A3586C-D264-40BF-97F7-FE40F7E3A882,Microsoft Virtual Disk Service Dynamic Provider
02A68152-A2BE-3F1B-8969-C0D923C855EB,Microsoft.SqlServer.Management.Smo.SqlAssembly
02ABF9E5-7CC7-33A0-8824-6C1547E6536D,Microsoft.SqlServer.Management.Nmo.SubscriptionEventRule
02B75489-40F6-3368-B7B6-33EA9DAE12B2,dao._DAOSuppHelp
02D3E6DC-E18F-4EFD-B0B6-777A0F0105EC,Tables Class
02DF6DB6-9405-4812-B3F6-500E8615B7AF,Registry Data Driven Command
02E0CAC0-13DC-4A4E-BF85-9CB9A6808A44,ConnectionDirectoryItem Class
02E6EC4C-96E4-42E8-B533-336916A0087D,PSFactoryBuffer
03022430-ABC4-11D0-BDE2-00AA001A1953,PSFactoryBuffer
031E4825-7B94-4DC3-B131-E946B44C8DD5,UsersLibraries
031EE060-67BC-460D-8847-E4A7C5E45A27,Windows Media Player Rich Preview Handler
0334611F-F68F-4FEF-BD0F-6FA06CEA69AB,TotallerRequestContext Class
0344EC28-5339-4124-A186-2E8EEF168785,MFSourceFilter
0365BE92-BD3F-47F5-8BB6-2EEF7AF5CAE7,SimpleInputItem Class
0369B4E5-45B6-11D3-B650-00C04F79498E,BDA Tuning Model Channel Tune Request
0369B4E6-45B6-11D3-B650-00C04F79498E,BDA Tuning Model ATSC Channel Tune Request
036A9790-C153-11D2-9EF7-006008039E37,Audio Mixer
03810693-6549-4CA2-9879-C59B0396D874,PromptingRequestInfo Class
03837511-098B-11D8-9414-505054503030,TraceDataProviderCollection
03837513-098B-11D8-9414-505054503030,TraceDataProvider
0383751C-098B-11D8-9414-505054503030,TraceSession
03837521-098B-11D8-9414-505054503030,DataCollectorSet
03837525-098B-11D8-9414-505054503030,DataCollectorSetCollection
03837526-098B-11D8-9414-505054503030,LegacyDataCollectorSet
03837527-098B-11D8-9414-505054503030,LegacyDataCollectorSetCollection
03837528-098B-11D8-9414-505054503030,LegacyTraceSession
03837529-098B-11D8-9414-505054503030,LegacyTraceSessionCollection
03837530-098B-11D8-9414-505054503030,TraceSessionCollection
03837531-098B-11D8-9414-505054503030,ServerDataCollectorSet
03837532-098B-11D8-9414-505054503030,ServerDataCollectorSetCollection
03837538-098B-11D8-9414-505054503030,BootTraceSession
03837539-098B-11D8-9414-505054503030,BootTraceSessionCollection
03837546-098B-11D8-9414-505054503030,ServerDataCollectorSet
03837547-098B-11D8-9414-505054503030,SystemDataCollectorSetCollection
038A9A32-25E8-429D-B05F-B17C4ADC6171,PSFactoryBuffer
039EA4C0-E696-11D0-878A-00A0C91EC756,Jet Expression Service
03A0E2CD-23A9-45ED-968F-6FDA22B2285E,New Network Category Custom Page
03ACC284-B757-4B8F-9951-86E600D2CD06,PrivateKey Class
03B5835F-F03C-411B-9CE2-AA23E1171E36,IMJPTIP
03B76F82-25ED-3F80-991F-73094301D831,Microsoft.SqlServer.Management.Smo.Agent.Job
03C036F1-A186-11D0-824A-00AA005B4383,Microsoft Shell Folder AutoComplete List
03C06416-D127-407A-AB4C-FDD279ABBE5D,BDA Tuning Model Digital Cable Locator
03C3C703-2664-4630-9141-954BB8274CA8,Values Class
03C93300-8AB2-41C5-9B79-46127A30E148,PSFactoryBuffer
03CA98D6-FF5D-49B8-ABC6-03DD84127020,Background Intelligent Transfer Control Class 2.5
03D935D9-B9E0-4356-925C-6AD11EAE4E4B,Setup Controller 12
03E15B2E-CCA6-451C-8FB0-1E2EE37A27DD,CTapiLuaLib Class
0408CDCA-DEC1-37CF-AF15-6073513E214F,Microsoft.SqlServer.Management.UI.WizardButton
0429EC6E-1144-4BED-B88B-2FB9899A4A3D,Custom Composition Segment from Data Services to XDS
042DC17C-023F-43DF-A3EC-982B4DC78A64,Schema Migration Plugin
045473BC-A37B-4957-B144-68105411ED8E,PSFactoryBuffer
04731B67-D933-450A-90E6-4ACD2E9408FE,CLSID_SearchFolder
047A9A40-657E-11D3-8D5B-00104B35E7EF,Microsoft Common Language Runtime Debugger Publisher
047DEC5A-95C1-4C86-827F-7B8C92EBA67A,PSFactoryBuffer
0482DDE0-7817-11CF-8A03-00AA006ECB65,KsDataTypeHandlerAnalogVideo
049F2CE6-D996-4721-897A-DB15CE9EB73D,Iris
04A1E553-FE36-4FDE-865E-344194E69424,Microsoft InkPicture Control
04A3A3CA-D69D-3240-AD12-EE4407A10AF5,Microsoft.SqlServer.Management.Smo.Agent.Alert
04A578B2-E778-422A-A805-B3EE54D90BD9,PSFactoryBuffer
04B55BC3-33DE-4D79-94EC-830CDF96CC82,WMPlayer ContentPropPage Class
04CCE2FF-A7D3-11D0-B436-00A0244A1DD2,ThreadManager Class
04E1311F-3F53-333F-8C9E-BDBF7E286AB8,Microsoft.SqlServer.Management.Smo.FragmentationOption
05238C14-A6E1-11D0-9A84-00C04FD8DBF7,PSFactoryBuffer
05300401-BCBC-11D0-85E3-00C04FD85AB4,MHTML Asynchronous Pluggable Protocol Handler
053796E7-CD0C-3662-91A0-77F670ACDD9F,Microsoft.AnalysisServices.ImpactAnalysisType
0543406E-6B9B-3770-B86A-E39FBC5DB744,Microsoft.SqlServer.Management.Nmo.InstanceDatabaseLogFile
054AAE20-4BEA-4347-8A35-64A533254A9D,UIHost Class
05589F80-C356-11CE-BF01-00AA0055595A,KsDataTypeHandlerVideo
05589FA1-C356-11CE-BF01-00AA0055595A,ActiveMovieControl Object
05589FAF-C356-11CE-BF01-00AA0055595A,Audio Renderer Property Page
055CB2D7-2969-45CD-914B-76890722F112,BDA Tuning Model MPEG2 Component Class (Broadcast Substream)
056440FD-8568-48E7-A632-72157243B55B,Explorer Navigation Bar
05AF0B9F-291E-3CF5-81E2-B6C7966A34B0,Microsoft.Office.Interop.Access.ProcKind
05BDC38E-5493-487A-A7FF-8CF2246ABC13,IE Background Task Scheduler
05D3B7FA-C00B-3188-B2F6-E43897CBED34,Microsoft.AnalysisServices.DataMiningMeasureGroupDimension
05DF8D13-C355-47F4-A11E-851B338CEFB8,CQueryAllWinSAT Class
05EBA309-0164-11D3-8729-00C04F79ED0D,"Cor IE Security Manager, CorIESecurityManager, CorIESecurityManager 1"
05F3561D-0358-4687-8ACD-A34D24C488DF,Health Center Control Panel
05F6FE1A-ECEF-11D0-AAE7-00C04FC9B304,IntDitherer Class
060AF76C-68DD-11D0-8FC1-00C04FD9189D,Seeking
061E706C-3677-360D-8DF2-2B774592C67D,Microsoft.AnalysisServices.DropOptions
06210E88-01F5-11D1-B512-0080C781C384,PSFactoryBuffer
06290BD0-48AA-11D2-8432-006008C3FBFC,Object under which scriptlets may be created
06290BD1-48AA-11D2-8432-006008C3FBFC,Constructor that allows hosts better control creating scriptlets
06290BD2-48AA-11D2-8432-006008C3FBFC,Factory bindable using IPersistMoniker
06290BD3-48AA-11D2-8432-006008C3FBFC,Moniker to a Windows Script Component
06290BD4-48AA-11D2-8432-006008C3FBFC,Object for encoding scriptlets
06290BD5-48AA-11D2-8432-006008C3FBFC,Object for constructing type libraries for scriptlets
06290BD8-48AA-11D2-8432-006008C3FBFC,Constructor for Scriptlet Automation Handler
06290BD9-48AA-11D2-8432-006008C3FBFC,Constructor for Scriptlet Event Handler
06290BDA-48AA-11D2-8432-006008C3FBFC,Constructor for Scriptlet ASP Handler
06290BDB-48AA-11D2-8432-006008C3FBFC,Constructor for Scriptlet Behavior Handler
063B79F5-7539-11D2-9773-00A0C9B4D50C,Microsoft COM+ Services Meta Data
063B79F6-7539-11D2-9773-00A0C9B4D50C,Microsoft COM+ Services Meta Data
063E2DE8-AA5B-46E8-8239-B8F7CA43F4C7,Device Emulator (IEmulatorVirtualMachineManager Interface)
064CB054-2518-474E-B2E8-200049528C42,RotService Class
0655E396-25D0-11D3-9C26-00C04F8EF87C,SpLexicon Class
06587E71-F043-403A-BF49-CB591BA6E103,AudioVolume Class
06622D85-6856-4460-8DE1-A81921B41C4B,COpenControlPanel
067B4B81-B1EC-489F-B111-940EBDC44EBE,WMDM CE Device Service Provider
06849E9F-C8D7-4D59-B87D-784B7D6BE0B3,Adobe PDF Reader Link Helper
06993B16-A5C7-47EB-B61C-B1CB7EE600AC,Create and edit Wired policies
06A03425-C9EB-11D2-8CAA-0080C739E3E0,Help Collection Wrapper Class
06A8C798-716B-38C1-8E7A-A3F9F7F39F50,Microsoft.SqlServer.Management.Smo.Column
06B32AEE-77DA-484B-973B-5D64F47201B0,VMR Mixer
06B81C12-A5DA-340D-AFF7-FA1453FBC29A,System.Security.Policy.AllMembershipCondition
06C792F8-6212-4F39-BF70-E8C0AC965C23,User Account Control Settings
06CCA63E-9941-441B-B004-39F999ADA412,MMEndpointManager class
06D5C954-B198-47E6-82DA-20FEBF69074D,DevExpress.ExpressApp.TemplateWizard.ExpressAppVBSolutionWizard
06E5E6D2-A54C-3E1E-B93E-9AF7E31482B8,Microsoft.SqlServer.Management.Smo.Login
06EEE695-542D-46F6-AEAB-FA2F1B2102D3,GameCleanupHandler Class
06EEE834-461C-42C2-8DCF-1502B527B1F9,URL Shortcut PropSetStorage Mapping
0700F42F-EEE3-443A-9899-166F16286796,HomeGroup Network
0713E8A2-850A-101B-AFC0-4210102A8DA7,"Microsoft TreeView Control, version 5.0 (SP2)"
0713E8A8-850A-101B-AFC0-4210102A8DA7,TreeView General Property Page Object
0713E8D2-850A-101B-AFC0-4210102A8DA7,"Microsoft ProgressBar Control, version 5.0 (SP2)"
0713E8D8-850A-101B-AFC0-4210102A8DA7,Progress Bar General Property Page Object
07252659-BB6B-4B79-B78B-623F6699A579,AudioConstrictor Class
07398DCF-2E0B-4ECE-99DD-56B262DB948B,Search Protocol URL Generator
078759D3-423B-48AD-AB6A-5638C2884DBE,Shell Undo Parent Unit
0795A4D0-2C10-34A0-A051-E2B82D34A88E,Microsoft.Office.Interop.Outlook.OlBodyFormat
0798E3C4-0753-3043-8D9D-8AC05ECA561D,Microsoft.AnalysisServices.ProtectionLevel
079AA557-4A18-424A-8EEE-E39F0A8D41B9,SAX XML Reader
07A774A0-6047-11D1-BA20-006097D2898E,Logagent Class
07A7F98A-4036-309D-9469-7933B36EFE18,Microsoft.SqlServer.Replication.MergeSessionDetail
07AA0886-CC8D-4E19-A410-1C75AF686E62,Onex  PLAP Credential Provider
07B1CFBA-5BEE-4AE6-AF6A-DE68DB150465,DTSagent Class 10.5
07B65360-C445-11CE-AFDE-00AA006C14F4,MIDI Renderer
07C45BB1-4A8C-4642-A1F5-237E7215FF66,IE Microsoft BrowserBand
07C9CB2C-F51C-47EA-B551-7DA02541D586,VSTO Persistence Word Component
07DC68FA-A15D-4E44-93DE-645060C7B469,HandWritingSkinProps Class
07F94112-A42E-328B-B508-702EF62BCC29,System.Runtime.InteropServices.COMException
08050DC9-A50F-3966-9BAE-A7A29DC83E6E,Microsoft.Office.Interop.Outlook.OlDaysOfWeek
080D0D78-F421-11D0-A36E-00C04FB950DC,ADs LDAP Pathname Descriptor Object
080E9492-1562-4D61-8E0E-F23100735938,KRDPLogger.clsKRDPLogger
08165EA0-E946-11CF-9C87-00AA005127ED,WebCheckWebCrawler
08229782-89C8-4028-BB74-75BB58EF1488,IP Security Monitor
08244EE6-92F0-47F2-9FC9-929BAA2E7235,Sharing Overlay (Private)
08295C62-7462-3633-B35E-7AE68ACA3948,System.ObsoleteAttribute
0834D5A7-7839-46DC-A2A2-92F7A934ADDA,SQLFunctions Class
0835F77A-B9B4-387D-AEBA-CAE90FA12D49,Microsoft.SqlServer.Management.Smo.Edition
083863F1-70DE-11D0-BD40-00A0C911CE86,ActiveMovie Filter Class Manager
083F2CD8-2F92-363A-A2C7-D3BAABD57332,Microsoft.SqlServer.Replication.ReplicationUserDefinedFunction
084BE1A3-2382-36E8-B606-B1D64A3D703F,Microsoft.Office.Interop.Access.AcObjectType
088B3BF5-E295-3F76-80D6-A50A2FE6DF9D,Microsoft.AnalysisServices.AggregationInstanceMeasure
08906185-C05A-4527-BEDE-097CB37115A9,FieldLinks Class
08A99E2F-6D6D-4B80-AF5A-BAF2BCBE4CB9,PropVariantCollection Class
08ACDE59-60D0-4343-992C-DD6A61C5EC8E,SimpleCommunicationChannel Class
08D5BFBF-FBCA-4322-9F70-CA9F66F8ED6A,CommonLayoutModifier
09017262-FDB4-4FF2-9013-26332C926EE7,Csc Sync
09050694-56B7-44D2-9086-1F0CBF3AD25C,VSTO Assembly
09144FD6-BB29-11DB-96F1-005056C00008,PBDA DTFilter
093FF999-1EA0-4079-9525-9614C3504B74,Windows Script Host Network Object
09474572-B2FB-11D1-A1A1-0000F875B132,MMCListPadInfo class
0955AC62-BF2E-4CBA-A2B9-A63F772D46CF,BDA Tuning Model MPEG2 Tune Request
095C017F-5C69-4FDB-BCD4-6EA180280339,Database Class
0968E258-16C7-4DBA-AA86-462DD61E31A3,PersistentZoneIdentifier
0977EEC5-10F7-44AE-A7FA-D4824EBA5C74,PrintersCacheManager Class
09799AFB-AD67-11D1-ABCD-00C04FC30936,Open With Context Menu Handler
097D5FF1-7EC6-3101-AB79-DB970DA6957E,Microsoft.SqlServer.Replication.PublicationArticle
098870B6-39EA-480B-B8B5-DD0167C4DB59,IE OpenService Manager
098F2470-BAE0-11CD-B579-08002B30BFEB,Null persistent handler
0997898B-0713-11D2-A4AA-00C04F8EEB3E,Common Places FS Folder
099EB543-64EB-4012-9966-0CD501484F65,FormulaSyntax Class
09A28848-0E97-4CEF-B950-CEA037161155,Remove Properties Drop Target
09A60795-31C0-3A79-9250-8D93C74FE540,System.Runtime.Remoting.Metadata.W3cXsd2001.SoapInteger
09AEB310-E5ED-4BA2-A58B-440FA42CB09C,Microsoft.AnalysisServices.ClrAssemblyFile
09C20568-F30C-489B-AE9C-4930AD7F165F,PSFactoryBuffer
09DBBC77-588F-4517-A485-74A29759F54C,PSFactoryBuffer
0A14D3FF-EC53-450F-AA30-FFBC55BE26A2,TokenActivation Class
0A16D195-6F47-4964-9287-9F4BAB6D9827,PSFactoryBuffer
0A288AB4-0B59-31AC-8294-A1BC7A5FFEBB,Microsoft.Office.Interop.Access.AcDataObjectType
0A29598F-69D9-4380-BA02-A784A5798FE0,Microsoft.AnalysisServices.MeasureGroup
0A29FF9E-7F9C-4437-8B11-F424491E3931,NDP SymBinder
0A3976C5-4529-4EF8-B0B0-42EED37082CD,NDP SymReader
0A522732-A626-11D0-8D60-00C04FD6202B,CLSID_CExchImport
0A886F29-465A-4AEA-8B8E-BE926BFAE83E,EapQecMessenger
0A88C858-7D0C-4549-9499-7DB05F0CB0BF,Share Home Group
0A97BD73-F83B-49DE-AB50-639C9BB32306,MultiColumnArea Class
0A9AE910-85C0-11D0-BD42-00A0C911CE86,AVI mux Property Page1
0AA02E8D-F851-4CB0-9F64-BBA9BE7A983D,AlchemyVis Class
0ADDA830-2C26-11D2-AD65-00A0C9AF11A6,MSM Merge Module COM Object
0AE2DEB0-F901-478B-BB9F-881EE8066788,NDP SymWriter
0AE89F03-C538-4471-9B12-A8E8EF246A0D,PSFactoryBuffer
0AEA3667-1039-43FF-8D21-B1A162090671,AppIdPolicyHelper Class
0AF10CEC-2ECD-4B92-9581-34F6AE0637F3,PortableDeviceManager Class
0AF96EDE-AEBF-41ED-A1C8-CF7A685505B6,Library Folder Context Menu
0AFACED1-E828-11D1-9187-B532F1E9575D,Folder Shortcut
0B124F8F-91F0-11D1-B8B5-006008059382,Installed Apps Enumerator
0B1433AF-760C-3BA6-883E-A2C6584387A4,Microsoft.SqlServer.Management.Smo.UserDefinedMessage
0B2C9183-C9FA-4C53-AE21-C900B0C39965,CLSID_PathCompleteProvider
0B2FEECB-1577-4FA6-9A29-BD9022EBCF90,CPPTPDiagHelper Object
0B3F871D-38D9-4677-8853-A247C6366483,RecoveryTaskDispatchServer Class
0B3FFB92-0919-4934-9D5B-619C719D0202,Broadcast Event Service
0B5A7836-4C16-4560-90B2-0F5DAF6D6D1B,FormHost Class
0B6D74FE-AD29-4C92-AC06-F06BC2F238A7,Microsoft Feeds Request
0B7EBB98-B30B-4A5C-A27C-E39D488221D0,AddObjectRequest Class
0B815464-6A50-3507-9677-0550C3798E14,Microsoft.SqlServer.Replication.SubscriptionSyncType
0B91A74B-AD7C-4A9D-B563-29EEF9167172,WpdSerializer Class
0BE35200-8F91-11CE-9DE3-00AA004BB851,Font Property Page
0BE35201-8F91-11CE-9DE3-00AA004BB851,Color Property Page
0BE35202-8F91-11CE-9DE3-00AA004BB851,Picture Property Page
0BE35203-8F91-11CE-9DE3-00AA004BB851,Standard Font
0BE35204-8F91-11CE-9DE3-00AA004BB851,Standard Picture
0BF754AA-C967-445C-AB3D-D8FDA9BAE7EF,SlideshowContextMenu
0BF9367B-6BFC-3E41-839A-37311C87FE60,Microsoft.SqlServer.Management.Smo.Credential
0BFCC060-8C1D-11D0-ACCD-00AA0060275C,DebugHelper Class
0BFCF7B7-E7B6-433A-B205-2904FCF040DD,New Shortcut Wizard Modal
0BFFF8F1-34F2-4408-8218-29E5D6E66014,Microsoft.AnalysisServices.Measure
0C075AE9-42AC-4BEF-87A1-85C1BFED9F1F,Primary Interop Assembly Wrapper Tool (9.0)
0C15D503-D017-47CE-9016-7B3F978721CC,PortableDeviceValues Class
0C1F87AE-AE62-11D3-911C-00105A17B608,DartStream Class
0C209677-473C-3972-BE36-56B7559E5C9E,Microsoft.SqlServer.Replication.ConnectionSecurityContext
0C3B05FB-3498-40C3-9C03-4B22D735550C,RasDlg LUA
0C5672F9-3EDC-4B24-95B5-A6C54C0B79AD,Rational Class
0C644DF4-157B-41BC-9C03-CCACB566AD21,ReportObject Class
0C7EFBDE-0303-4C6F-A4F7-31FA2BE5E397,AlphaImageLoader
0C7FE37A-B2A7-4793-87CC-2C81F373C0AD,Group Class
0C7FF16C-38E3-11D0-97AB-00C04FC2AD98,SQLOLEDB
0C9AC398-8C78-4B4B-B8C6-675ED1B734A1,IP Route Helper Class
0CA545C6-37AD-4A6C-BF92-9F7610067EF5,HNetCfg.FwOpenPort
0CBB5030-F2B2-4B38-8CBC-895CEC57DB03,Create 802.11 Ad hoc Task Class
0CBB5031-F2B2-4B38-8CBC-895CEC57DB03,Adhoc Create Adapter Selection Page Class
0CBB5032-F2B2-4B38-8CBC-895CEC57DB03,Adhoc Create Setup Page Class
0CBB5034-F2B2-4B38-8CBC-895CEC57DB03,Adhoc Create Status Page Class
0CBB5035-F2B2-4B38-8CBC-895CEC57DB03,Adhoc Create Finish Page Class
0CBB5036-F2B2-4B38-8CBC-895CEC57DB03,Adhoc Ics Option Page Class
0CBB5037-F2B2-4B38-8CBC-895CEC57DB03,Adhoc Ics Status Page Class
0CBB5038-F2B2-4B38-8CBC-895CEC57DB03,Adhoc Error Report Page Class
0CBB503A-F2B2-4B38-8CBC-895CEC57DB03,Adhoc Ics Finish Page Class
0CCFD0D9-36A6-46E7-982D-9E9DB4647BBA,PaneLocator Class
0CCFF91D-AE2D-43E2-84BB-D24A4248F1FA,FontDesc Class
0CD7A5C0-9F37-11CE-AE65-08002B2E1262,Cabinet Shell Folder
0CDB500E-123F-4E98-B446-0F3EAE3C7EBC,NetBt Helper Class
0CDCB228-4918-4C09-B6DF-E07C7D7455F4,Microsoft SQL Server Replication WebSync ISAPI Version 9.0
0CE3E86F-D5CD-4525-A766-1ABAB1A752F5,SideShowNotification Class
0CF32AA1-7571-11D0-93C4-00AA00A3DDEA,System Monitor Source Properties
0CF774D0-F077-11D1-B1BC-00C04F86C324,HTML Host Encode Object
0CF774D1-F077-11D1-B1BC-00C04F86C324,ASP Host Encode Object
0CFDD070-581A-11D2-9EE6-006008039E37,Generate Black Video
0D0D66EB-CF74-4164-B52F-08344672DD46,UPnP Service Provider Class
0D0E47ED-7220-411F-8F81-1118095DA5E7,Publication Services Change Data
0D17A350-6585-4F3D-B008-6827EBDE5D85,Microsoft.Vsa.Vb.CodeDOM.Location
0D23F8B4-F2A6-3EFF-9D37-BDF79AC6B440,System.Reflection.TargetException
0D2D57D6-A837-3581-ADA5-48F4886CD771,Microsoft.SqlServer.Management.Nmo.SubscriptionScheduledRule
0D41EBA2-17EA-4B0D-9172-DBD2AE0CC97A,SrDrvWuHelper Class
0D43FE01-F093-11CF-8940-00A0C9054228,FileSystem Object
0D4A91AB-2ED8-3772-BBCD-53431FF1D213,Microsoft.SqlServer.Replication.FilterTypes
0D52ABE3-3C93-3D94-A744-AC44850BACCD,System.Collections.Generic.KeyNotFoundException
0D6417E3-866C-4959-9816-4BF5B85CDAD7,MsasrUI Class
0D722F1A-9FCF-4E62-96D8-6DF8F01A26AA,SpShortcut Class
0D75C17B-186C-3B8B-8472-16F780F1FDFE,Microsoft.SqlServer.Management.Smo.UserDefinedDataType
0D81EA0D-13BF-44B2-AF1C-FCDF6BE7927C,Microsoft DocProp Custom Draw Progress Control
0DA7BFDF-C0A0-44EB-BE82-B7A82C4721DE,ARP CBS Uninstaller Proxy
0DAD2FDD-5FD7-11D3-8F50-00C04F7971E2,Microsoft ATSC Network Provider
0DBF789B-1C84-4A72-98BE-AC64BC8EF9B9,Microsoft.VisualStudio.Tools.Applications.DesignTime.ExternalDebugHelper
0DED49D5-A8B7-4D5D-97A1-12B0C195874D,IBDA_PinControl
0E2988ED-1DCB-44D0-B9E0-C3AE1D25BE8A,WlanDlg Suppress Autoplay Class
0E3BE0D7-030E-4CA3-A911-D86E24AE0A3C,TCImeComponentMgr
0E4EFFC0-2387-11D3-B372-00105A98B7CE,Microsoft.JScript.JSAuthor
0E59F1D5-1FBE-11D0-8FF2-00A0D10038BC,ScriptControl Object
0E5AAE11-A475-4C5B-AB00-C66DE400274E,Shell File System Folder
0E5CBF21-D15F-11D0-8301-00AA005B4383,&Links
0E6DCDDA-C768-344C-9A2E-19FAD2BC8F95,Microsoft.SqlServer.Replication.AgentProfileParameter
0E71F9BD-C109-3352-BD60-14F96D56B6F3,System.Runtime.Remoting.Metadata.W3cXsd2001.SoapNormalizedString
0E752416-F29E-4195-A9DD-7F0D4D5A9D71,Windows Firewall with Advanced Security
0E7C181C-16C8-308F-9661-13B6A21BFD8A,Microsoft.SqlServer.Management.Smo.EventType
0E890F83-5F79-11D1-9043-00C04FD9189D,DXSurface
0EAE5F66-0D1C-3AF3-97B8-89654DA66487,RedGate.Profiler.Engine.Project
0EBF0334-04A4-4C23-B105-88C81E7D0214,AlternateSyncPartner Class 9.0
0EDD4E11-1120-3D0E-BEE2-22EE4F447AFD,Microsoft.AnalysisServices.ConnectionException
0EEA25CC-4362-4A12-850B-86EE61B0D3EB,Microsoft DocProp Inplace Droplist Combo Control
0F021CF0-5793-11D6-A9BE-0001023E685F,Quantify Document
0F3ED1F2-AFDD-4B0C-B6D9-229C1BC58A08,IP Path Helper Class
0F3F9F91-C838-415E-A4F3-3E828CA445E0,FaxDocument Class
0F483045-46CE-4E4F-82F4-2184B051D7B6,Microsoft.AnalysisServices.DiscretizationMethod
0F60DFCF-F660-3653-8A5B-1B8E4DF48A72,RedGate.Profiler.Engine.COMPlusApplicationDefinition
0F87369F-A4E5-4CFC-BD3E-73E6154572DD,TaskScheduler class
0F92030A-CBFD-4AB8-A164-FF5985547FF6,SpTextSelectionInformation Class
0FB15084-AF41-11CE-BD2B-204C4F4F5020,PSFactoryBuffer
0FB40F0D-1021-4022-8DA0-AAB0588DFC8B,UPnPAutomationProxy
0FC988D4-C935-4B97-A973-46282EA175C8,PSFactoryBuffer
0FDE5092-AA2A-11D1-A7D4-0000F87571E3,Group Policy About Information
0FF66430-C796-3EE7-902B-166C402CA288,System.MemberAccessException
10020100-E260-11CF-AE68-00AA004A34D5,SQLDMO Application
10020200-E260-11CF-AE68-00AA004A34D5,SQLDMO Server
100202C1-E260-11CF-AE68-00AA004A34D5,SQLDMO Server
10020300-E260-11CF-AE68-00AA004A34D5,SQLDMO Database
100203C1-E260-11CF-AE68-00AA004A34D5,SQLDMO Database
10020400-E260-11CF-AE68-00AA004A34D5,SQLDMO Table
100204C1-E260-11CF-AE68-00AA004A34D5,SQLDMO Table
10020500-E260-11CF-AE68-00AA004A34D5,SQLDMO Column
100205C1-E260-11CF-AE68-00AA004A34D5,SQLDMO Column
10020700-E260-11CF-AE68-00AA004A34D5,SQLDMO View
100207C1-E260-11CF-AE68-00AA004A34D5,SQLDMO View
10020800-E260-11CF-AE68-00AA004A34D5,SQLDMO UserDefinedDatatype
100208C1-E260-11CF-AE68-00AA004A34D5,SQLDMO UserDefinedDatatype
10020900-E260-11CF-AE68-00AA004A34D5,SQLDMO Default
100209C1-E260-11CF-AE68-00AA004A34D5,SQLDMO Default
10020A00-E260-11CF-AE68-00AA004A34D5,SQLDMO Rule
10020AC1-E260-11CF-AE68-00AA004A34D5,SQLDMO Rule
10020B00-E260-11CF-AE68-00AA004A34D5,SQLDMO User
10020BC1-E260-11CF-AE68-00AA004A34D5,SQLDMO User
10020C00-E260-11CF-AE68-00AA004A34D5,SQLDMO Group
10020D00-E260-11CF-AE68-00AA004A34D5,SQLDMO StoredProcedure
10020DC1-E260-11CF-AE68-00AA004A34D5,SQLDMO StoredProcedure
10020E00-E260-11CF-AE68-00AA004A34D5,SQLDMO Index
10020EC1-E260-11CF-AE68-00AA004A34D5,SQLDMO Index
10020F00-E260-11CF-AE68-00AA004A34D5,SQLDMO DRI Key
10021000-E260-11CF-AE68-00AA004A34D5,SQLDMO Trigger
100210C1-E260-11CF-AE68-00AA004A34D5,SQLDMO Trigger
10021100-E260-11CF-AE68-00AA004A34D5,SQLDMO BackupDevice
10021300-E260-11CF-AE68-00AA004A34D5,SQLDMO Login
100213C1-E260-11CF-AE68-00AA004A34D5,SQLDMO Login
10021400-E260-11CF-AE68-00AA004A34D5,SQLDMO Language
10021500-E260-11CF-AE68-00AA004A34D5,SQLDMO RemoteServer
100215C1-E260-11CF-AE68-00AA004A34D5,SQLDMO RemoteServer
10021600-E260-11CF-AE68-00AA004A34D5,SQLDMO RemoteLogin
10021700-E260-11CF-AE68-00AA004A34D5,SQLDMO DRI Check
10021800-E260-11CF-AE68-00AA004A34D5,SQLDMO Server Group
10021900-E260-11CF-AE68-00AA004A34D5,SQLDMO Registered Server
10021C00-E260-11CF-AE68-00AA004A34D5,SQLDMO BulkCopy
10021CC1-E260-11CF-AE68-00AA004A34D5,SQLDMO BulkCopy
10021E00-E260-11CF-AE68-00AA004A34D5,SQLDMO DB Transfer
10021EC1-E260-11CF-AE68-00AA004A34D5,SQLDMO DB Transfer
10021F00-E260-11CF-AE68-00AA004A34D5,SQLDMO DB Backup
10021FC1-E260-11CF-AE68-00AA004A34D5,SQLDMO DB Backup
10022C00-E260-11CF-AE68-00AA004A34D5,SQLDMO File Group
10022CC1-E260-11CF-AE68-00AA004A34D5,SQLDMO File Group
10022D00-E260-11CF-AE68-00AA004A34D5,SQLDMO DB File
10022E00-E260-11CF-AE68-00AA004A34D5,SQLDMO Log File
10022EC1-E260-11CF-AE68-00AA004A34D5,SQLDMO Log File
10022F00-E260-11CF-AE68-00AA004A34D5,SQLDMO Server Role
10023100-E260-11CF-AE68-00AA004A34D5,SQLDMO Database Role
100231C1-E260-11CF-AE68-00AA004A34D5,SQLDMO Database Role
10023200-E260-11CF-AE68-00AA004A34D5,SQLDMO DB Restore
100232C1-E260-11CF-AE68-00AA004A34D5,SQLDMO DB Restore
10023300-E260-11CF-AE68-00AA004A34D5,SQLDMO LinkedServer
100233C1-E260-11CF-AE68-00AA004A34D5,SQLDMO LinkedServer
10023400-E260-11CF-AE68-00AA004A34D5,SQLDMO LinkedServerLogin
10023500-E260-11CF-AE68-00AA004A34D5,SQLDMO FullText Catalog
100235C1-E260-11CF-AE68-00AA004A34D5,SQLDMO FullText Catalog
10023700-E260-11CF-AE68-00AA004A34D5,SQLDMO UserDefinedFunction
10030100-E260-11CF-AE68-00AA004A34D5,SQLDMO TransPublication
100301C1-E260-11CF-AE68-00AA004A34D5,SQLDMO TransPublication
10030200-E260-11CF-AE68-00AA004A34D5,SQLDMO TransArticle
100302C1-E260-11CF-AE68-00AA004A34D5,SQLDMO TransArticle
10030300-E260-11CF-AE68-00AA004A34D5,SQLDMO TransSubscription
100303C1-E260-11CF-AE68-00AA004A34D5,SQLDMO TransSubscription
10030400-E260-11CF-AE68-00AA004A34D5,SQLDMO MergePublication
100304C1-E260-11CF-AE68-00AA004A34D5,SQLDMO MergePublication
10030500-E260-11CF-AE68-00AA004A34D5,SQLDMO MergeArticle
100305C1-E260-11CF-AE68-00AA004A34D5,SQLDMO MergeArticle
10030600-E260-11CF-AE68-00AA004A34D5,SQLDMO MergeSubscription
100306C1-E260-11CF-AE68-00AA004A34D5,SQLDMO MergeSubscription
10030700-E260-11CF-AE68-00AA004A34D5,SQLDMO DistributionPublisher
100307C1-E260-11CF-AE68-00AA004A34D5,SQLDMO DistributionPublisher
10030900-E260-11CF-AE68-00AA004A34D5,SQLDMO RegisteredSubscriber
10030B00-E260-11CF-AE68-00AA004A34D5,SQLDMO TransPullSubscription
10030BC1-E260-11CF-AE68-00AA004A34D5,SQLDMO TransPullSubscription
10031000-E260-11CF-AE68-00AA004A34D5,SQLDMO Replication
100310C1-E260-11CF-AE68-00AA004A34D5,SQLDMO Replication
10031100-E260-11CF-AE68-00AA004A34D5,SQLDMO MergePullSubscription
100311C1-E260-11CF-AE68-00AA004A34D5,SQLDMO MergePullSubscription
10031200-E260-11CF-AE68-00AA004A34D5,SQLDMO ReplicationSecurity
10031300-E260-11CF-AE68-00AA004A34D5,SQLDMO DistributionDatabase
100313C1-E260-11CF-AE68-00AA004A34D5,SQLDMO DistributionDatabase
10032100-E260-11CF-AE68-00AA004A34D5,SQLDMO DistributionPublication
100321C1-E260-11CF-AE68-00AA004A34D5,SQLDMO DistributionPublication
10033100-E260-11CF-AE68-00AA004A34D5,SQLDMO DistributionArticle
100331C1-E260-11CF-AE68-00AA004A34D5,SQLDMO DistributionArticle
10034100-E260-11CF-AE68-00AA004A34D5,SQLDMO DistributionSubscription
100341C1-E260-11CF-AE68-00AA004A34D5,SQLDMO DistributionSubscription
10035100-E260-11CF-AE68-00AA004A34D5,SQLDMO MergeSubsetFilter
10036100-E260-11CF-AE68-00AA004A34D5,SQLDMO MergeDynamicSnapshotJob
10040200-E260-11CF-AE68-00AA004A34D5,SQLDMO Operator
10040600-E260-11CF-AE68-00AA004A34D5,SQLDMO Alert
10040800-E260-11CF-AE68-00AA004A34D5,SQLDMO Job
10040900-E260-11CF-AE68-00AA004A34D5,SQLDMO JobStep
10041000-E260-11CF-AE68-00AA004A34D5,SQLDMO TargetServer
10041100-E260-11CF-AE68-00AA004A34D5,SQLDMO TargetServerGroup
10041500-E260-11CF-AE68-00AA004A34D5,SQLDMO Category
10041600-E260-11CF-AE68-00AA004A34D5,SQLDMO JobSchedule
10072CEC-8CC1-11D1-986E-00A0C955B42E,PeerDraw Class
100D062D-4823-4C3E-BE65-4DA9B82A874B,Microsoft.SqlServer.Setup.SetupBootstrapWizard
101193C0-0BFE-11D0-AF91-00AA00B67A42,Display
101A8FB9-F1B9-11D1-9A56-00C04FA309D4,CLSID_MessageStore
104846AB-42B1-4E38-A80D-136F78C3F258,Browser Progress Aggregator
1079AA2E-7BD8-3FDB-8CB3-A823F31D80BB,Microsoft.SqlServer.Management.Smo.DatabasePermissionSet
108296C1-281E-11D3-BD22-0000F80849BD,Pdb based CorSymWriter
1090CD1C-DC76-37FA-AF9D-F63BCDECAEDF,Microsoft.Office.Interop.Access.AcPrintColor
10BCEB99-FAAC-4080-B2FA-D07CD671EEF2,IE Recovery Store
10E2414A-EC59-49D2-BC51-5ADD2C36FEBC,PSFactoryBuffer
10ECFF1B-DA1D-3597-B677-225A4AF64FFC,Microsoft.SqlServer.Replication.MergeSessionPhase
10FEF81C-0DAA-4AF0-B714-1F1689C08C8C,DXVA Allocator
11016101-E366-4D22-BC06-4ADA335C892B,IE History and Feeds Shell Data Source for Windows Search
1108BE51-F58A-4CDA-BB99-7A0227D11D5E,Microsoft WBEM _IWmiCallSec Call Security Factory
11103421-354C-4CCA-A7A3-1AFF9A5B6701,MP3 ACM Wrapper MFT
1118F681-7218-4071-B478-90D898A7663A,FolderView General Property Page
112BC2E7-9EF9-3648-AF9E-45C0D4B89929,System.TypeLoadException
11581718-2434-32E3-B559-E86CE9923744,System.OperationCanceledException
1163D0CA-2A02-37C1-BF3F-A9B9E9D49245,System.Runtime.Remoting.Proxies.ProxyAttribute
116ABC1A-F7DB-45A7-ADDA-D5A57A08C6FF,Workspace Setup Input Page
116F8D13-101E-4FA5-84D4-FF8279381935,CompoundCondition Class
117F0AB6-1E61-4E31-B3BC-A9DB0AEB5049,VSTOInterop InteropAppDomainManager Object
11893292-300F-4B17-9BC3-F8890877C7BA,FetchDataDocumentRequest Class
1193372F-BF55-3503-9512-B6978BB03C8F,Microsoft.SqlServer.Management.Smo.PropertyNotSetException
11993195-1244-4840-AB44-480975C4FFE4,CFileIo
11D162B6-1CEA-4B4A-8037-2518ECD6554B,CLSID_FTItemContainer
11D5C91F-0A98-11D1-BB10-00C04FC9A3A3,Computer Management 1.0 Object
11D9C23C-73CC-3E5F-B092-5B155FF2F54E,Microsoft.SqlServer.Replication.TransArticle
11DBB47C-A525-400B-9E80-A54615A090C0,CLSID_ExecuteFolder
11FA8071-7F13-4F13-9525-D91CB627843F,VSTO Assembly90
1202DB60-1DAC-42C5-AED5-1ABDD432248E,Sync Center Client
120CED89-3BF4-4173-A132-3CB406CF3231,DirectSoundParamEqDMO
12367CF8-6222-4B34-8CA8-3CE703999E28,Share Command Execution
12518493-00B2-11D2-9FA5-9E3420524153,Mounted Volume
1277B60F-34D5-48D1-B7BB-59BCA9BC71A8,Microsoft MPEG-2 Multiplexer Encoder Property Page
127B4EBB-5328-4F6A-8A3B-72CF9BDA5F77,Microsoft.AnalysisServices.Cube
1299CF18-C4F5-4B6A-BB0F-2299F0398E27,PSFactoryBuffer
129D7E40-C10D-11D0-AFB9-00AA00B67A42,DV Muxer
12A5B9F0-7A1C-4FCB-8163-160A30F519B5,Notification Manager for VS7
12A66224-5E8A-4679-8941-0B9B960BF5EA,VistaWUWebControl Class
12BA069D-0FC6-4577-97C6-5DF634CE6E84,PSFactoryBuffer
12CE94A0-DEFB-11D2-B31D-00600893A857,Chinese_Simplified Word Breaker Resources
12D51199-0DB5-46FE-A120-47A3D7D937CC,DVD: Pluggable Protocol
12D73610-A1C9-11D3-BC90-00C04F72DF9F,SpITNProcessor Class
12DA6D0B-021F-4D79-8794-64145F503CA5,EAP Quarantine Enforcement Client Callback Component
12DD4DBB-532B-4FCE-8653-74CDB9C8FE5A,AudioMixer Class
12FC5E89-5446-4A7C-BA46-207A29E2945D,HomeGroup Confirm Page
12FC7B92-100B-3F9C-BB4C-04691752115C,Microsoft.SqlServer.Management.Smo.BackupRestoreBase
1300B184-D922-3ADF-A59B-824F12F7C2DF,Microsoft.AnalysisServices.UpdateMode
135698D2-3A37-4D26-99DF-E2BB6AE3AC61,IVolumeClient3_PSFactory
13639463-00DB-4646-803D-528026140D88,UpdateCollection Class
13709620-C279-11CE-A49E-444553540000,Shell Automation Service
1372A97E-2034-41EE-A6C1-1B68FAFA75A1,CLSID_ICommunityTransport
13A4BBE8-6527-40CB-A996-1602829541EF,Frame Automation Object
13AA3650-BB6F-11D0-AFB9-00AA00B67A42,DV Video Encoder
13AFA3A3-5687-487C-93F2-63D5DA468F4E,SkinStatic Object
13B37A2A-546B-47BF-BBCA-8AC97F1EBDCB,CMpeg2DataControl
13D3C4B8-B179-4EBB-BF62-F704173E7448,CLSID_ContactReadingPane
13DE4A42-8D21-4C8E-BF9C-8F69CB068FCA,E-Ink
13F0D45A-064F-32E6-9D1A-FA45AC102FB0,Microsoft.SqlServer.Replication.MergeJoinFilter
14010E02-BBBD-41F0-88E3-EDA371216584,CLSID_SearchFolderItemFactory
14074E0B-7216-4862-96E6-53CADA442A56,Library Icon Extract Extension
1409DAA6-23CE-4155-95DC-4CE0515A0FF6,TotallerNode Class
1424C9C8-7BE7-4CF2-A5E5-9DF2570341D5,FetchConnectionTableDetailInfoRequest Class
1438E821-B6D2-11D0-8D86-00C04FD6202B,CLSID_ApprenticeAcctMgr
1443904B-34E4-40F6-B30F-6BEB81267B80,cicero sapi layer speech ui server
145B4335-FE2A-4927-A040-7C35AD3180EF,SSDP Provider Class
146855FA-309F-3D0E-BB3E-DF525F30A715,System.Collections.Hashtable
146A47AB-A2CF-3587-BB25-2B286D7566B4,System.Globalization.NumberFormatInfo
14795A8F-78F3-47BD-ACB6-E767414FE293,Shell Apply Properties Undo Unit
14822709-B5A1-4724-98CA-57A101D1B079,VSWFCSFlavor Class
14834D34-8CEE-459E-8520-2264EC46E099,SharedHWProperties Class
148BD520-A2AB-11CE-B11F-00AA00530503,Scheduling Agent Task Object Class
148BD52A-A2AB-11CE-B11F-00AA00530503,Scheduling Agent Service Class
14910622-09D4-3B4A-8C1E-9991DBDCC553,System.Diagnostics.StackFrame
14BC6A7C-8335-36E8-BF3A-69F896F01678,Microsoft.SqlServer.Replication.ReplicationView
14BE6B21-C682-3A3A-8B24-FEE75B4FF8C5,System.Runtime.Remoting.Metadata.W3cXsd2001.SoapNmtokens
14CAA2A7-202C-437C-AD96-EEB541230826,PacketCollection Class
14CE31DC-ABC2-484C-B061-CF3416AED8FF,Authentication UI Shutdown Choices
14D4CBD9-7490-4F25-BAA6-1C5E22F6B1E3,PimcManager Class
14D7A407-396B-44B3-BE85-5199A0F0F80A,Media Foundation DShow Source Resolver
14DD9A1C-7CFF-41BE-B1B9-BA1AC6ECB571,MF AudCap Source Plug-in
14E12A78-5BD7-41CD-815B-CC5826265866,Microsoft.AnalysisServices.Translation
14F72955-EB8D-35EF-861E-4D68A1E9794F,Microsoft.SqlServer.Management.Smo.Endpoint
1502693C-D97B-3DAF-B7F5-FBB752187028,Microsoft.SqlServer.Replication.DdlReplicationOptions
1510FB87-5676-40B9-A227-5D0B66866F81,PSFactoryBuffer
1531D583-8375-4D3F-B5FB-D23BBD169F22,Windows TXT Previewer
1532553A-FE0F-4756-97A6-750D7595F647,Replication Schema Translation Component
15756BE1-A4AD-449C-B576-DF3DF0E068D3,Microsoft DocProp Hyperlink Control
15D633E2-AD00-465B-9EC7-F56B7CDF8E27,Tablet PC Input Panel
15D6504A-5494-499C-886C-973C9E53B9F1,BDA Tuning Model DVB Tune Request
15EAE92E-F17A-4431-9F28-805E482DAFD4,Install New Programs
15FD01A3-6E5D-4ECD-9EBD-1813CB3887A1,PSFactoryBuffer
163BB0AB-79C3-31C9-B566-3DA573047A61,Microsoft.Office.Interop.Outlook.OlActionCopyLike
1643E180-90F5-11CE-97D5-00AA0055595A,Color Space Converter
164484A9-35D9-4FB7-9FAB-48273B96AA1D,RadialWipe
1649B154-C794-497A-9B03-F3F0121302F3,PortableDeviceServiceFTM Class
1649D1CF-DEAF-4A68-ABE8-5C9F68572FD1,ExecuteAssociation
165D4642-1278-4486-A3FD-439F5888FCA3,Workspace Setup Message Page 2
167C0A56-C490-4623-9225-8FFDC546E56C,Top view restore default command invocation
1685D4AB-A51B-4AF1-A4E5-CEE87002431D,CLSID_GrepProvider
169A0691-8DF9-11D1-A1C4-00C04FD75D13,In-pane search
16B280C5-EE70-11D1-9066-00C04FD9189D,Fade
16B280C8-EE70-11D1-9066-00C04FD9189D,BasicImage
16C2C29D-0E5F-45F3-A445-03E03F587B7D,.group shell context menu
16C8CE5F-D358-439D-963F-A5AE3959D50B,ReportOptions Class
16CA4E03-FE69-4705-BD41-5B7DFC0C95F3,PSFactoryBuffer
16E7C275-B3E1-4DE9-9FA8-A8D101A8C938,Table Class
170BECA5-23A1-3D90-83BA-29F1085F2C83,Microsoft.SqlServer.Management.Nmo.InstanceDatabaseFileGroup
170EC3FC-4E80-40AB-A85A-55900C7C70DE,MsProgramProvider
172BDDF8-CEEA-11D1-8B05-00600806D9B6,Wbem Scripting Object Path
176961EC-FBFB-4288-B418-C80C86947481,CVPNDiagHelper Object
176D2931-4152-4363-84BC-911AA1C6C797,StringFieldFormat Class
176D323D-E591-4535-9A09-26F698E5AC5D,UserLexiconManager Class
176D6597-26D3-11D1-B350-080036A75B03,ICM Scanner Management
1770CDD6-DA49-419A-98BC-61575FCF1F71,AttachedDataDocumentRequest Class
179A0E9B-38A1-39E2-AE18-9AC4B7506916,Microsoft.SqlServer.Management.Nmo.SubscriptionField
179CC917-3A82-40E7-9F8C-2FC8A3D2212B,SPPLUAObject Class
17A898FB-3FC5-455C-87A9-DB06F9D0A557,ImeCommonAPIClassFactory
17B75166-928F-417D-9685-64AA135565C1,Image Transcode
17CCA71B-ECD7-11D0-B908-00A0C9223196,Generic WDM Filter Proxy
17D6CCD8-3B7B-11D2-B9E0-00C04FD8DBF7,DsObjectPicker
17E3A1C3-EA8A-4970-AF29-7F54610B1D4C,Certificates Class
17F2E344-8227-4AA7-A25A-E89424566BBA,PSFactoryBuffer
17FB3711-DE14-477F-8B81-32A9C11A6938,CImeCommonAPI Class
17FC1A80-140E-4290-A64F-4A29A951A867,OpenMediaSharing
1821B62A-B2A5-4E0A-98C5-9FA0D5BAAAEC,WMPDMCPlaylistsManager Class
182C40F0-32E4-11D0-818B-00A0C9231C29,COM+ Catalog Server
187463A0-5BB7-11D3-ACBE-0080C75E246E,WM ASF Reader
18845040-0FA5-11D1-BA19-00C04FD912D0,Microsoft HTML Load Options
18857954-8280-38F4-A63E-0D3CFD33C676,Microsoft.SqlServer.Replication.SubscriberSubscription
188A6C33-BBBA-3FE3-A58D-40437C21485A,Microsoft.SqlServer.Management.Smo.ForeignKey
18907F3B-9AFB-4F87-B764-F9A4E16A21B8,CLSID_ConditionAttribute
189BC8A8-A48D-4079-B108-D3300A909FE7,TextObjectFormat Class
18B1C7EE-68E3-35BB-9E40-469A223285F7,System.Runtime.Serialization.OnDeserializedAttribute
18BA7139-D98B-43C2-94DA-2604E34E175D,Microsoft.CLRAdmin.CData
18BB3D3F-8EE5-4A0C-9142-37F1E3882532,SAReqStatusSinkMarshaller class
18C628EE-962A-11D2-8D08-00A0C9441E20,Xml2Dex Class
18DF081C-E8AD-4283-A596-FA578C2EBDC3,Adobe PDF Link Helper
18E928EA-040A-47F3-B8A1-2EF1269AAFC7,Paragraphs Class
19268DA8-7B66-35E1-A6DF-5BF07B380D5D,Microsoft.SqlServer.Replication.BusinessLogicHandler
19352205-42B0-4690-9AA4-D7DB9AE5F259,Publication Services Change Data
193B4137-0480-11D1-97DA-00C04FB9618A,"Microsoft DTC Transaction Unmarshaller (private, internal)"
19603261-6059-43DF-B9E1-8B4352825A90,scanprofileui class
1968106D-F3B5-44CF-890E-116FCB9ECEF1,Application Registration UI
196F128D-DCE9-4090-B061-3D29C6CA32C2,Work Offline or Online
19916E01-B44E-4E31-94A4-4696DF46157B,InformationCardSigninHelper Class
19A76FE0-7494-11D0-8816-00A0C903B83C,Encode String Array Class
19C5F4B1-B137-3E2A-BD2D-EFDA24D90253,Microsoft.SqlServer.Management.Smo.PrivilegeTypes
19C81748-7CA2-342A-8840-EBA2B62687AE,Microsoft.SqlServer.Management.Smo.SqlVerifyAction
19E6E148-BAEC-11D2-B03A-EAFC20524153,CCRP BrowseDialog Class (VB6)
19E6E14F-BAEC-11D2-B03A-EAFC20524153,CCRP BrowseDialog Folder Class
1A0391BF-9564-4294-B0A4-06C298929EF9,Share Specific Users
1A06A4DC-E239-3717-89E1-D0683F3A5320,System.Globalization.KoreanCalendar
1A184871-359E-4F67-AAD9-5B9905D62232,Microsoft Windows Font Context Menu Handler
1A1F4206-0688-4E7F-BE03-D82EC69DF9A5,Sync Center Control
1A3DAB5B-71F5-4FE9-ADF2-A56D198B1B92,VSEE Versioning Enlistment Manager Proxy Data Source
1A56451B-1315-4012-861E-8587333DD631,WMEnc Screen Capture Filter
1A5AC6AE-7B95-478C-B422-0E994FD727D6,Microsoft Visual Studio DTE Object
1A5D1111-F0FA-46B4-A048-C4328E7DD2BB,Microsoft.AnalysisServices.DegenerateMeasureGroupDimension
1A6FE369-F28C-4AD9-A3E6-2BCB50807CF1,Developer Tools
1A8766A0-62CE-11CF-A5D6-28DB04C10000,WDM Streaming Standard Interface Handler
1AB83BD1-B7C2-3FB3-AE15-FE6BF0B8B0AF,Microsoft.SqlServer.Management.Smo.Trigger
1AC66142-B805-3C20-A589-49CC6B80E8FB,Microsoft.CLRAdmin.CWizardPage
1AF81E4E-FC45-48EE-B236-A2A663494390,Out Of Proc Mapi Handler
1B0D2365-B3A3-4759-9533-D6861E86DE32,IUninstallProvider_PSFactory
1B1A897E-FBEE-41CF-8C48-9BF764F62B8B,SoftKbd Class
1B1CAD8C-2DAB-11D2-B604-00104B703EFD,Microsoft WBEM (non)Standard Marshaling for IEnumWbemClassObject
1B2AFB92-0B5E-4A30-B5CC-353DB4F9E150,SpSapiServer Class
1B4B4AC8-BA66-47C2-914E-F3ECABD54C05,Microsoft.AnalysisServices.PerspectiveAttribute
1B544C20-FD0B-11CE-8C63-00AA0044B51E,AVI Splitter
1B544C22-FD0B-11CE-8C63-00AA0044B51E,VFW Capture Filter
1B544C22-FD0B-11CE-8C63-00AA0044B51F,VFW Capture Filter Property Page
1B544C24-FD0B-11CE-8C63-00AA0044B520,DirectX Transform Wrapper Property Page
1B57B2A1-E763-4676-9064-297F1B413632,SpMMAudioInLegacy Class
1B6FC61A-648A-4493-A303-A1A22B543F01,WSecEdit RSOP Security Settings Class
1B7D4AD0-A1B1-43A8-9A46-FB36AB4C1868,WMPDMCDevice Class
1B853961-709F-3F3A-A370-E7C13CA044D1,Microsoft.Office.Interop.Access.AcSection
1B979846-AAEB-314B-8E63-D44EF1CB9EFC,System.Diagnostics.DebuggerStepperBoundaryAttribute
1B9F2BF2-27F5-4DEC-A175-3CF7BB8CFD3E,IP Address Helper Class
1BA783C1-2A30-4AD3-B928-A9A46C604C28,Create New Link
1BB05961-5FBF-11D2-A521-44DF07C10000,XML Graphbuilder
1BC4FA57-AEBC-4152-BD7A-075EE0B96381,VCMacroPicker Class
1BC972D6-555C-4FF7-BE2C-C584021A0A6A,Software installation
1BCDC48A-FA10-4E2B-BAD2-F63A93A5C20C,NeoCalendarII.cMDC
1BE1F766-5536-11D1-B726-00C04FB926AF,EventSystemTier2
1BE49F30-0E1B-11D3-9D8E-00C04F72D980,BDA Tuning Model Language Component Type Class (Broadcast Substream Type)
1BF18D30-223C-4E0F-9074-C78C1256FD43,Windows Media Player WMEncAdvancedStreamEdit Class
1C00961D-C97E-4B83-B309-025FA87CAEE6,GroupNameField Class
1C0F439D-7C29-4BDE-8952-4EEB6A49E048,CLSID_GrepWdsResolver
1C12BD40-0BA6-369D-AC31-A5200F6AE7CF,Microsoft.SqlServer.Replication.IdentityRangeInfo
1C15D484-911D-11D2-B632-00C04F79498E,Legacy Analog TV Tuner Device Segment
1C1800C1-3258-44C2-BE80-3DEADB6C5E39,CLSID_KindDescriptionFactory
1C1EDB47-CE22-4BBB-B608-77B48F83C823,IE Fade Task
1C3B4210-F441-11CE-B9EA-00AA006B1A69,Microsoft Forms 2.1 DataObject
1C5221CB-C1F6-4999-8936-501C2023E4CD,Bluetooth FD Provider
1C5346B8-63E1-4C2B-B125-3C5DB94E946C,TC IME7 Dictionary Applet
1C621200-67B2-11D2-9EEB-006008039E37,Black Generator Property Page
1C82EAD9-508E-11D1-8DCF-00C04FB951F9,Windows Mail Mime Editor
1C97EF1D-74ED-3D21-84A4-8631D959634A,System.Runtime.Serialization.OptionalFieldAttribute
1C9A416D-B88A-4400-A746-04E0C804D727,Crystal Decisions DTS connection 10.5
1CEBDE3E-6B91-484A-AF48-5E4F4ED6B1E1,DirectMusic Script AutoImp AudioPathConfig
1CF74B10-DB19-32FC-809B-B2D9996B928D,Microsoft.SqlServer.Management.Smo.NumberedStoredProcedureParameter
1CF7F0C6-F03F-3303-A771-E30B9C256AD5,Microsoft.SqlServer.Management.Smo.Wmi.ProviderArchitecture
1CFC4CDA-1271-11D1-9BD4-00C04FB683FA,Encode Alternate Name Class
1D0191C5-F6EF-47AC-82E9-7CE841BBD0EF,Microsoft Visual Web Developer 12.0 Editor Window
1D04DE03-0954-496F-B122-EE66C2DE653A,Microsoft.AnalysisServices.AggregationDesignAttribute
1D09B407-A97F-378A-ACCB-82CA0082F9F3,System.Runtime.Hosting.ApplicationActivator
1D16438C-54DC-404F-83A9-C041E77A32DD,DTC Transaction Stats Control
1D1F0730-0748-4B5F-81DF-865694BD07AC,IE OrderListExport
1D2680C9-0E2A-469D-B787-065558BC7D43,Fusion Cache
1D27F844-3A1F-4410-85AC-14651078412D,CompatContextMenu Class
1D428C79-6E2E-4351-A361-C0401A03A0BA,PSFactoryBuffer
1D6322AD-AA85-4EF5-A828-86D71067D145,UIAnimationTransitionLibrary
1D868ADB-2C0B-3C99-8363-087C40ED6682,Microsoft.SqlServer.Management.Smo.BackupDeviceList
1D8A9B47-3A28-4CE2-8A4B-BD34E45BCEEB,UPnPDescriptionDocument Class
1D9AB9F9-52C4-399F-BE27-88970A7DD534,Microsoft.Office.Interop.Outlook.OlBusyStatus
1DA08500-9EDC-11CF-BC10-00AA00AC74F6,VGA 16 color ditherer
1DB68FCC-3C8C-49DB-8C76-9A89DE76B8CF,WMPDMCDevicesManager Class
1DCB3A00-33ED-11D3-8470-00C04F79DBC0,PSFactoryBuffer
1DF7D126-4050-47F0-A7CF-4C4CA9241333,BDA Tuning Model DVB Satellite Locator
1E07C845-8B5F-41DA-9B38-E19C62B28B06,Microsoft SQL Server Replication SyncMgr Handler Version 9.0
1E1714A3-50B9-480B-A94A-636D9A9B56D1,Shell Indexer Admin Object
1E186BFB-6C2E-4F35-B0AA-6686A5A134E2,Crystal Favorites Shortcut
1E1DAECB-F640-416D-96A3-2BC8AFDF6059,IUninstallElevatedHandler_PSFactory
1E30E50A-5BFD-3519-BE15-F1B102DE2A39,Microsoft.SqlServer.Management.Smo.RelocateFile
1E3D786D-BE27-4C3B-B139-49A43155C9C7,Microsoft.AnalysisServices.Dimension
1E4CEC13-76BD-4CE2-8372-711CB6F10FD1,XML Paper Specification Filter
1E4E4BC1-0135-42CA-B099-D9F621F2F825,NeoCalendarII.DatePicker
1E5300BE-0762-4527-8140-C0FF22DDFC56,Parental Controls Override
1E54333B-2A00-11D1-8198-0000F87557DB,DXLUTBuilder
1E589E9D-8A8D-46D9-A2F9-E6D4F8161EE9,MF MPEG Property Handler
1E651CC0-B199-11D0-8212-00C04FC32C45,Memory Allocator
1E66F26B-79EE-11D2-8710-00C04F79ED0D,"Cor MIME Filter, CorFltr, CorFltr 1"
1E6ADC03-1A05-4DF0-B627-3DAE0F6DA188,Microsoft SQL Merge 9.0
1E887B90-7201-431D-820E-36AA566E52F4,Tcp Window Scaling Helper Class
1E8F0D70-7399-41BF-8598-7949A2DEC898,Microsoft DocProp Boolean Control
1E94E93C-852D-47FB-9197-7EDEB41101B0,IPHTTPS Helper Class
1EA1EA14-48F4-4054-AD1A-E8AEE10AC805,Resizer DMO
1EA5FB56-9EE8-47DC-8998-F45585C2E3E0,MFPlay Class Factory
1EC2DE53-75CC-11D2-9775-00A0C9B4D50C,Microsoft Common Language Runtime Meta Data
1EEB5B5A-06FB-4732-96B3-975C0194EB39,Itemsview
1EFB8513-0359-49D5-A48A-CBE71FED731D,KiwiSubtmr.KiwiISubclass
1F05AB72-8A70-4270-846F-6CB40FB0B9ED,Report Object
1F09B058-F3FD-4A9D-A8BA-A8A05F8FE283,DTC MMC Property-sheet extension
1F17C39C-99D5-37E0-8E98-8F27044BD50A,System.Security.Cryptography.DSASignatureDeformatter
1F1F4E1A-2252-4063-84BB-EEE75F8856D5,WM Speech Encoder DMO
1F247DC0-902E-11D0-A80C-00A0C906241A,Content Index ISearch Creator Object
1F26A602-2B5C-4B63-B8E8-9EA5C1A7DC2E,SBE2MediaTypeProfile
1F2E5C40-9550-11CE-99D2-00AA006E086C,Security Shell Extension
1F3427C8-5C10-4210-AA03-2EE45287D668,User Pinned
1F3D8AA5-9EBF-4EE4-85C2-EA40379AEDE8,CScriptedDiag
1F486A52-3CB1-48FD-8F50-B8DC300D9F9D,Memory Mapped Cache Mgr
1F69F884-285E-418E-9715-B9EEE402DD5F,DExplore Application Object
1F72FE7D-1214-43F4-8A5C-B8D18FB21E80,DateGroupOptions Class
1F7D1BE9-7A50-40B6-A605-C4F3696F49C0,ThirdPartyEapDispatcherPeerConfig
1F849CCE-2546-4B9F-B03E-4004781BDC40,CLSID_ExplorerLauncher
1F87137D-0E7C-44D5-8C73-4EFFB68962F2,Microsoft WMI Provider Subsystem Secured Host
1F9F18A3-EFC0-3913-84A5-90678A4A9A80,System.Security.Cryptography.RijndaelManaged
1FA5F69C-E8D4-333A-9054-AA7B3A154001,Microsoft.AnalysisServices.ImpersonationInfoSecurity
1FA9085F-25A2-489B-85D4-86326EEDCD87,Manage Wireless Networks
1FB2A002-4C6C-4DE7-85C2-CB8DB9A4F728,Microsoft Disk Quota UI Elevation Helper
1FD4BC0F-83C5-3CFC-98AB-B7A1789D5D85,Microsoft.Office.Interop.Access.AcWindowMode
1FDA955B-61FF-11DA-978C-0008744FAAB7,Detection And Sharing
1FDA955C-61FF-11DA-978C-0008744FAAB7,PSFactoryBuffer
1FE45ED3-B842-4CF2-8DF6-43E3D6D10E64,audiokscaptureendpoint class
1FF240B5-DD4C-332C-A281-D8A0E7D59BBC,Microsoft.SqlServer.Management.Smo.SoapPayloadMethod
20051D1B-321F-3E4D-A3DA-5FBE892F7EC5,System.Security.Cryptography.HMACRIPEMD160
20076C7E-4851-41ED-9EB8-F4E5F2BB0286,PSFactoryBuffer
20347534-760B-464D-B572-285E6B618257,SSCE Error Object
203B1EED-DB9F-40FB-87BD-1990982017D2,WMSDK NamespaceFactory Class
20404060-F24F-4F89-84C6-8AF80B0A17CB,AudioKSRenderEndpoint Class
204810B9-73B2-11D4-BF42-00B0D0118B56,UPnPRegistrar
2048EEE6-7FA2-11D0-9E6A-00A0C9138C29,Microsoft OLE DB Row Position Library
204D5A28-46A0-3F04-BD7C-B5672631E57F,System.Runtime.InteropServices.PreserveSigAttribute
205D7A97-F16D-4691-86EF-F3075DCCA57D,IE Menu Desk Bar
2087C2F4-2CEF-4953-A8AB-66779B670495,WinHttpRequest Component version 5.1
208D2C60-3AEA-1069-A2D7-08002B30309D,Network
20B1876B-5B28-4922-A1A4-FC8C43514702,ConnectionInfos Class
20B1CB23-6968-4EB9-B7D4-A66D00D07CEE,Folder View Host
20CCEF1E-0185-41A5-A933-509C43B54F98,ShdocvwBroker
20CD9315-87D0-40B4-B925-0A8F208E1F8D,ImeCommonAPI_KOR_Desktop_V1 Class
20D04FE0-3AEA-1069-A2D8-08002B30309D,Computer
20EDB660-7CDD-11CF-8DAB-00AA006C1A01,Internet Explorer Ratings Downloader
21167137-B7E3-40B6-8863-8386E8C05716,XWizard Factory Generated Class
212690FB-83E5-4526-8FD7-74478B7939CD,Microsoft DTV-DVD Video Decoder
212B3A61-40A5-4CE9-A46E-0B30768D60E8,Microsoft.AnalysisServices.ColumnBinding
21557107-FAED-40E2-93D0-D5F16A43CA35,ReportDocument Class
215B77BA-853F-48C4-8DC4-024E0D68A812,SBE Stats - sender side
2163FCD6-BA09-4DF8-86F8-8B577F78C8B1,ParameterFieldDiscreteValue Class
216C62DF-6D7F-4E9A-8571-05F14EDB766A,Microsoft DVBT Network Provider
217FC9C0-3AEA-1069-A2DB-08002B30309D,Shell Copy Hook
2183DACA-D0BF-4A31-97F7-B87618A81955,IE Shared Task Scheduler
218C5B6B-4FFE-3F6D-B640-9791BEBC2B36,Microsoft.Office.Interop.Access.AcFormOpenDataMode
21A58585-9A52-443E-AAA2-F7AFF725877D,ChartObject Class
21B22460-3AEA-1069-A2DC-08002B30309D,File Property Page Extension
21B401CB-4254-3A23-BC85-559798CAF0D3,Microsoft.SqlServer.Management.Smo.SqlServerVersions
21D6D48E-A88B-11D0-83DD-00AA003CCABD,TAPI Class
21EC2020-3AEA-1069-A2DD-08002B30309D,All Control Panel Items
21F5A790-53EA-3D73-86C3-A5BA6CF65FE9,System.Runtime.Remoting.ObjRef
2206CDB0-19C1-11D1-89E0-00C04FD7A829,MSDAINITIALIZE Class
2206CDB2-19C1-11D1-89E0-00C04FD7A829,Microsoft OLE DB Service Component Data Links
2206CDB3-19C1-11D1-89E0-00C04FD7A829,MSDASC Error Lookup
2206D773-CA1C-3258-9456-CEB7706C3710,System.Globalization.HebrewCalendar
220898A1-E3F3-46B4-96EA-B0855DC968B6,Play music command
22139520-9191-4A87-81AB-6A1035DB969B,Microsoft.AnalysisServices.Perspective
223E7283-D39D-40D9-9BE9-AA61A39FBC5E,Unsecured Net Connect Page Class
227188DB-3179-4FDF-AF3A-DA3B85A0B3CC,ImeCommonAPIClassFactory_KOR_Desktop_V1 Class
227EC397-6791-4AC6-A762-2F70F99015C2,IAS Netsh XML Helper
228136B0-8BD3-11D0-B4EF-00A0C9138CA4,Catalog Class
228136B8-8BD3-11D0-B4EF-00A0C9138CA4,Cellset Class
22877A6D-37A1-461A-91B0-DBDA5AAEBC99,Recent Places Folder
228D9A81-C302-11CF-9AA4-00AA004A5691,LDAP Provider Object
228D9A82-C302-11CF-9AA4-00AA004A5691,LDAP Namespace Object
2291478C-5EE3-4BEF-AB5D-B5FF2CF58352,MSVidCtl SBE Source to iTV Composition Segment
22A85CE1-F011-4231-B9E4-7E7A0438F71B,Utilities Class
22B6E688-B3A5-44FC-B0CE-69F20653CD61,Workspace Setup Finish Page
22BDC741-73F0-41DB-9463-E343DEF3E376,PSFactoryBuffer
22C6C651-F6EA-46BE-BC83-54E83314C67F,Folder Infotip
22D6F312-B0F6-11D0-94AB-0080C74C7E95,Windows Media Player
22D8B4F2-F577-4ADB-A335-C2AE88416FAB,PSFactoryBuffer
22E5FCA2-9C7C-4239-8AED-4D0623F532D8,CMigrationPlugin Object
230CF730-B550-4D6D-A7EA-F62F0DD673BB,CompoundRequest Class
2331D136-E39D-4019-92D6-7CE5579962FB,Sensors Sensor Configuration Helper
233664B0-0367-11CF-ABC4-02608C9E7553,ADs Namespaces Object
233A9694-667E-11D1-9DFB-006097D50408,Windows Mail Address Book
23571E11-E545-4DD8-A337-B89BF44B10DF,PSFactoryBuffer
235AD924-42A5-40AD-911A-13A26E0B5B86,Procedure Class
23613363-0028-431D-A49E-A3CD482D3926,Start Menu Group PolicyFilter
23B3EC1A-AD5C-31CC-8E8E-C37EF52907CF,Microsoft.SqlServer.Replication.ReplicationServer
23CE68CA-EEC2-4488-93A9-2E9A20C2C17A,Microsoft.AnalysisServices.NullProcessing
23CF860E-9D2C-451A-8E83-C79C848D85A6,PSFactoryBuffer
23DAF0A2-9940-3977-8394-687E830F40B5,Microsoft.AnalysisServices.ProactiveCachingQueryBinding
23E26328-3928-40F2-95E5-93CAD69016EB,ZigZag
24073627-4F6F-3626-B683-1E889E3E38FA,Microsoft.Office.Interop.Outlook.OlRecurrenceType
240E340B-D20B-4D44-B3A1-B4CD22BAA938,Microsoft.AnalysisServices.RestoreLocationCollection
242025BB-8546-48B6-B9B0-F4406C54ACFC,InkSettings Class
24264891-E80B-4FD3-B7CE-4FF2FAE8931F,PSFactoryBuffer
24400D16-5754-11D2-8218-00C04FB687DA,Index Cleaner Prop Bag
24540EBC-316E-35D2-80DB-8A535CAF6A35,System.Runtime.Remoting.RemotingException
245C7F98-1DC8-4A30-86C9-F0FE277AE773,ReportPartNavigationRequestContext Class
2476FBA6-E149-48D9-95B5-A3AABA476D68,Microsoft.AnalysisServices.RootIfValue
247B8E26-41E3-460F-9996-F174511341D5,Microsoft.AnalysisServices.ClrAssembly
24800CD0-0F4E-4DF7-9F69-3C6903C89224,Microsoft Visual Basic Scripting Engine
24846AAE-7D60-46DC-BCAA-185BC55E0D78,KiwiSDTaskEngine.Archiver
248DD896-BB45-11CF-9ABC-0080C7E7B78D,"Microsoft WinSock Control, version 6.0"
248DD897-BB45-11CF-9ABC-0080C7E7B78D,Winsock General Property Page Object
2498E5C7-7A27-3ACB-8C86-FFF0EFECD57C,Microsoft.AnalysisServices.AnnotationVisibility
24AB8A9E-6C81-41DA-8D5C-5B99A3A62DAE,VSTO 2005 Addins Loader
24D568C5-F3AE-4F91-9CD9-AA18876DA7C2,Homegroup Control Panel
24DC3975-09BF-4231-8655-3EE71F43837D,Video Mixing Renderer 9 Device Segment
24DF8C23-0798-3D03-95ED-4752471B4F6C,Microsoft.SqlServer.Management.Nmo.NotificationClassProtocol
24E669E1-E90F-4595-A012-B0FD3CCC5C5A,Causality Manager for VS7 debugger
24EADBD9-FD99-3C9F-9F17-9C1BE6CD0C6C,Microsoft.SqlServer.Replication.CheckPermissionOptions
24EEC005-3938-3C71-821D-7F68FD850B2D,System.Runtime.Remoting.Messaging.RemotingSurrogateSelector
24FF4FDC-1D9F-4195-8C79-0DA39248FF48,Quarantine Private SHA Binding class
250E91A0-0367-11CF-ABC4-02608C9E7553,WinNT Namespace Object
25150040-B8F1-418E-AF61-B51071AC1EE2,IEnumExplorerCommand Object On Menu
251E2A05-C903-4707-B1BA-31A8BA99DBD4,Application Verifier Remote Debug Engine Helper
25256C24-3B75-49B3-A433-4BB2F8865896,CLSID_StartMenuProvider
25336920-03F9-11CF-8FD0-00AA00686F13,HTML Document
25336921-03F9-11CF-8FD0-00AA00686F13,Microsoft HTML Document 6.0
25585DC7-4DA0-438D-AD04-E42C8D2D64B9,Client application shell extension
2559A1F0-21D7-11D4-BDAF-00C04F60B9F0,Search
2559A1F1-21D7-11D4-BDAF-00C04F60B9F0,Help and Support
2559A1F2-21D7-11D4-BDAF-00C04F60B9F0,Windows Security
2559A1F3-21D7-11D4-BDAF-00C04F60B9F0,Run...
2559A1F5-21D7-11D4-BDAF-00C04F60B9F0,E-mail
2559A1F7-21D7-11D4-BDAF-00C04F60B9F0,Set Program Access and Defaults
25642426-028D-4474-977B-111BB114FE3E,PSFactoryBuffer
25805ED0-E333-3632-A2A3-93963AD5F0A4,Microsoft.SqlServer.Management.Smo.SortOrder
259599BA-99D1-4131-8CF3-D38CF804206C,VSTOCTPHostX Class
25983561-9D65-49CE-B335-40630D901227,"Microsoft IMAPI v2, Raw CD Image Creator"
25AB468C-3974-4075-BE50-193135461727,Show/hide menu bar command invocation
25BAAD81-3560-11D3-8471-00C04F79DBC0,MediaDevMgr Class
25CBB996-92ED-457E-B28C-4774084BD562,GenericProvider
25CD096F-C0FE-4F04-8E01-2DBBC132FBF9,Area Class
25E609E0-B259-11CF-BFC7-444553540000,Microsoft DirectInput
25E609E1-B259-11CF-BFC7-444553540000,Microsoft DirectInputDevice
25E609E4-B259-11CF-BFC7-444553540000,Microsoft DirectInput8
25E609E5-B259-11CF-BFC7-444553540000,Microsoft DirectInput8
25ECF786-A925-4706-A269-EEF5AD6899DB,ImeCommonAPIClassFactory
25F67D0E-1809-3718-82FD-F944913E6766,Microsoft.AnalysisServices.IntegratedSecurity
25F8502D-E0B4-30D1-BABB-2FDF36194E2A,Microsoft.SqlServer.Management.Smo.ObjectEventSet
26174769-6E7D-41AA-81BB-91B0DDEA558A,KiwiGrid.cGridSortObject
26219F23-1BBA-4870-A807-06347992CCF1,Connection Class
263C590A-2076-4C8A-A26C-310984AE8854,SimpleTextObject Class
26671179-2EC2-42BF-93D3-64108589CAD5,ShellItemArray Shell Namespace helper
266EEE40-6C63-11CF-8A03-00AA006ECB65,WDM TV Tuner
266EEE41-6C63-11CF-8A03-00AA006ECB65,TV Tuner Property Page
26753017-B5BB-4B67-BEE3-862676DE23DC,VSD DMA Transport
267CF8A9-F4E3-41E6-95B1-AF881BE130FF,Location Folder
267DB0B3-55E3-4902-949B-DF8F5CEC0191,Custom Composition Segment from WebDVD Device Segment to Standard Video Renderer Device Segment
26933B26-DA32-49FC-B31F-02BACE3A497D,ScriptJITSettings
26A77354-BF67-3259-8BBC-B600E5547FC5,Microsoft.SqlServer.Management.Smo.ScriptingOptions
26AE503B-7883-3AB6-9A31-B4D9C5D52AB5,Microsoft.AnalysisServices.RestoreSecurity
26B331B3-8403-3730-B613-FE59B4DF64F6,Microsoft.SqlServer.Replication.ScheduleRelativeIntervals
26BDE562-7590-11DB-9696-00E08161165F,VSD Device Emulator Bootstrap
26CA14FC-144E-3FF4-9AAE-43E573AE107E,Microsoft.SqlServer.Replication.State
26D32566-760A-40A2-AA82-A40366528916,WUPublishedAppInstallorElevator Class
26EC0B63-AA90-458A-8DF4-5659F2C8A18A,BDA Tuning Model Digital Cable Tune Request
26EE0668-A00A-44D7-9371-BEB064C98683,Control Panel
26FDC864-BE88-46E7-9235-032D8EA5162E,Merged Folder
27016870-8E02-11D1-924E-00C04FBBBFB3,MS Remote
27028F34-FE05-4A39-908B-1220398FD507,GroupAreaFormat Class
2707E0DD-0B62-33BA-8612-10C4CE177595,dao.RecordStatusEnum
270BE2D0-4AA6-3E95-BA0C-61D896E47D24,Microsoft.SqlServer.Replication.ScheduleFrequencySubDay
271C3902-6095-4C45-A22F-20091816EE9E,MPEG4 Byte Stream Handler
271DC252-6FE1-4D59-9053-E4CF50AB99DE,VMDiskMenuHandler Class
27293AF3-7FF8-3C07-90C7-A9724D5151A3,Microsoft.SqlServer.Management.Smo.ObjectPermissionSet
27354124-7F64-5B0F-8F00-5D77AFBE261E,"Microsoft IMAPI v2, Stream interleave utility"
27354125-7F64-5B0F-8F00-5D77AFBE261E,"Microsoft IMAPI v2, Stream concatenation utility"
27354126-7F64-5B0F-8F00-5D77AFBE261E,"Microsoft IMAPI v2, PRNG based stream"
27354127-7F64-5B0F-8F00-5D77AFBE261E,"Microsoft IMAPI v2, Zero Stream"
27354128-7F64-5B0F-8F00-5D77AFBE261E,"Microsoft IMAPI v2, RAW Disc-At-Once CD Writer"
27354129-7F64-5B0F-8F00-5D77AFBE261E,"Microsoft IMAPI v2, Audio CD Writer"
2735412A-7F64-5B0F-8F00-5D77AFBE261E,"Microsoft IMAPI v2, Standard Data Writer"
2735412B-7F64-5B0F-8F00-5D77AFBE261E,"Microsoft IMAPI v2, Media Erase"
2735412C-7F64-5B0F-8F00-5D77AFBE261E,"Microsoft IMAPI v2, Write Engine"
2735412D-7F64-5B0F-8F00-5D77AFBE261E,"Microsoft IMAPI v2, CD DVD Device Object"
2735412E-7F64-5B0F-8F00-5D77AFBE261E,"Microsoft IMAPI v2, Disc Master"
27354130-7F64-5B0F-8F00-5D77AFBE261E,PSFactoryBuffer
273EB5E7-88B0-4843-BFEF-E2C81D43AAE5,Application Startup Link
274FAE1F-3626-11D1-A3A4-00C04FB950DC,ADs LDAP NameTranslate Object
275C23E2-3747-11D0-9FEA-00AA003F8646,Multi Language Support
2762423B-EBAE-3FD9-A3E8-420399C30294,Microsoft.SqlServer.Replication.DistributionPublisher
2763BE6B-F8CF-39D9-A2E8-9E9815C0815E,System.Runtime.Remoting.Metadata.W3cXsd2001.SoapIdrefs
2764BCE5-CC39-11D2-B639-00C04F79498E,Generic Graph Composition Segment
2769280B-5108-498C-9C7F-A51239B63147,PSFactoryBuffer
276FBFC1-D71F-4619-A7C1-0181077EE283,Microsoft.Windows.Diagnosis.ManagedHost
2781761E-28E0-4109-99FE-B9D127C57AFE,Windows Defender IOfficeAntiVirus implementation
2781D194-D410-3DD2-B99E-3A6D4BE4D57D,Microsoft.SqlServer.Replication.LastValidationDateTime
2788F766-FCF3-3BBC-92C2-34EDDFDF2F0B,Microsoft.Office.Interop.Outlook.OlMeetingStatus
2797CF92-415A-43E6-A8F7-A5FAAB783719,CPartitionPropPages Class
27A2571D-DDA1-4F58-B960-DE1023344C1C,Source Depot API Object
27B215EC-BE07-320B-BEF7-1C898AD1D02D,Microsoft.AnalysisServices.HierarchyUniqueNameStyle
27B25DF0-5794-11D6-A9BE-0001023E685F,Purify Document
27C98999-2895-4829-B080-5A8B65BD3DB0,AudioRateConvertCMPT Class
27E986E1-BAEC-3D48-82E4-14169CA8CECF,System.Threading.ThreadInterruptedException
27F31D55-D6C6-3676-9D42-C40F3A918636,System.IO.StringWriter
280A3020-86CF-11D1-ABE6-00A0C905F375,AC3 Parser Filter
28199D46-92B9-47A0-AA19-4ECF2498F30F,Microsoft.AnalysisServices.Role
2846AE5E-A9FA-36CF-B2D1-6E95596DBDE7,System.Reflection.AmbiguousMatchException
2850BC61-FC4D-4A33-8ACE-2058947C444C,CompositeCursor Class
2854F705-3548-414C-A113-93E27C808C85,Enhanced Storage Context Menu Handler Class
28583590-58F7-35F2-BFEA-293956F7CBFA,Microsoft.SqlServer.Management.UI.WizardActions
286AA738-2928-49AF-A410-4118F5C31626,Dot3 Helper Class
286F484D-375E-4458-A272-B138E2F80A6A,DirectPlay8Peer Object
287DFF2E-4C90-4907-B235-A7C2CBE0706B,Microsoft.AnalysisServices.ValidationErrorCollection
28803F59-3A75-4058-995F-4EE5503B023C,Bluetooth Devices
2881DBA9-08F4-3FCF-8AC2-8B3BBEE3A512,Microsoft.SqlServer.Management.Smo.SqlServerVersion
288A2D5F-253C-46B4-B58C-2CED3180B993,CMI IInstaller
289228DE-A31E-11D1-A19C-0000F875B132,ListPad class
28953661-0231-41DB-8986-21FF4388EE9B,MSVidCtl Analog Capture to Encoder Composition Segment
2897F5FE-F33A-4B4F-A10E-D7E0D4B55684,Records Class
289978AC-A101-4341-A817-21EBA7FD046D,Sync Center Conflict Folder
28A9DE83-B6C9-481C-9420-463254732B19,DrillDownRequestContext Class
28AB0005-E845-4FFA-AA9B-F4665236141C,Analog Audio Component Type
28DB4500-8298-4EBF-B51F-38CBFEE15A15,Packet Class
28E086A9-7107-40D6-A878-77DA5BD59E12,Microsoft.AnalysisServices.AttributePermission
28EB23D5-9CB3-4AC6-9AE9-79D6FEE6114B,Microsoft.AnalysisServices.ErrorOption
2912625B-4730-3AE0-8904-7AB638176D50,Microsoft.SqlServer.Management.Smo.Default
2913B084-53E2-4CC4-85C2-CDB7437D983A,Microsoft.AnalysisServices.CubePermission
291EE2A7-BFA5-4E9E-A358-C93655556A6C,VideoProcAmp2 Class
2927B5AF-ECA3-47A0-8295-D1A1DE3353B9,ParagraphFieldElement Class
2933BF90-7B36-11D2-B20E-00C04F983E60,XML DOM Document
2933BF91-7B36-11D2-B20E-00C04F983E60,Free Threaded XML DOM Document
2933BF94-7B36-11D2-B20E-00C04F983E60,XSL Template
2959380C-1567-40EC-80B0-05907AD6F9DE,IP Neighbor Helper Class
29625281-51CE-3F8A-AC4D-E360CACB92E2,System.Diagnostics.DebuggerNonUserCodeAttribute
2965E715-EB66-4719-B53F-1672673BBEFA,Results Folder
299D0193-6DAA-11D2-B679-006097DF5BD4,FTP IDataObject impl
29A6CF6F-D663-31A7-9210-1347871681FC,System.Security.Permissions.GacIdentityPermission
29B5828C-CAB9-11D2-B35C-00105A1F8177,Microsoft WBEM (non)Standard Marshaling for IWbemUnboundObjectSink
29C69707-875F-3678-8F01-283094A2DFB1,System.CannotUnloadAppDomainException
29C98DFC-AC6B-4788-BDDD-CA41D6D3704A,Dia based SymReader
29D1D129-11CB-3DF2-8DF0-0DE3BF50F954,Microsoft.SqlServer.Management.Smo.BackupDeviceItem
29D365AE-D23B-4004-8658-5ED2A59CD77C,Shell User Enumeration Object
29EB1F34-FE7F-46C9-805F-BAE12C037901,Dart SnmpTableRow Object
29FD52D6-A839-4B72-9433-6839F9A7CF4E,ChartStyle Class
2A005C11-A5DE-11CF-9E66-00AA00A3F464,PropGroupManagerObject Class
2A0ECE0B-DA01-3B2A-A5D4-0407D20BDF9F,Microsoft.SqlServer.Management.Smo.Wmi.ManagedComputer
2A0F02A9-7933-4EB6-99EF-653D1B20AA42,DevExpress.ExpressApp.TemplateWizard.ExpressAppWebVBSolutionWizard
2A0F02A9-7933-4EB6-99EF-653D1B20AA47,DevExpress.ExpressApp.TemplateWizard.ExpressAppWebCSSolutionWizard
2A11BAE2-FE6E-4249-864B-9E9ED6E8DBC2,Mpeg4s Decoder DMO
2A11F42C-3E81-4AD4-9CBE-45579D89671A,CivicAddressReportFactory Class
2A196062-812A-4249-B04A-797971DC466C,XML Paper Specification Filter Persistent Handler
2A2699C5-775A-42E9-BF4A-A36FE41BA4CB,TCPIProp Class
2A455141-E3C6-435B-808D-8F3D8EAB120D,Microsoft.AnalysisServices.PerspectiveKpi
2A49E565-910C-43B1-B652-E770512E543C,TSLV Class 10.5
2A614240-A4C5-4C33-BD87-1BC709331639,Bidi Spooler APIs
2A6F3A80-5976-11D2-9524-0060081840BC,Silence
2A744BD8-158A-4BBF-9513-4A656F6C01D7,Windows Desktop Search Scope Manager
2AA2B5FE-B846-4D07-810C-B21EE45320E3,Network Provisioning via XML Class
2AABFCD0-1797-11D2-ABA2-00C04FB6C6FA,WSecEdit Security Configuration Class
2AF6BCAA-F526-4803-AEB8-5777CE386647,EapMschapv2Cfg Class
2B11E9B0-9F09-11D0-9484-00A0C91110ED,StdDataValue Object
2B20FE1A-1B2C-4DC5-8595-616B0E182FD1,MSASR Locale Handler Class (1036)
2B362208-CB07-4FA5-8076-8DB4AA890561,WMPDMCServer Class
2B4F54B1-3D6D-11D0-8258-00C04FD5AE38,Shell BindStatusCallback Proxy
2B6C3F15-9B69-471E-8DE1-D9B108B1A709,VSTOSTR Class
2B6DA137-316E-458B-A0AB-BE48C8EC39B9,Display Control Panel
2B6F1632-9B68-4F78-B56E-1E359681ABEF,Microsoft.AnalysisServices.RestoreFolderCollection
2B855D1B-5BC8-35BF-B843-6DA181E3C69A,Microsoft.SqlServer.Replication.TransSubscription
2B9E268F-FE59-3D3C-A421-EE7B0EFF0F34,Microsoft.Office.Interop.Access.AcFindMatch
2BA64696-55A2-4379-86E3-F2AD64FFEBA6,VSTO FormRegionsHostX
2BB6C5E0-C2B9-3608-8868-21CFD6DDB91E,System.Runtime.Remoting.Metadata.W3cXsd2001.SoapNonPositiveInteger
2BC0EF29-E6BA-11D1-81DD-0000F87557DB,Convolution
2BD10136-275A-40A6-A488-0B42FAAD6233,NumericFieldFormatConditionFormulas Class
2BD40F38-DE45-429D-9D04-24F7C24C78FD,PSFactoryBuffer
2BD4BFE9-9C87-333C-AB31-A1419A862DD0,Microsoft.SqlServer.Management.Smo.StoredProcedureEventSet
2BD7628C-F876-43A8-B7B9-AB4C98AE456B,The SubreportController can retrieve the names of all of the subreports in a report.
2BEBF67C-76F4-38A5-AAE8-ECB8F677ACA8,Microsoft.AnalysisServices.MiningStructureCacheMode
2BF3C17D-81F0-4A99-9642-FEEC2733D832,NeoCalendarII.MonthCalendar
2C0CB0CB-8262-3DB4-8294-E1CDB37C95F9,Microsoft.SqlServer.Management.Smo.UserDefinedFunctionEventSet
2C17C11B-E635-401E-B72E-CBA7EADC6F76,FpFolder Class
2C256447-3F0D-4CBB-9D12-575BB20CDA0A,FaultrepElevatedDataCollection
2C2CEA16-CC79-4C01-B3CE-B5B7CE47101F,Microsoft IME IMEPad interface
2C2EA031-02BE-11D1-8C85-00C04FC2AA89,PSFactoryBuffer
2C314899-8F99-3041-A49D-2F6AFC0E6296,System.Security.Cryptography.HMACSHA256
2C37C480-CEE3-11D1-82C3-0060089253D0,RationalSuiteLicense Class
2C3E140B-7A0D-42D1-B2AA-D343500A90CF,CTrkEvntListener Class
2C5BC43E-3369-4C33-AB0C-BE9469677AF4,HNetCfg.FwRule
2C5F9B72-7148-4D97-BFC9-68A0E076BEBD,DirectMusic Script AutoImp AudioPath
2C63E4EB-4CEA-41B8-919C-E947EA19A77C,BDA Tuning Model MPEG2 Tune Request Factory
2C676B7B-796E-4C59-8209-4D0473E32A17,WMEncSourceSink
2C941FC5-975B-59BE-A960-9A2A262853A5,FileSystemImage Class
2C941FCE-975B-59BE-A960-9A2A262853A5,BootOptions Class
2C941FD4-975B-59BE-A960-9A2A262853A5,PSFactoryBuffer
2CA77655-E9CE-4147-9223-F7F76D3F92B9,RTFWordExportFormatOptions Class
2CA8CA52-3C3F-11D2-B73D-00C04FB6BD3D,AudioInputMixer Property Page
2CE4D4CF-B278-4126-AD1E-B622DA2E8339,Acrobat Search
2CF28E8B-8764-4240-A881-E4CEF1889253,Infragistics Frame Control 4.0
2D11CF10-4FE0-45B2-88DF-6FFBF92BE9AB,WaitDialog
2D12DD17-6C4E-456E-A953-D210E3C64176,SpCommunicator Class
2D2E24CB-0CD5-458F-86EA-3E6FA22C8E64,VMR Allocator Presenter 9
2D3468C1-36A7-43B6-AC24-D3F02FD9607A,A collection of IUnknown objects that can be enumerated
2D4156A2-897A-11DB-BA21-001185AD2B89,Network List Manager Snapin
2D4156A5-897A-11DB-BA21-001185AD2B89,Network List Manager Snapin About Interface
2D5D20D6-8C00-462D-B7D4-5F305EA013E4,AddReportObjectRequest Class
2D5EC63C-1B3E-3EE4-9052-EB0D0303549C,System.Runtime.InteropServices.SafeArrayTypeMismatchException
2DA6AA7F-8C88-4194-A558-0D36E7FD3E64,Create and edit Wireless policies
2DB47AE5-CF39-43C2-B4D6-0CD8D90946F4,StreamBufferSink
2DCD1DAF-A110-49C0-BFDB-6FDF557B5FDF,Offline Files WMI Provider
2DD80115-AD1E-41F6-A219-A4F4B583D1F9,PSFactoryBuffer
2DEA658F-54C1-4227-AF9B-260AB5FC3543,Microsoft PlaySoundService Class
2DECBCB7-BAC0-316D-9131-43035C5CB480,System.Runtime.Remoting.Metadata.W3cXsd2001.SoapDate
2DEE3798-439A-309C-A4FC-CA7826EBA1FA,Microsoft.AnalysisServices.TableNotification
2DFB3A35-6071-11D1-8C13-00C04FD8D503,Microsoft Locality Extension
2E095DD0-AF56-47E4-A099-EAC038DECC24,AnalogCable Class
2E17C0EF-2851-459B-A3C8-27A41D4BC9F7,Windows Theme Manager API
2E1AE5DF-5A6F-420A-9B7B-41E5BA8FA36D,HWProp Class
2E2294A9-50D7-4FE7-A09F-E6492E185884,rtf persistent handler
2E5E84E9-4049-4244-B728-2D24227157C7,UPnPRemoteEndpointInfo
2E7583C7-7EBA-4A1A-8468-D03D28477E6F,Shell settings migration
2E7700B7-27C4-437F-9FBF-1E8BE2817566,RandomBars
2E8EA1E5-F406-46F5-AF10-661FD6539F28,WSecEdit Local Security Settings Class
2E9E59C0-B437-4981-A647-9C34B9B90891,Sync Setup Folder
2EA7A549-7BFF-4AAE-BAB0-22D43111DE49,PSFactoryBuffer
2EBDEE67-3505-43F8-9946-EA44ABC8E5B0,PSFactoryBuffer
2ECD9C38-322A-3C16-A2C8-5AFEAA4173BC,Microsoft.SqlServer.Management.Smo.Wmi.ServerAlias
2ED326ED-C4C0-434A-B4CE-FB0318D725A7,PSFactoryBuffer
2EDA399D-450C-47F0-8587-4F45E075588F,CrystalDecisions.VSDesigner.CRPackage
2EEB4ADF-4578-4D10-BCA7-BB955F56320A,WMAudio Decoder DMO
2EEEED04-0908-4CDB-AF8F-AC5B768A34C9,Drm Scheme Handler
2F183BA4-41B6-49DA-8752-82CBAA55A466,RemoteAgent Class
2F189354-B7B5-4E1B-A004-798AA5065B30,KiwiSDTaskEngine.EmailLogs
2F2165FF-2C2D-4612-87B2-CC8E5002EF4C,Advanced Indexing Options Dialog Object
2F2DC38B-34D2-462C-ADD4-F74CC15510A1,SuggestPopup
2F5BC089-32FE-37E5-8C2A-4BCFD89316F3,Microsoft.Office.Interop.Outlook.OlFolderDisplayMode
2F893820-7089-46CC-A6E8-C4AAE45F151B,DTC MMC Snap-in
2F8B78D6-4C8C-4043-BCB7-A1F7E4345B34,DateFieldFormatConditionFormulas Class
2F8F8864-751D-3F09-B214-34234474E77C,Microsoft.SqlServer.Management.Smo.Broker.BrokerService
2F94D7B0-BF63-11D1-A6A2-00C04FB9988E,EndpointsTable Class
2FB21955-33A2-46A0-8F60-B475DC33FD5A,PSFactoryBuffer
2FD5E63B-2FC6-4AED-B5DE-599F425DEB94,PrintOptions Class
2FD934BC-E860-4898-A581-B7C6486CA332,CiTVDataAttribute
2FE8F810-B2A5-11D0-A787-0000F803ABFC,DirectPlayLobby Object
2FE9B39E-0062-41E5-A842-518E212C2CE0,PSFactoryBuffer
2FFFBDEE-89CA-3092-A050-2F3B2D6DBA68,Microsoft.SqlServer.Management.Smo.Agent.NotifyType
301056D0-6DFF-11D2-9EEB-006008039E37,MJPEG Decompressor
3018609E-CDBC-47E8-A255-809D46BAA319,SSCE DropTable Listener Object
301F77B0-A470-11D0-8821-00A0C903B83C,Encode Date Array Class
3024B989-5633-39E8-B5F4-93A5D510CF99,Microsoft.CLRAdmin.MMC_PSO
30276B4F-F25C-457C-A4B7-08574F8EA528,CLSID_ResultSetFactory
3028902F-6374-48B2-8DC6-9725E775B926,IE AutoComplete
302F4718-F838-330B-B64F-952E5A3689BB,Microsoft.SqlServer.Management.UI.ProgressStatus
3037B4CD-A40B-401B-B676-2017EE8FAFF4,Wordpad DOCX Filter
304CE942-6E39-40D8-943A-B913C40C9CD4,HNetCfg.FwMgr
3050F391-98B5-11CF-BB82-00AA00BDCE0B,Microsoft HTML Window Security Proxy
3050F3B2-98B5-11CF-BB82-00AA00BDCE0B,Microsoft HTML Javascript Pluggable Protocol
3050F3B3-98B5-11CF-BB82-00AA00BDCE0B,%Microsoft Image Element Browse Property Page%
3050F3B4-98B5-11CF-BB82-00AA00BDCE0B,%Microsoft Document Browse Property Page%
3050F3BB-98B5-11CF-BB82-00AA00BDCE0B,%Microsoft Anchor Element Browse Property Page%
3050F3BC-98B5-11CF-BB82-00AA00BDCE0B,Microsoft HTML Resource Pluggable Protocol
3050F3C2-98B5-11CF-BB82-00AA00BDCE0B,Microsoft HTML DwnBindInfo
3050F3D6-98B5-11CF-BB82-00AA00BDCE0B,IImgCtx
3050F3D9-98B5-11CF-BB82-00AA00BDCE0B,MHTML Document
3050F3DA-98B5-11CF-BB82-00AA00BDCE0B,Microsoft HTML Mailto Pluggable Protocol
3050F406-98B5-11CF-BB82-00AA00BDCE0B,Microsoft HTML About Pluggable Protocol
3050F499-98B5-11CF-BB82-00AA00BDCE0B,Microsoft HTML Recalc
3050F4CF-98B5-11CF-BB82-00AA00BDCE0B,PeerFactory Class
3050F4D8-98B5-11CF-BB82-00AA00BDCE0B,HTML Application
3050F4E1-98B5-11CF-BB82-00AA00BDCE0B,HtmlDlgHelper Class
3050F4F5-98B5-11CF-BB82-00AA00BDCE0B,Trident HTMLEditor
3050F4F8-98B5-11CF-BB82-00AA00BDCE0B,Microsoft Html Component
3050F5BE-98B5-11CF-BB82-00AA00BDCE0B,DownloadBehavior Class
3050F5C8-98B5-11CF-BB82-00AA00BDCE0B,Microsoft HTA Document 6.0
3050F664-98B5-11CF-BB82-00AA00BDCE0B,LayoutRect Class
3050F667-98B5-11CF-BB82-00AA00BDCE0B,Microsoft Html Popup Window
3050F67D-98B5-11CF-BB82-00AA00BDCE0B,Microsoft Html Document for Popup Window
3050F6B3-98B5-11CF-BB82-00AA00BDCE0B,Template Printer class
3050F6CD-98B5-11CF-BB82-00AA00BDCE0B,Template Printer class
3050F6D4-98B5-11CF-BB82-00AA00BDCE0B,DeviceRect Class
3050F819-98B5-11CF-BB82-00AA00BDCE0B,HtmlDlgSafeHelper Class
30510483-98B5-11CF-BB82-00AA00BDCE0B,Microsoft HTML Element Context Stream
30655864-F8CD-45F9-B7D6-6721ACB69C5E,Network Connection Helper Class
30766BD2-EA1C-4F28-BF27-0B44E2F68DB7,Windows Search Root
307F7E33-591F-384D-A1BE-1E3C4A6C1311,Microsoft.SqlServer.Management.Nmo.ApplicationDatabaseLogFile
30803AB4-98EE-3811-852E-39AE4E2A9463,Microsoft.SqlServer.Management.Smo.SqlSmoState
3080F90D-D7AD-11D9-BD98-0000947B0257,Show Desktop
3080F90E-D7AD-11D9-BD98-0000947B0257,Window Switcher
30AC0B94-3BDB-3199-8A5D-ECA0C5458381,System.Runtime.Serialization.OnDeserializingAttribute
30C3B080-30FB-11D0-B724-00AA006C1A01,CoMapMIMEToCLSID Class
30D02401-6A81-11D0-8274-00C04FD5AE38,IE Search Band
30D49246-D217-465F-B00B-AC9DDD652EB7,Identity Store
3124C396-FB13-4836-A6AD-1317F1713688,SAX XML Reader 3.0
3132E802-6B4F-4D4E-B8E1-DF5A469C5B29,PropertyBags Class
3133A7FE-BC5F-4D81-BF02-184ECC88D66E,VSTO SmartTag Recognizer
3140F5B6-093F-4F94-9141-5DF9EE10BC27,MSASR Locale Handler Class (1033)
31411198-A502-11D2-BBCA-00C04F8EC294,HxSession Class
314111B8-A502-11D2-BBCA-00C04F8EC294,Microsoft Help 2.0 Contents Control
314111C6-A502-11D2-BBCA-00C04F8EC294,Microsoft Help 2.0 Index Control
314111C7-A502-11D2-BBCA-00C04F8EC294,HxProtocol Class
314111F0-A502-11D2-BBCA-00C04F8EC294,HxRegistryWalker Class
314111F7-A502-11D2-BBCA-00C04F8EC294,HxParseDisplayName Class
31411219-A502-11D2-BBCA-00C04F8EC294,HxRegisterSession Class
31411228-A502-11D2-BBCA-00C04F8EC294,HxRegisterProtocol Class
317E92FC-1679-46FD-A0B5-F08914DD8623,InstallationAgent Class
317F3AA1-A5F5-4310-9401-BAE5DAC386C6,text persistent handler for mapi email
319AF488-65B2-497D-8890-273112C2633B,SCREnterpriseSessionManager Class
319EB2B5-2D89-42E2-8D06-F36BF6BD71BE,VLEHost Class
31B11D80-9ED7-44F7-B1CD-C95992A738B9,Layer Composer
31B231F6-546D-4F9B-AC95-0F963D72559C,Sync Command State Handler
31B7C920-2880-11D0-8D51-00A0C908DBF1,Korean_Default Word Breaker Resources
31C967B5-2F8A-3957-9C6D-34A0731DB36C,System.Globalization.StringInfo
31D353B3-0A0A-3986-9B20-3EC4EE90B389,System.EnterpriseServices.Internal.ServerWebConfig
31DCBC0C-20D8-40B0-A409-F4474A942358,TcpiObj Class
31DFEE76-E55E-346F-8318-E105CEFBA13D,Microsoft.Office.Interop.Outlook.OlTaskOwnership
32239586-29DE-4268-8AF3-CE7658D3D672,SkinMiscControls Object
322B1A9F-0579-42F6-81CF-5789DC250704,Dart SnmpTable Object
322B69C7-0A32-37F6-BCB8-6F4B0AF406C1,Microsoft.SqlServer.Management.Smo.Broker.ServiceContract
32374F0E-85D3-4408-9BD0-887E3EEAE7F0,IE JScript Profiler Core
323CA680-C24D-4099-B94D-446DD2D7249E,Favorites
324A4040-66EA-338D-94C5-F1F48628C2D0,Microsoft.SqlServer.Replication.SubscriberType
3252B423-09FC-3F06-BBA9-BDAFE34A1E86,Microsoft.SqlServer.Replication.MonitorCacheRefreshPolicy
325A574A-F862-3D7C-BBB5-67A68ED239DC,Microsoft.SqlServer.Management.Smo.Table
32624F4B-F1D5-4877-989E-555640109D2B,Windows Photo Viewer Gallery Interface
32714800-2E5F-11D0-8B85-00AA0044F941,For &People...
328B0346-7EAF-4BBE-A479-7CB88A095F5B,LayoutFolder
32A029CF-C170-3F34-B1EF-34A43A56D20F,Microsoft.SqlServer.Management.Smo.Synonym
32A8A4AF-4F73-49E5-8D92-FDB18310262E,Microsoft.AnalysisServices.MeasureGroupType
32B533BB-EDAE-11D0-BD5A-00AA00B92AF1,AP Class Install Handler filter
32BA16FD-77D9-4AFB-9C9F-703E92AD4BFF,CtTuner Class
32BAED44-34B5-11D3-9315-00C04F72D6CF,MSSCP Class
32BE5ED2-5C86-480F-A914-0FF8885A1B3F,RDPViewer Class
32C5A81F-27C0-4E66-A894-786F646F1236,PSFactoryBuffer
32D186A7-218F-4C75-8876-DD77273A8999,Microsoft AAC Audio Decoder MFT
32DA2B15-CFED-11D1-B747-00C04FC2B085,Script Encoder Object
32E7DC13-1E22-4D7E-8AC7-D2E718DE8042,InfraProfileExistsErrorPage
3318360C-1AFC-4D09-A86B-9F9CB6DCEB9C,ClassicLangBar
3336B8BF-45AF-429F-85CB-8C435FBF21E4,ClassicW Class
333C7BC4-460F-11D0-BC04-0080C7055A83,Tabular Data Control
334125C0-77E5-11D3-B653-00C04F79498E,BDA Data Services Feature Segment
334857CC-F934-11D2-BA96-00C04FB6D0D1,ADs DN With String Object
335CB6A5-AF24-44C5-8815-2B203DECA538,Microsoft.AnalysisServices.OrderBy
335F47DF-6B6E-3320-BCC9-662844EEF0A0,Microsoft.Office.Interop.Access.AcPrintPaperBin
336475D0-942A-11CE-A870-00AA002FEAB5,MPEG-I Stream Splitter
337754AA-CF6E-4BE8-8F13-F6AC91524EDC,Microsoft SQL Server Averaging Conflict Resolver
338E9310-7C07-11CE-8CA9-00AA0044BB60,Microsoft Forms 2.1 ControlPalette
33BCC8EC-0D01-4E10-AD3D-4DAF749873ED,Browser Application State
33C4643C-7811-46FA-A89A-768597BD7223,PSFactoryBuffer
33C53A50-F456-4884-B049-85FD643ECFED,TF_InputProcessorProfiles
33C86CD6-705F-4BA1-9ADB-67070B837775,Onex PLAP Smartcard Credential Provider
33D9A760-90C8-11D0-BD43-00A0C911CE86,ICM Class Manager
33D9A761-90C8-11D0-BD43-00A0C911CE86,ACM Class Manager
33D9A762-90C8-11D0-BD43-00A0C911CE86,WaveIn Class Manager
33FACFE0-A9BE-11D0-A520-00A0D10129C0,SAMI (CC) Reader
3429E395-176B-4A0A-863D-FCA6B19073BA,GeneralProperties Class
343D770D-7788-47C2-B62A-B7C4CED925CB,WpcNotificationsMigration
3449A1C8-C56C-11D0-AD72-00C04FC29863,MSDataShape
3465E465-E525-4024-83BF-05BBC1D3A38A,FormulaFunctionGroup Class
346D5B9F-45E1-45C0-AADF-1B7D221E9063,System.EnterpriseServices.Internal.SoapClientImport
348B07EF-B472-48F2-A906-46D82096A723,Filters Class
348C9CFF-CB90-4024-AE22-F17259A3934B,WlanBalloonHandler Class
3495E5FA-2A90-3CA7-B3B5-58736C4441DD,System.ParamArrayAttribute
349C4755-B8C0-4298-95FA-32C2AAD74AC7,ChartDefinition Class
34A19196-274E-4D75-9D30-D7A45A0A4178,Windows Live Services Class
34A3D570-67D9-4265-A9EE-8C3FA3DFECCF,TravelLog
34C219BD-85C1-4338-95E8-788A36901DC2,Configure Windows Portable Device Task Class
34D8D15E-9B82-48BB-92BD-A529F7F9C022,HTTPCommunicationAdapter Class
34DAE6A5-193D-3A31-9B8E-0EFBD94275DC,Microsoft.SqlServer.Replication.DistributionPublication
34E6ABFE-E9F4-4DDF-895A-7350E198F26E,Microsoft Feeds Arbiter LoRi Broker
35021B53-2FDF-4E7D-B94E-042C41C8D32D,"The DataDefController is used to add, remove, and modify the data definition of the report. The data definition defines which data is being retrieved and how the data is grouped, summarized, and filtered."
3508C064-B94E-420B-A821-20C8096FAADC,AtscPsipParser Class
35117BCA-71F9-4399-8709-F380C7AAA8BD,Screen Fade
3523C2FB-4031-44E4-9A3B-F1E94986EE7F,Microsoft RDP Client Control - version 3
35298344-96A6-45E7-9B6B-62ECC6E09920,PSFactoryBuffer
352EC2B7-8B9A-11D1-B8AE-006008059382,Shell Application Manager
3540D440-5B1D-49CB-821A-E84B8CF065A7,MSVidCtl Analog Capture to XDS Composition Segment
355DFFAA-3B9F-435C-B428-5D44290BC5F2,WpcSettingsProvider Class
35786D3C-B075-49B9-88DD-029876E11C01,Portable Devices
35807CE4-D48D-49B0-AE77-798B1F2B5F58,ReportStateInfo Class
35B1D3BB-2D4E-4A7C-9AF0-F2F677AF7C30,WNet Provider Class
35C61CC2-5851-4F2D-89B6-4F9BB4B4193F,Microsoft Search Property System Change Notify Handler
35CC8486-4FB1-11D3-A5DA-00C04F88249B,Microsoft Korean IME HandWriting Applet
35D94227-15B0-33F0-8D83-59A48577423A,Microsoft.Office.Interop.Access.AcSpreadSheetType
35E946E4-7CDA-3824-8B24-D799A96309AD,System.Collections.CaseInsensitiveComparer
3605B612-C3CF-4AB4-A426-2D853391DB2E,Certificates Class
361957DD-DDA3-4214-B5F7-4B5A4DD43662,FormulaField Class
3630A302-890F-3F2D-B6C2-8120B82E2879,Microsoft.SqlServer.Management.Smo.UserDefinedFunction
3632DD5A-AA46-4063-8312-26F0D9050B88,Microsoft.AnalysisServices.TableBinding
366C32DC-F5AC-4D0F-A7C1-CD78E6307B8A,KiwiSDTaskEngine.WebLogger
3681DC37-0080-3B98-826B-E7383ECB02FD,Microsoft.AnalysisServices.TransportCompression
369647E0-17B0-11CE-9950-00AA004BBB1F,Neutral Word Breaker
36A479EF-8B67-4D01-8DDA-753CFCB2DD96,CLSID_FilteredItemFactory
36CE07D1-0987-372B-AAEE-05D561F7A1B6,Microsoft.SqlServer.Replication.HeterogeneousColumn
36DCDA30-DC3B-4D93-BE42-90B2D74C64E7,System.EnterpriseServices.RegistrationConfig
36F0BD14-D84D-468C-B79C-9990F3FA897F,Multi Object Elevation Factory
36F54939-CD3B-4C73-92D5-F9A389ED631C,Enhanced Storage Autoplay Handler Class
3700D865-1FA7-3F3F-B9A4-F25964DF9701,Microsoft.SqlServer.Management.Nmo.ApplicationDatabaseFileGroup
370355BF-7C27-49F8-9D89-4D2F9466D856,Microsoft.AnalysisServices.ImpactDetail
370A1D5D-DDEB-418C-81CD-189E0D4FA443,VBI Codec
371D0743-7A57-11D2-AD5A-00105A17B608,Dart Udp Control
3722C3B1-82E8-4022-8B27-1F8A68B44AC7,CLSID_ProviderConfig
372FCE38-4324-11D0-8810-00A0C903B83C,CertConfig Class
3730BBF8-631A-48FB-9085-E2143C11563B,XWizard Factory Generated Class (HomeGroup Empty Hook Page)
373216F7-3595-38F0-9F03-53D572E3EBEE,Microsoft.SqlServer.Management.Smo.UserDefinedType
3734FF83-6764-44B7-A1B9-55F56183CDB0,Sync Center (Internal)
373984C9-B845-449B-91E7-45AC83036ADE,XML Schema Cache
373E4E45-0081-493C-A139-1CC36F7CC8A5,DBField Class
373FF7F0-EB8B-11CD-8820-08002B2F4F5A,"Microsoft Slider Control, version 5.0 (SP2)"
373FF7F4-EB8B-11CD-8820-08002B2F4F5A,Slider General Property Page Object
374050DD-6190-3257-8812-8230BF095147,System.Globalization.JapaneseCalendar
3756E7F5-E514-4776-A32B-EB24BC1EFE7A,State of built-in commands
375FF002-DD27-11D9-8F9C-0002B3988E81,WCN-Config Function Discovery Provider Class
379E501F-B231-11D1-ADC1-00805FC752D8,MsxmlIsland
37A61C8B-7F8E-4D08-B12B-248D73E9AB4F,Secure Http Scheme Handler
37B0353C-A4C8-11D2-B634-00C04F79498E,File Playback Device Segment
37B03543-A4C8-11D2-B634-00C04F79498E,Standard Video Renderer Device Segment
37B03544-A4C8-11D2-B634-00C04F79498E,Standard Audio Renderer Device Segment
37C3AB0E-05F6-3CF2-BE7A-4BFB15BF980D,Microsoft.AnalysisServices.ProactiveCachingTablesBinding
37C84FA0-D3DB-11D0-8D51-00A0C908DBF1,Korean_Default Stemmer Resources
37E92A92-D9AA-11D2-BF84-8EF2B1555AED,Audio Renderer Advanced Properties
37EA3A21-7493-4208-A011-7F9EA79CE9F5,Open Containing Folder Menu
37EB631E-4CBA-32BE-8EBB-509D3575D288,Microsoft.SqlServer.Replication.PendingCommandInfo
37F863F0-C95D-4E65-817C-E7D13B93A9B5,ConstantValue Class
38334D64-E72C-4AD7-967E-6FE6E5EDE0B3,EditItems Class
383B69FA-5486-49DA-91F5-D63C24C8E9D0,Device Pairing Handler Class
384C2DC6-3D20-457B-B912-3C5E68D262AD,Microsoft.AnalysisServices.AttributeType
384EA5AE-ADE1-4E8A-8A9B-7BEA78FFF1E9,CLSID_BinaryAutoList
385109F5-20BE-44C5-BC52-53A3689DF6B1,Microsoft Visual Web Developer 12.0 ActiveX Object Tag Property Page
385A91BC-1E8A-4E4A-A7A6-F4FC1E6CA1BD,DXTFilter
38726B53-6CD2-3086-9881-50C53273041A,Microsoft.SqlServer.Management.Smo.Agent.Operator
3882134D-14CF-4220-9CB4-435F86D83F60,PortableDeviceValuesCollection Class
388D606F-AF7B-4AD2-AC22-6B4FE70CE286,Create and edit Wired policies
38B22A43-49A8-45AB-BEB7-9137A488B1D3,Quarantine Private QA Management class
38F03426-E83B-4E68-B65B-DCAE73304838,Custom Composition Segment from Data Services to Time Shift Sink
3901CC3F-84B5-4FA4-BA35-AA8172B8A09B,DirectSound 8.0 Object
3908C3CD-4478-4536-AF2F-10C25D4EF89A,WiaVideo Class
390E92C9-FA66-3357-BEF2-45A1F34186B9,System.Security.Policy.GacMembershipCondition
3918D75F-0ACB-41F2-B733-92AA15BCECF6,SpObjectTokenEnum Class
39583A47-3F35-4469-A534-CB784E163305,PSFactoryBuffer
3979C976-6386-3BB8-8DE2-8617B5F98968,Microsoft.Office.Interop.Access.AcFormView
398A84EF-F7F5-405E-A642-3C3CE569257F,Microsoft.AnalysisServices.CubeAttributeBinding
399650A0-B842-43A0-85DF-6D6113F2D272,RecordBatches Class
39981129-C287-11D0-8D8C-00C04FD6202B,CLSID_CMAPIAcctImport
39AE2AEA-D4D5-4DA0-AE47-C020E1BE4BE5,CLSID_JetDatabaseSession
39B68485-6773-3C46-82E9-56D8F0B4570C,System.Security.Cryptography.MACTripleDES
39C42C60-85F5-40ED-BF39-975A0AA0B2A4,HandWritingSkin Class
39DFDC96-0B38-4DDF-9514-F387EE32407B,Microsoft.AnalysisServices.RoleMemberCollection
39F8D76B-0928-11D1-97DF-00C04FB9618A,Microsoft DTC Transaction
3A04D93B-1EDD-4F3F-A375-A03EC19572C4,MaskFilter
3A410F21-553F-11D1-8E5E-00A0C92C9D5D,IDMRemoteServer_PSFactory
3A59A18B-F03C-48CB-8AA7-181D35291FD7,IIMECheckDefaultInputProfile
3A614B00-FB18-46F3-950E-682A46A48B9F,PSFactoryBuffer
3A64898B-20A7-4384-894B-7273C3539F2F,MIME Filter PersistentHandler
3A8CCCBC-0EFD-43A3-B838-F38A552BA237,CTocEntryList
3A9428A7-31A4-45E9-9EFB-E055BF7BB3DB,BDA Tuning Model Channel ID Tune Request
3AA4EAEA-A473-4A57-96F9-534C049211D3,XMLProvider Replication Component
3AA506AA-BFEA-3FAB-9D74-C9CF63E2A42C,Microsoft.SqlServer.Replication.PublisherMonitor
3ABEAFC4-F48F-4517-A9B0-8AD6A94A99A1,Publication Services Data
3AD05575-8857-4850-9277-11B85BDB8E09,Copy/Move/Rename/Delete/Link Object
3ADCE5CC-13C8-4573-B328-ED438EB694F9,CAviTocParser
3AE86B20-7BE8-11D1-ABE6-00A0C905F375,MPEG-2 Splitter
3B0398C9-7812-4007-85CB-18C771F2206F,System.EnterpriseServices.Internal.ComManagedImportUtil
3B0CA811-CE3D-4D48-AC20-599893F963B3,KiwiGrid.IGridCellOwnerDraw
3B1B5147-715E-49E0-AE9F-ADF86724BB89,CLSID_DateTimeIntervalGenerator
3B2B6775-70B6-45AF-8DEA-A209C69559F3,DirectPlay8LobbyClient Object
3B2D194D-F107-4489-ABF8-57A125275E4E,Bluewire General Property Sheet
3B68879A-2CE5-419D-BB70-F39E1F66B06F,MathRecognizer Class
3B77C93A-5455-3AF4-B817-0F98C78B0CB2,Microsoft.SqlServer.Replication.MergeDynamicSnapshotJob
3B79AFC8-88BC-4ACC-A9FB-DDE75ED4FB98,ParagraphTextElement Class
3B881B82-5BF4-4657-A3A2-CCE17E4FD39A,Nap Server Info class
3BB4118F-DDFD-4D30-A348-9FB5D6BF1AFE,Time Categorizer
3BC1F525-6332-4D83-9A94-BF5F403CA6E5,CrossTabGridOptions Class
3BD1F243-9BC4-305D-9B1C-0D10C80329FC,System.ArgumentNullException
3BE2DBA1-43F6-4B0E-B2C5-A5AB2856BA07,Microsoft Visual Studio 2008 Tools for Office Design-Time Adaptor for Word 2007
3BE4278A-8DD5-447B-AB2E-DD49C2576F65,Subscriber Replication Component
3BEE4890-4FE9-4A37-8C1E-5E7E12791C1F,SpSharedRecognizer Class
3BF043EF-A974-49B3-8322-B853CF1E5EC5,Microsoft VolumeControlService Class
3C0FD240-C563-40BF-B55D-0C8DF6FFA955,KiwiSDTaskEngine.DBLogger
3C2654C6-7372-4F6B-B310-55D6128F49D2,Alphabetical Categorizer
3C305196-50DB-11D3-9CFE-00C04FD930C5,DirectDraw7 Object
3C3122E3-8EC1-4C78-A329-1208C3646330,CIRowsetOnValueGrid Class
3C374A40-BAE4-11CF-BF7D-00AA006946EE,Microsoft Url History Service
3C380F57-AE5F-3AF3-8D26-7D4BA2EEE3C9,Microsoft.AnalysisServices.RestoreInfo
3C3A70A7-A468-49B9-8ADA-28E11FCCAD5D,RASrv Class
3C419198-5249-3810-BAF8-6C4603D9B4F3,Microsoft.SqlServer.Replication.RetentionPeriodUnits
3C4708DC-B181-46A8-8DA8-4AB0371758CD,MSVidCtl SBE Source to Video Mixing Renderer Composition Segment
3C4D4290-9F8A-31E4-92DF-D64E37251C82,Microsoft.SqlServer.Management.Smo.Agent.FindOperand
3C5F432A-EF40-4669-9974-9671D4FC2E12,MMC Plugable Internet Protocol
3C61C496-8BDD-34C3-B064-A8A00FC5ACAF,Microsoft.Office.Interop.Outlook.OlActionReplyStyle
3C6859CE-230B-48A4-BE6C-932C0C202048,Sxs Store Class
3C70A419-BB4D-4B5E-8EC1-5B42056BB13F,SummaryField Class
3C9DCA8B-4410-3143-B801-559553EB6725,System.Text.UTF7Encoding
3CCF8A41-5C85-11D0-9796-00AA00B90ADF,Shell DeskBarApp
3CD62A57-BE72-35F3-BB9C-E389DDD9A4D6,Microsoft.AnalysisServices.AggregationType
3CDED51A-86B4-39F0-A12A-5D1FDCED6546,System.Runtime.Remoting.RemotingTimeoutException
3CE74DE4-53D3-4D74-8B83-431B3828BA53,TF_DisplayAttributeMgr
3CF74D9E-465A-3346-BE13-29D3189080B8,Microsoft.AnalysisServices.InstanceSelection
3D07A539-35CA-447C-9B05-8D85CE924F9E,Closed Captions Analysis Filter
3D112E22-62B2-11D1-9FEF-00600832DB4A,MMCTask class
3D154A2D-D911-437E-A30C-5F56A9B7081D,Extract Const Icon Handler
3D367908-928F-3C13-8B93-5E1718820F6D,System.Security.Cryptography.RIPEMD160Managed
3D813DFE-6C91-4A4E-8F41-04346A841D9C,MXXMLWriter 3.0
3D924BB8-2633-4A42-8802-962D83D1C234,Microsoft SQL Server Proxy Message Replication Provider
3D96ED94-5D75-4165-9E1F-1A642C7BA316,Windows Media Player WMEncTextInputSource Class
3DA67B84-F195-11D2-909B-00105A17B608,Dart SnmpVariable Object
3DA67B86-F195-11D2-909B-00105A17B608,Dart SnmpVariables Object
3DA67B88-F195-11D2-909B-00105A17B608,Dart SnmpTrap Object
3DA67B8A-F195-11D2-909B-00105A17B608,Dart SnmpTraps Object
3DA67B8C-F195-11D2-909B-00105A17B608,Dart SnmpMib Object
3DA67B8E-F195-11D2-909B-00105A17B608,Dart SnmpMessage Object
3DA67B91-F195-11D2-909B-00105A17B608,Dart Agent Control
3DA67B94-F195-11D2-909B-00105A17B608,Dart Manager Control
3DAD6C5D-2167-4CAE-9914-F99E41C12CFA,Include In Library Sub Context Menu
3DC09436-7D83-4BA0-ADDC-CD47F996C5BA,AudioMeter Class
3DC7A020-0ACD-11CF-A9BB-00AA004AE837,The Internet
3DD53D40-7B8B-11D0-B013-00AA0059CE02,CDL: Asychronous Pluggable Protocol Handler
3DD6BEC0-8193-4FFE-AE25-E08E39EA4063,NPProvider
3DDB2114-9285-30A6-906D-B117640CA927,System.Security.Policy.ApplicationDirectoryMembershipCondition
3DECD5DD-A27B-48DC-8BAA-2682CFA265FF,Workspace Setup Message Page
3E000D72-A845-4CD9-BD83-80C07C3B881F,CMLUAUTIL
3E458037-0CA6-41AA-A594-2AA6C02D709B,SBE2FileScan
3E4D4F1C-2AEE-11D1-9D3D-00C04FC30DF6,oleprn Class
3E5509F0-1FB9-304D-8174-75D6C9AFE5DA,System.Threading.ThreadStateException
3E5FC7F9-9A51-4367-9063-A120244FBEC7,CMSTPLUA
3E669F1D-9C23-11D1-9053-00C04FD9189D,DXSurface Modifier
3E71F26D-136F-4545-813F-35276024B705,XML Feed Subscribe Dialog
3E784A01-F3AE-4DC0-9354-9526B9370EBA,SAXAttributes 3.0
3E8DA561-3E39-3A6B-8610-4ABD75797A2F,Microsoft.SqlServer.Management.Smo.AsymmetricKey
3E8E0F03-D3FD-3A93-BAE0-C74A6494DBCA,System.AppDomainSetup
3EA48300-8CF6-101B-84FB-666CCB9BCD32,OLE Docfile Property Page
3EDEB818-A0ED-43F2-8CFC-C2330F1EB37E,Microsoft.AnalysisServices.RelationalDataSource
3EE60F5C-9BAD-4CD8-8E21-AD2D001D06EB,InkObject Class
3EE90591-A750-42DF-92FE-4A3C4E3B011A,Microsoft.AnalysisServices.ReportAction
3EEF301F-B596-4C0B-BD92-013BEAFCE793,Destkop Undo Manager
3EF61487-13C3-46DC-8BBD-7E51B30DC991,Microsoft.AnalysisServices.DataSourceViewBinding
3EF76D68-8661-4843-8B8F-C37163D8C9CE,Custom Composition Segment from CCA to Stream Buffer Source
3F037241-414E-11D1-A7CE-00A0C913F73C,DirectMusicSection
3F281000-E95A-11D2-886B-00C04F869F04,Com Call Wrapper Unmarshal Class
3F30C968-480A-4C6C-862D-EFC0897BB84B,Photo Extract Image
3F35F070-99D6-11D2-8D10-00A0C9441E20,Audio Repackager
3F365D00-9DAA-3469-8F87-2157B854FD91,Microsoft.SqlServer.Replication.AddColumnOption
3F454F0E-42AE-4D7C-8EA3-328250D6E272,Automation context menu
3F4A4283-6A08-3E90-A976-2C2D3BE4EB0B,System.Reflection.AssemblyNameProxy
3F4DACA4-160D-11D2-A8E9-00104B365C9F,VBScript Regular Expression
3F50A8CD-284A-4D4E-87CE-A19D7C7504E9,KeyDecoder Class
3F66389B-BA65-4782-BA9D-B66367C8E7F1,Power Control Panel
3F6953F0-5359-47FC-BD99-9F2CB95A62FD,Personal Start Menu
3F69F351-0379-11D2-A484-00C04F8EFB69,CrIris
3F6B5E16-092A-41ED-930B-0B4125D91D4E,MSTTS DecObj Class
3F6BC534-DFA1-4AB4-AE54-EF25A74E0107,System Restore
3F72F5A7-A3E0-3DC8-A123-62373829E2F5,Microsoft.AnalysisServices.ScriptCacheProcessingMode
3FA7A1C5-812C-3B56-B957-CB14AF670C09,System.Security.Cryptography.SignatureDescription
3FB717AF-9D21-3016-871A-DF817ABDDD51,System.EventArgs
3FC0B520-68A9-11D0-8D77-00C04FD70822,Display Control Panel HTML Extensions
3FD7F233-A716-472E-8F2F-C25954F34E96,AudioFormatConvert Class
3FDCEEC6-B14B-37E2-BB69-ABC7CA0DA22F,System.ArgumentException
3FF292B6-B204-11CF-8D23-00AA005FFE58,FoxOLEDB 1.0 Object
3FFB3B8C-EB99-472B-8902-E1C1B05F07CF,LPCM Byte Stream Handler
40031115-09D2-3851-A13F-56930BE48038,System.Security.Cryptography.RNGCryptoServiceProvider
4003191F-71FF-49A2-B591-05C606FADB8B,WMPlayer MusicPropPage Class
402FC25C-C5B2-42B3-B068-203D28F077A9,CheckFormulaRequest Class
405C2D81-315B-3CB0-8442-EF5A38D4C3B8,System.Diagnostics.StackTrace
4062C116-0270-11D3-8BCB-00600893B1B6,DirectMusic Script AutoImp Segment
40700425-0080-11D2-851F-00C04FC21759,Microsoft SQL Server Virtual Device Interface for Client
40A7059B-C66A-3020-AECE-253979FF9243,Microsoft.SqlServer.Management.Nmo.NonHostedEventProvider
40AE2088-CE00-33AD-9320-5D201CB46FC9,System.Diagnostics.SymbolStore.SymDocumentType
40B6664F-4972-11D1-A7CA-0000F87571E3,Scripts (Startup/Shutdown)
40B66650-4972-11D1-A7CA-0000F87571E3,Scripts (Logon/Logoff)
40B66660-4972-11D1-A7CA-0000F87571E3,Scripts (Startup/Shutdown)
40B66661-4972-11D1-A7CA-0000F87571E3,Scripts (Logon/Logoff)
40C003B9-38F2-4F10-98EF-35CBBEF509DB,MultiSelectTreeNodes Class
40C3D757-D6E4-4B49-BB41-0E5BBEA28817,Video Media Properties Handler
40DD6E20-7C17-11CE-A804-00AA003CA9F6,Shell extensions for sharing
4101CD07-5DD8-472A-B9CB-B218F044A20B,SubreportRequestContext Class
410381DB-AF42-11D1-8F10-00C04FC2C17B,COMNSView Class
4108FA85-3586-11D3-8BD7-00600893B1B6,DirectMusicScriptTrack
4125DD96-E03A-4103-8F70-E0597D803B9C,Microsoft Attachment Services
41457294-644C-4298-A28A-BD69F2C0CF3B,ASF Byte Stream Handler
414AC301-8D95-43C8-99D0-3F25E4076945,Microsoft Shared Correction UI
4150F050-BB6F-11D0-AFB9-00AA00B67A42,Format
417BAB8B-9D22-4A88-9DA0-98C4AB6745D5,WPD Settings Commit Page Class
418008F3-CF67-4668-9628-10DC52BE1D08,BDA Tuning Model MPEG2 Component Type Class (Broadcast Substream Type)
418AFB70-F8B8-11CE-AAC6-0020AF0B99A3,Quality Management Property Page
418C8B64-5463-461D-88E0-75E2AFA3C6FA,Explorer Browser Results Folder
418EFEC0-6B8C-45CA-A1AE-91DB5FF682DC,Microsoft.AnalysisServices.ServerProperty
41926230-C58D-4E03-A96B-7121A9B5BB48,IE Packed Property Storage Object
41937347-2ABA-4D4C-A4CA-6FE4F11F1BAC,Network Item Factory
41970D73-92F6-36D9-874D-3BD0762A0D6F,System.Diagnostics.DebuggerHiddenAttribute
41B23C28-488E-4E5C-ACE2-BB0BBABE99E8,HHCtrl Object
41B59E47-D95F-4D2D-837C-CDF232C8C61D,Infragistics Command Button Control 4.0
41B89B6B-9399-11D2-9623-00C04F8EE628,SpInprocRecognizer Class
41B9BE05-B3AF-460C-BF0B-2CDD44A093B1,XML filter
41E300E0-78B6-11CE-849B-444553540000,Display Effects CPL Extension
41FCCC3A-1FA1-4949-953A-6EE61C46A4D1,Microsoft.Audio.AudioClient Binder
42060D27-CA53-41F5-96E4-B1E8169308A6,ReliabilityAnalysisCustomHandler
42071712-76D4-11D1-8B24-00A0C9068FF3,Display Adapter CPL Extension
42071713-76D4-11D1-8B24-00A0C9068FF3,Display Monitor CPL Extension
420F0000-71EB-4757-B979-418F039FC1F9,ElevMgr Class
42150CD9-CA9A-4EA5-9939-30EE037F6E74,Microsoft MPEG-2 Video Encoder
421516C1-3CF8-11D2-952A-00C04FA34F05,Chroma
422133BF-6921-35AE-A449-3A3B9C7472DB,Microsoft.Office.Interop.Outlook.OlTaskDelegationState
4224AC84-9B11-3561-8923-C893CA77ACBE,System.SystemException
424B71AF-0695-11D2-A484-00C04F8EFB69,CrRadialWipe
424BED78-EF88-4B7C-945C-B8CF46D56E20,Authentication UI Last Logged On Username
427BC7E3-F833-4584-8745-CFAB9D7A5761,CTaskConditionCombiner
427FD3D4-F30A-4033-84EF-CBB1A955D9F7,AggregateAssociationList
4286FA72-A2FA-3245-8751-D4206070A191,System.OverflowException
429AF92C-A51F-11D2-861E-00C04FA35C89,%Trident API%
42AE4845-C0D7-332A-848D-2460614E47A2,Microsoft.AnalysisServices.ServerPropertyCategory
42AEDC87-2188-41FD-B9A3-0C966FEABEC1,MruPidlList
42B8D07A-E3F9-310A-BBB3-9215D1C06628,Microsoft.SqlServer.Management.Smo.AsymmetricKeySourceType
42C9B9F5-16FC-47EF-AF22-DA05F7C842E3,WAV Byte Stream Handler
42DFB618-A403-4401-908F-FE979B2215C8,PSFactoryBuffer
42EDC775-6308-3D10-AF2D-729CF31AA5B5,dao.RecordsetTypeEnum
430DA762-8632-4840-BC61-3EEAA078E62E,Windows Display Settings Data
43136EB5-D36C-11CF-ADBC-00AA00A80033,NodeInit 1.0 Object
4315D437-5B8C-11D0-BD3B-00A0C911CE86,DeviceMoniker
43232233-8338-4658-AE01-0B4AE830B6B0,PortableDeviceDispatchFactory Class
432D76CE-8C9E-4EED-ADDD-91737F27A8CB,Microsoft.JScript.DebugConvert
4336A54D-038B-4685-AB02-99BB52D3FB8B,Public Folder
4337F6A7-CF54-4B72-BCC5-CE6DE02C881C,DirList Class
433CA926-9887-3541-89CC-5D74D0259144,System.Runtime.Remoting.Metadata.W3cXsd2001.SoapIdref
4345A2F4-05F5-48D6-B8A2-99D4A2E7B950,PSFactoryBuffer
434A6274-C539-4E99-88FC-44206D942775,AccesibilityCplAdmin Class
4356B08E-ECB5-43D1-8E9F-7BEF4FC960FE,Manage Add-ons Admin Broker
435899C9-44AB-11D1-AF00-080036234103,DSPrintQueue Class
437FF9C0-A07F-4FA0-AF80-84B6C6440A16,Command Folder
43886CD5-6529-41C4-A707-7B3C92C05E68,IE Navigation Bar
43A8F463-4222-11D2-B641-006097DF5BD4,Shell Name Space ListView
43B07326-AAE0-4B62-A83D-5FD768B7353C,InkRectangle Class
43B2AECB-DE63-4FFC-950F-E2F96FED188F,ReportPartIDs Class
43CD41AD-3B78-3531-9031-3059E0AA64EB,System.Version
43F1DAA4-1F97-35E1-8702-E2C431D4CECF,Microsoft.SqlServer.Replication.DeadlockPriority
43F3DB34-4346-4848-BB4B-5C329A656E19,Microsoft.AnalysisServices.AlgorithmParameter
43FB1553-AD74-4EE8-88E4-3E6DAAC915DB,InkCollector Class
44181B13-AE94-3CFB-81D1-37DB59145030,System.Security.Cryptography.SHA256Managed
443C8934-90FF-48ED-BCDE-26F5C7450042,PSFactoryBuffer
443E7B79-DE31-11D2-B340-00104BCC4B4A,WbemUnauthenticatedLocator Class
4444AC9E-242E-471B-A3C7-45DCD46352BC,VMR Allocator Presenter DDXcl Mode
445C3160-BF33-3A1F-BC05-5D82BE631E53,Microsoft.Office.Interop.Outlook.OlGender
44775F84-D575-350D-891F-E077608504CD,Microsoft.SqlServer.Management.Smo.PartitionFunction
4479C009-4CC3-39A2-8F92-DFCDF034F748,System.IO.IsolatedStorage.IsolatedStorageException
447EDBE5-0080-4036-A0BB-7B84C58C604F,IEDataObjectWrapper
4488509F-8755-3D55-87E5-8E1D344063A9,Microsoft.SqlServer.Management.Smo.View
448D2EC7-7647-3A60-91AF-10CE412C575B,Microsoft.SqlServer.Management.Smo.SqlAssemblyEventSet
449F0533-E601-4C13-9841-4946FB641699,Microsoft.AnalysisServices.Level
44A81787-1900-4F73-AAB6-292D867A50C4,ExportOptions Class
44BCBE23-6AD5-4320-9347-EACD396123E4,Microsoft.AnalysisServices.MeasureBinding
44C39C96-0167-478F-B68D-783294A2545D,Manage Network Names
44C76ECD-F7FA-411C-9929-1B77BA77F524,IE Menu Site
44CB442B-9DA9-49DF-B3FD-023777B16E50,Http Scheme Handler
44DA8435-B187-4DD6-8F32-9341EB7E4C3C,CLSID_CSmapiProxy
44DCEEE5-C7BA-3466-A2F6-89708CA5A5E8,Microsoft.Office.Interop.Access.AcFormatConditionType
44E5800E-C20A-47E0-8D3D-EABDDFC1B3E3,NullGroupPath Class
44EA4C48-CBC0-4149-8EAF-DA471B8EB632,RecentFiles Class
44EC053A-400F-11D0-9DCD-00A0C90391D3,Registrar Class
44F3DAB6-4392-4186-BB7B-6282CCB7A9F6,MyDocuments menu and properties
44F9A03B-A3EC-4F3B-9364-08E0007F21DF,TaskSymbol Class
4516CEE1-97DA-4030-A444-2D8E296B96B6,IE Property Store Over Property Set Storage
4516EC43-8F20-11D0-9B6D-0000C0781BC3,DirectXFile Object
4522C772-9A2B-4920-AD7F-62D3D15EAC52,Restore Default Favorite Links Command
45234E3E-61CC-4311-A3AB-248082554482,Plug-in Terminal
45597C98-80F6-4549-84FF-752CF55E2D29,Add to Windows Media Player list
455ACF57-5345-11D2-99CF-00C04F797BC9,PSFactoryBuffer
455C3E04-BFE9-4089-8622-F2464EC3FDDB,SSCE Active Sync Engine Object
455F24E9-7396-4A16-9715-7C0FDBE3EFE3,SpNullPhoneConverter Class
455F6102-C83A-4D07-BA36-B6DA9D589AE2,RdpAudioSink Class
45670FA8-ED97-4F44-BC93-305082590BFB,Microsoft XPS Shell Metadata Handler
4582746F-473B-4022-A7E9-887CBEDD8F85,SBE IO counters
4582EBA9-6AA1-4D79-824E-728929EF455D,XWizard Factory Generated Class
458AA3B5-265A-4B75-BC05-9BEA4630CF18,System.EnterpriseServices.Internal.AssemblyLocator
4590F811-1D3A-11D0-891F-00AA004B2E24,WBEM Locator
4590F812-1D3A-11D0-891F-00AA004B2E24,Microsoft WBEM WbemClassObject Marshalling proxy
4599202D-460F-3FB7-8A1C-C2CC6ED6C7C8,System.Collections.Stack
45C86536-A7A3-480C-A702-2C3D86B46074,PSFactoryBuffer
45FD65ED-6BC2-47AE-B391-9E2B79F07C52,System Control Panel
46080753-2524-4FAF-8BD1-EDFDA1085209,Microsoft.AnalysisServices.TraceColumn
46080CA7-7CB8-3A55-A72E-8E50ECA4D4FC,System.Runtime.CompilerServices.CallConvThiscall
460DB706-1773-37E0-B9A9-51ED551C76BF,Microsoft.SqlServer.Management.Smo.Database
461CDD3F-D54E-4033-A0AA-6CD24F152AA1,WlanDlg Get Key UI Page Class
463AE13F-C7E5-357E-A41C-DF8762FFF85C,System.Runtime.Remoting.Metadata.W3cXsd2001.SoapMonthDay
46408325-AF70-4AB0-90D9-7B1779C1AD87,VsFreeLoader Class
464CBD74-3177-4593-ADC7-7F7AC6F29286,Microsoft SQL Server Minimum Conflict Resolver
4657278A-411B-11D2-839A-00C04FD918D0,Shell Drag and Drop helper
4662F5C6-2474-316E-A310-8F521D6A0AD4,Microsoft.Office.Interop.Access.RefKind
4666B2A3-340A-46F5-9D59-EEA5B95BA516,Microsoft.AnalysisServices.CubeDimensionPermission
46763EE0-CAB2-11CE-8C20-00AA0051E5D4,Obsolete Font
469AFBDF-084F-4DC9-904F-9E824C48BC37,Folder Initialization Handler
46C166AA-3108-11D4-9348-00C04F8EEB71,Home Networking Configuration Manager
46CB32FA-B5CA-8A3A-62CA-A7023C0496C5,CIEContentAdvisorBroker
46E31370-3F7A-11CE-BED6-00AA00611080,Microsoft Forms 2.0 MultiPage
46E97093-B2EC-3787-A9A5-470D1A27417C,System.DllNotFoundException
47206204-5ECA-11D2-960F-00C04F8EE628,SpSharedRecoContext Class
472E158F-1378-30C0-BB41-3494667797AE,Microsoft.SqlServer.Replication.PublicationCompatibilityLevel
47354492-827E-4B8A-B318-C80EBA1381F0,CClusterDetectorEx
473AA80B-4577-11D1-81A8-0000F87557DB,DX2D Anti-Aliasing
4753DA60-5B71-11CF-B035-00AA006E0975,ADs Provider Object
475E398F-8AFA-43A7-A3BE-F4EF8D6787C9,System.Runtime.InteropServices.RegistrationServices
4767CF7A-91A1-3073-957E-1DA29E39CA2F,Microsoft.AnalysisServices.ImpersonationLevel
4774081B-BFC5-3282-8416-AEC27E6F5458,Microsoft.SqlServer.Management.Smo.PartitionScheme
477A7D8E-8D26-3959-88F6-F6AB7E7F50CF,System.Security.Cryptography.HMACSHA512
477EC299-1421-4BDD-971F-7CCB933F21AD,File Scheme Handler
47922F3A-A6AF-4F2A-AE68-8B08E0CF38A8,Microsoft.AnalysisServices.Database
47BB6BB8-AF43-445D-AC62-EEB865E6A84C,XmlSerializationContext Class
47C810FE-23A3-436C-BDCC-112C0FED1FA9,ObjectFormatConditionFormulas Class
47D3C68D-7D85-3227-A9E7-88451D6BADFC,System.Collections.CaseInsensitiveHashCodeProvider
47D4D946-62E8-11CF-93BC-444553540000,DirectSound Object
47DFBE54-CF76-11D3-B38F-00105A1F473A,WBEM Scripting DateTime
47FDDA97-D41E-3646-B2DD-5ECF34F76842,Microsoft.CLRAdmin.MMCN
48025243-2D39-11CE-875D-00608CB78066,Internal Text Renderer
480FF4B0-28B2-11D1-BEF7-00C04FBF8FEF,DirectMusicCollection
48123BC4-99D9-11D1-A6B3-00C04FD91555,XML Document
483A4096-A4DD-497B-A0FC-739AE0C373BE,BoxObject Class
483AFB5D-70DF-4E16-ABDC-A1DE4D015A3E,AzPrincipalLocator Class
484632D7-4093-3088-A72E-DE5F78A4D0C9,dao.CollatingOrderEnum
48527BB3-E8DE-450B-8910-8C4099CB8624,Empty Recycle Bin verb invocation
48728B3F-F7D9-36C1-B3E7-8BF2E63CE1B3,System.Runtime.Remoting.Channels.TransportHeaders
4876DC0E-F963-4227-9A8F-19872B75D231,Storage Devices Handler
489331DC-F5E0-4528-9FDA-45331BF4A571,CInitiateWinSAT Class
4898AD37-FE05-42DF-92F9-E857DDFEE730,SQLNCLI Enumerator
489B69AA-C06E-35EF-8678-FEDDC48CE5C1,Microsoft.AnalysisServices.Scripter
48A75519-CB7A-3D18-B91E-BE62EE842A3E,System.Threading.SynchronizationLockException
48AA163A-93C3-30DF-B209-99CE04D4FF2D,Microsoft.CLRAdmin.DataGridComboBox
48AD62E8-BD40-37F4-8FD7-F7A17478A8E6,System.Runtime.Remoting.Metadata.W3cXsd2001.SoapDateTime
48C2DAF2-F746-41D8-B0A9-D8FE3A0753BB,Microsoft Embedded Common Language Runtime
48C6BE7C-3871-43CC-B46F-1449A1BB2FF3,Offline Files Cache Control
48C6E96F-A2F3-33E7-BA7F-C8F74866760B,System.IO.FileNotFoundException
48D0CFE7-3128-3D2C-A5B5-8C7B82B4AB4F,System.Runtime.CompilerServices.MethodImplAttribute
48E277F6-4E74-4CD6-BA6F-FA4F42898223,Windows Search OpenSearch Provider
48E2ED0F-98C2-4A37-BED5-166312DDD83F,MFReadWrite Class Factory
48E7CAAB-B918-4E58-A94D-505519C795DC,Start Menu Folder
49010C18-B110-421A-9047-ADCA421CBC40,IMRequestRA Class
49153062-DC59-4704-8725-224AEB8EE6F5,AlternateSyncPartners Class 9.0
492FA51B-0302-3516-8927-394E7777DDA6,dao.WorkspaceTypeEnum
494A0A68-140E-4949-8DC4-67A669DE327A,Infragistics Option Control 4.0
4955DD33-B159-11D0-8FCF-00AA006BCC59,CActiveIMMApp
49638B91-48AB-48B7-A47A-7D0E75A08EDE,BDA Tuning Model Analog Locator
498B0949-BBE9-4072-98BE-6CCAEB79DC6F,SmartRenderEngine Class
4991D34B-80A1-4291-83B6-3328366B9097,Background Intelligent Transfer Control Class 1.0
499EAEEA-2737-4849-8BB6-47F107EAF358,CTocParser
49ACAA99-F009-4524-9D2A-D751C9A38F60,PSFactoryBuffer
49B2791A-B1AE-4C90-9B8E-E860BA07F889,MMC Application Class
49C407EF-78B9-4C82-A40B-2FE02F8E771D,Windows Theme Thumbnail Preview
49C47CE0-9BA4-11D0-8212-00C04FC32C45,SFilter Class
49C47CE4-9BA4-11D0-8212-00C04FC32C45,Stream Class
49C47CE5-9BA4-11D0-8212-00C04FC32C45,MMStream Class
49DF3409-46B3-4B0C-B7BF-FEC0F9401EDD,Factoid Class
49EB6558-C09C-46DC-8668-1F848C290D0B,Scope Picking Dialog
49F371E1-8C5C-4D9C-9A3B-54A6827F513C,Sharing Configuration Manager
49FC0B81-206C-407F-9F5B-106E5A3EE2D7,SCImeComponentMgr
4A03DCB9-6E17-4A39-8845-4EE7DC5331A5,Spiral
4A04656D-52AA-49DE-8A09-CB178760E748,Recycle Bin Manager
4A16043F-676D-11D2-994E-00C04FA309D4,CLSID_DatabaseSession
4A1E5ACD-A108-4100-9E26-D2FAFA1BA486,IGD Property Page
4A2286E0-7BEF-11CE-9BD9-0000E202599C,MPEG Audio Codec
4A2DD5CC-BFDB-472F-AD8D-CE3C7953BE52,Microsoft.VisualStudio.OfficeTools.Controls.Design.DataServiceProvider
4A31AE41-B691-49B4-86A2-E7E1F97F467B,FetchReportPartRequest Class
4A38E4EF-F55B-4A59-8F02-BDEFB0B1308A,CGNPMpeg2DataControl
4A40F1F3-30B1-4BF1-9370-7D3D01F9EDE4,LocalConnectionMgr Class 10.5
4A4EBE8E-AE27-4AA3-B702-F365C4A90FAC,PSFactoryBuffer
4A5869CF-929D-4040-AE03-FCAFC5B9CD42,Generic Sink Segment
4A65D267-1539-4BD1-921D-1C49B3E58EB7,SnapInFailureReporter
4A6B8BAD-9872-4525-A812-71A52367DC17,RasGcw LUA
4A714C8E-E664-4024-9C74-1A82A3DA842A,Authentication UI Background
4A76B469-7B66-4DD4-BA2D-DDF244C766DC,GSM ACM Wrapper MFT
4A79BC52-2965-49D3-88D1-486D5FFCEF12,Microsoft.AnalysisServices.QueryBinding
4A7DED0A-AD25-11D0-98A8-0800361B1103,MyFolder menu and properties
4A8ECCAC-181D-4C1B-BF8F-5D52C4008FB9,Accessing Options for Structured Query
4AAF902A-F8B8-3900-9F86-3E1E284F5BB7,dao.FieldAttributeEnum
4ABF5A06-5568-4834-BEE3-327A6D95A685,Matrix
4AD71B0C-B90D-4FD5-AEAB-1582D2266DC4,Crystal ActiveX Report Viewer Fields 10.5
4ADB2E9C-A64C-3974-886A-8975D342BEC1,Microsoft.Office.Interop.Access.AcTextTransferType
4AF4A5FC-912A-11D1-B945-00A0C90312E1,Microsoft Docking Bar Property Bag
4AFB1751-F142-4698-902A-BD19F3492458,Microsoft.SqlServer.Replication.StatusEventArgs
4B0A2997-E555-4F84-B45B-68AB8BC57635,RdpEndpoint Class
4B181F0F-48C8-4E80-A2AF-E3099AAC069B,PresentationHost in-proc handler
4B273BB8-914C-4B23-A8D2-7DED53B5D185,Microsoft.AnalysisServices.ActionTargetType
4B2E958D-0393-11D1-B1AB-00AA00BA3258,COM+ Active Process Iteration Server
4B385BCE-190B-46C5-AEAB-51358A8E1CB6,Microsoft SQL Server Additive Conflict Resolver
4B534112-3AF6-4697-A77C-D62CE9B9E7CF,Sync Center Event Properties Extension
4B601364-A04B-38BC-BD38-A18E981324CF,System.Runtime.CompilerServices.CompilerGlobalScopeAttribute
4B6657E4-B973-46CD-9BB3-6E5EBD82448F,PortableDeviceWMDRM Class
4B78D326-D922-44F9-AF2A-07805C2A3560,IE Menu Band
4B7A611F-C794-33AC-BAA1-58935A47B11A,Microsoft.SqlServer.Management.Smo.Broker.ServiceRoute
4B966436-6781-4906-8035-9AF94B32C3F7,SPP Class
4BB79517-0EAA-479D-8138-26901E914395,ParameterFieldRangeValue Class
4BB7A93E-A196-3902-86A2-9CC8501169C9,Microsoft.SqlServer.Management.Smo.ServerPermissionSet
4BCBE909-5B08-4CFB-B28F-5BBCAFAAADD3,NeoCalendarII.CFrame
4BDAFC52-FE6A-11D2-93F8-00105A11164A,IVolumeClient2_PSFactory
4BDD6232-2E55-4A1F-AAAD-961D76F439BA,PSFactoryBuffer
4BE0537B-5C19-11D3-8BDC-00600893B1B6,DirectMusicParamControlTrack
4BE5C3B3-53A2-4F2F-AF9D-D26A5327EB92,Microsoft Korean IME 8.0 SKF Applet
4BE89AC3-603D-36B2-AB9B-9C38866F56D5,System.Runtime.InteropServices.SafeArrayRankMismatchException
4BE9F8DF-07FC-3FCC-B6C3-1E6080AD0DB7,Microsoft.SqlServer.Management.Smo.DatabasePermissionInfo
4BEC2015-BFA1-42FA-9C0C-59431BBE880E,Shell URL
4C053792-AD5E-4DEB-8164-D788AF80C5BA,FieldRangeFilterItem Class
4C1FC63A-695C-47E8-A339-1A194BE3D0B8,UIAnimationManager
4C3EBFD5-FC72-33DC-BC37-9953EB25B8D7,System.AccessViolationException
4C41678E-887B-4365-A09E-925D28DB33C2,Debug Information Accessor
4C4A5E40-732C-11D0-8816-00A0C903B83C,CertServerPolicy Class
4C596AEC-8544-4082-BA9F-EB0A7D8E65C6,CivicAddress Report Class
4C599241-6926-101B-9992-00000B65C6F9,Microsoft Forms 2.0 Image
4C6470A6-3F91-4F41-850B-DB9BCD074537,Microsoft Feeds Background Sync Component
4C649C49-C48F-4222-9A0D-CBBF4231221D,Photo Printing with Templates Wizard
4C69C54F-9824-38CC-8387-A22DC67E0BAB,System.Security.Cryptography.X509Certificates.X509Certificate
4C6F940C-3CFE-11D2-9EE7-00C04F797396,SpTaskManager Class
4C836512-BB70-11D2-A5A7-00105A9C91C6,Xceed Compression Control
4C870C20-4ED3-4235-9A2A-7185F8A87D06,HanjaDic Class
4C892621-6757-4FE0-AD8C-A6301BE7FBA2,Windows Settings Page
4C8D0AF0-7BF0-4F33-9117-981A33DBD4E6,FilePlaybackTerminal Class
4C97136C-B629-45D2-9FFC-05B2430176B8,DocumentPaneMappper Class
4CADFAE1-5512-456A-9D65-5B5E7E9CA9A3,PortableDeviceClassExtension Class
4CB26C03-FF93-11D0-817E-0000F87557DB,DXTaskManager
4CB43D7F-7EEE-4906-8698-60DA1C38F2FE,UpdateSession Class
4CCEA634-FBE0-11D1-906A-00C04FD9189D,Pixelate
4CD41461-F704-4DC0-BD43-14E70FE153F9,Sort Class
4CE576FA-83DC-4F88-951C-9D0782B4E376,UIHostNoLaunch Class
4CF2D078-411B-3642-8D70-9DAE9CFD4F32,dao.TableDefAttributeEnum
4CFC7932-0F9D-4BEF-9C32-8EA2A6B56FCB,Microsoft WMI Provider Subsystem Decoupled Registrar
4D111E08-CBF7-4F12-A926-2C7920AF52FC,Shell Security Editor
4D187AC2-D815-3B7E-BCEA-8E0BBC702F7C,System.Security.Cryptography.RSAOAEPKeyExchangeDeformatter
4D317113-C6EC-406A-9C61-20E891BC37F7,RASettingProperty Class
4D5C8C2A-D075-11D0-B416-00C04FB90376,Microsoft CommBand
4DB1AD10-3391-11D2-9A33-00C04FA36145,PSFactoryBuffer
4DB26476-6787-4046-B836-E8412A9E8A27,Shared Bitmap Object
4DD1D1C3-B36A-4EB4-AAEF-815891A58A30,Vector Class
4DD441AD-526D-4A77-9F1B-9841ED802FB0,SAXAttributes
4DDA1941-77A0-4FB1-A518-E2185041D70C,CTocGeneratorDmo
4DDB6D36-3BC1-11D2-86F2-006008B0E5D2,MSP Class
4DE7016C-5EF9-11D1-8C13-00C04FD8D503,Microsoft User Extension
4DF0C730-DF9D-4AE3-9153-AA6B82E9795A,Known Folder Manager
4DF929E7-4C5E-4587-A598-7ED7B3D6E462,AddMdmObj Class
4DFED3F9-B794-4D3C-973B-DDA1C28105A9,Private Profile Object
4E0680A0-A0A2-11D0-8821-00A0C903B83C,Encode Long Array Class
4E14FBA2-2E22-11D1-9964-00C04FBBB345,Event System
4E3770F4-1937-4F05-B9A2-959BE7321909,WZShellViewControls.TreeNode.61
4E3C66D5-58D4-491E-A7D4-64AF99AF6E8B,VSTO Loader
4E40F770-369C-11D0-8922-00A024AB2DBB,Security Shell Extension
4E515531-7A71-3CDD-8078-0A01C85C8F9D,System.Runtime.Remoting.Metadata.W3cXsd2001.SoapName
4E77EC8F-51D8-386C-85FE-7DC931B7A8E7,System.Random
4E9844E6-91E5-3143-8F15-1BE6EAD55138,Microsoft.SqlServer.Management.Smo.FullTextIndex
4EA9A1B7-E521-4813-A9F8-BA6484902CB5,SMB Helper Class
4EA9D6EF-694B-4218-8816-CCDA8DA74BBA,SensorDataReport Class
4EB2F086-C818-447E-B32C-C51CE2B30D31,Microsoft RDP Client Control - version 6
4EB31670-9FC6-11CF-AF6E-00AA00B67A42,DV Splitter
4EB89FF4-7F78-4A0F-8B8D-2BF02E94E4B2,Microsoft RDP Client Control (redistributable) - version 6
4ED058B4-6CD9-4CA4-9125-73CD589C56AE,Microsoft.AnalysisServices.ClrAssemblyFileType
4EDCB26C-D24C-4E72-AF07-B576699AC0DE,Microsoft RDP Client Control (redistributable) - version 5
4EE17959-931E-49E4-A2C6-977ECF3628F3,DirectMusic Audio VB Script Language
4EFE2452-168A-11D1-BC76-00C04FB9453B,MidiOut Class Manager
4F1DFCA6-3AAD-48E1-8406-4BC21A501D7C,Workspace Class
4F272C37-F0A8-350C-867B-2C03B2B16B80,System.Runtime.Serialization.ObjectIDGenerator
4F31E189-94F9-37C1-A31A-124ADEF6A770,Microsoft.SqlServer.Management.Nmo.SubscriptionConditionEventRule
4F3CF1B0-579D-3F97-BD7B-08880AEB884A,Microsoft.SqlServer.Management.Nmo.InstanceDatabaseFile
4F414126-DFE3-4629-99EE-797978317EAD,SpPhoneticAlphabetConverter Class
4F48FFB2-1BD7-4DF5-94C6-AEE9D817B431,Microsoft.AnalysisServices.ErrorPriority
4F4DB904-CA35-4A3A-90AF-C9D8BE7532AC,RecoExt Class
4F526C32-FC48-4EFC-9923-12DEDB36DCC9,QEUtil Class
4F58F63F-244B-4C07-B29F-210BE59BE9B4,.group shell extension handler
4F637904-2CAB-4F0E-8688-D3717EBD2975,Group Policy About Information
4F664F91-FF01-11D0-8AED-00C04FD7B597,OleSNMP Class
4F695794-BFCF-48B0-A323-F874F9BD45F2,Windows Media Player WMEncFileTransferSource Class
4F6BCD94-C2A5-42CE-8DBC-31E794BE4630,Shell Computer Accounts
4F99A075-5227-11D2-AD06-00105A17B608,Dart Daemon Control
4FAF64F1-A3BA-4172-B922-E6A22ACF7E3D,XWizard Factory Generated Class
4FDBC3E5-7121-4487-AB95-B58EC04648DB,Extensible Media Manager Helper Class
4FDEF1B1-1055-3889-B2C6-CCE1BC9556DC,Microsoft.Office.Interop.Access.AcImeSentenceMode
4FDEF69C-DBC9-454E-9910-B34F3C64B510,PSFactoryBuffer
4FE24495-28CE-4920-A4C4-E556E1F0DF2A,CToc
50040C1D-BDBF-4924-B873-F14D6C5BFD66,MediaDevMgrClassFactory Class
500DD1A1-B32A-4A37-9283-1185FB613899,PSFactoryBuffer
50348D72-C73B-4787-87DD-9FD8DD69E87A,MapObject Class
50369004-DB9A-3A75-BE7A-1D0EF017B9D3,System.Runtime.Serialization.Formatters.Binary.BinaryFormatter
503739D0-4C5E-4CFD-B3BA-D881334F0DF2,VaultCredProvider
504EA368-ADD1-48E4-A0C0-72DB0DBFCE75,FetchReportViewingRequest Class
5058292D-A244-4840-AB44-480975C4FFE4,CTocCollection
5068B32E-DFE0-48C2-9816-4549033447DB,PSFactoryBuffer
506D89AE-909A-44F7-9444-ABD575896E35,DxtAlphaSetter Class
5088B39A-29B4-4D9D-8245-4EE289222F66,QueryParserManager Class
5089F249-D6F6-346D-9A5D-B80EB4AF2C2C,Microsoft.SqlServer.Replication.AutomaticReinitializationPolicies
5090A72A-258E-446A-BC4E-A08E252C4EC1,ParameterField Class
50A7B286-7D23-41E6-9440-4DAEE00DC5F0,LogicalSensorManager Class
50AAD4C2-61FA-3B1F-8157-5BA3B27AEE61,System.STAThreadAttribute
50B6327F-AFD1-11D2-9CB9-0000F87A369E,AD System Info Object
50CC2C18-B48C-4764-8F3F-0331ED295CE4,Undo command invocation
50D5107A-D278-4871-8989-F4CEAAF59CFC,CActiveIMMAppEx_Trident
50EF4544-AC9F-4A8E-B21B-8A26180DB13F,Local Thumbnail Cache
50FBBB3C-1F66-3B6C-9A17-436FFAFFD670,Microsoft.SqlServer.Management.Nmo.SubscriptionConditionScheduledRule
5107E45F-6F3C-4F25-B15C-700F0F1716D9,CompoundResultInfo Class
511A4154-5182-4DDA-A76A-79B7C9AAC280,PSFactoryBuffer
51372AF3-CAE7-11CF-BE81-00AA00A2FA25,MTSPackage
513D916F-2A8E-4F51-AEAB-0CBC76FB1AF8,LayerUIPropPage
514B5E31-5596-422F-BE58-D804464683B5,Region and Language UAC Elevation
51506C53-F13B-4733-88A9-6DA4A6458D6A,Infragistics Check Control 4.0
51653423-E62D-4FF7-894A-DABB2B8E21E2,CrawlStartPages Task Handler
517F6AA6-D6FA-46D0-8094-17FF17E4CCF4,HomeGroup Security Hosted Listener
5187333F-C7AC-38B1-A28E-2BB0859E357A,dao.ReplicaTypeEnum
51B4ABF3-748F-4E3B-A276-C828330E926A,Video Mixing Renderer 9
51E86C69-0E56-39DF-A98C-07A8EDA73FAB,Microsoft.AnalysisServices.ScriptAction
520CCA61-51A5-11D3-9144-00104BA11C5E,Microsoft IMAPI Disc Recorder
520CCA63-51A5-11D3-9144-00104BA11C5E,Microsoft IMAPI Disc Master
5210F8E4-B0BB-47C3-A8D9-7B2282CC79ED,WMAPro over S/PDIF DMO
5220CB21-C88D-11CF-B347-00AA00A28331,Microsoft Licensed Class Manager 1.0
522E34A4-07F7-40A1-94D0-1BFE832EFC3A,PSFactoryBuffer
52478F9D-620A-4FC4-98F4-E594BEA9E676,Microsoft.AnalysisServices.ServerPropertyCollection
524B13ED-2E57-40B8-B801-5FA35122EB5C,DrawAttrs Class
5255EFED-103A-4444-B124-F88F99E4EF8D,HomeGroup Printer Hosted Listener
527C9A9B-B9A2-44B0-84F9-F0DC11C2BCFB,Microsoft DocProp Static Property Control
528D46B3-3A4B-4B13-BF74-D9CBD7306E07,XML Feed Document
529A9E6B-6587-4F23-AB9E-9C7D683E3C50,TF_ThreadMgr
52A2AAAE-085D-4187-97EA-8C30DB990436,HHCtrl Object
52ABB37C-918A-3A4B-9D16-6EE69EF9E9FC,Microsoft.Office.Interop.Outlook.OlSyncState
52CE2FE5-04C3-42FD-8A8B-4251AFFB8408,CLSID_ResultSetManager
52CEE661-1423-472A-8EB6-E75CADC4012C,SectionFormat Class
52D4DC40-0A35-426E-A801-DEA34FFD5674,KiwiSDTaskEngine.FileCleanUp
52E4E90A-F4AF-460A-9E60-FDFB86C9DD5D,Windows Media Player WMEncoder Class
52F15C89-5A17-48E1-BBCD-46A3F89C7CC2,LeafCondition Class
52F5D46F-CBEA-4D07-BCB7-7296853F0CF2,XMLPProcessor Class
531FDEBF-9B4C-4A43-A2AA-960E8FCDC732,ImTCTip
5326DDDC-EC38-428D-B219-CE6DADB35DE3,Connect to a network
53362C32-A296-4F2D-A2F8-FD984D08340B,RemoteProxyFactory32 Class
533E4F00-A495-4A6E-8BAF-F18E00E0877E,Microsoft SQL Conflict Resolver
53445BED-3213-453B-A12A-79AA20A702DC,LegacyPrintUI Class
53510D24-57EB-4713-9AFB-E6E60530B87E,IE RSS Feeds Tasks
5361DDE7-3A2B-4D27-9E20-BB84B0571393,FpFile Class
53655704-5956-11D3-91AA-005004B34F28,RSLicense2 Class
5378EA91-2AD1-31F1-A7EE-6C9EBA1F0B0A,RedGate.Profiler.Engine.WebApplicationDefinition
5388A04F-0218-4F95-8EBB-2027109BF903,Microsoft.SqlServer.Replication.SnapshotGenerationAgent
5399E694-6CE5-4D6C-8FCE-1D8870FDCBA0,Control Panel command object for Start menu and desktop
53A01E9D-61CC-4CB0-83B1-31BC8DF63156,Microsoft DocProp Icon List Control
53A3C917-BB24-3908-B58B-09ECDA99265F,System.Runtime.Remoting.InternalRemotingServices
53BD6B4E-3780-4693-AFC3-7161C2F3EE9C,MruLongList
53BEDF0B-4E5B-4183-8DC9-B844344FA104,MAPI Mail Previewer
540D8A8B-1C3F-4E32-8132-530F6A502090,Language bar
54101811-3328-3284-AD79-AF6F89389E6D,Microsoft.AnalysisServices.ConnectionExceptionCause
541987EE-0E02-411E-9A85-1FC6156E7F4B,audiomatrix class
5440837F-4BFF-4AE5-A1B1-7722ECC6332A,AccStore Class
544BCDA3-75F0-3DA1-9B8A-024782808021,Microsoft.AnalysisServices.AggregationInstanceAttribute
5454AEB0-E668-3AC6-926B-5E8DAD422235,Microsoft.SqlServer.Management.Smo.StoredProcedureParameter
545AE700-50BF-11D1-9FE9-00600832DB4A,MMCCtrl class
546112D6-EF94-3A8F-AC44-6F5B10B3FBD7,Microsoft.SqlServer.Management.Smo.PropertyWriteException
54702535-2606-11D1-999C-0000F8756A10,Text Label Class
547686AE-A511-3566-8C4F-5655D06DD7A1,Microsoft.SqlServer.Replication.MergeSubscriberType
548968F5-17F7-4751-A581-FF0F1C732995,Authentication UI System Settings
548C6316-751F-4B34-B8D9-A56FCEE53BC8,Crystal ActiveX Report Viewer Control 10.5
5491AB67-AFEB-48B1-B8DF-B2D63810EF40,PSFactoryBuffer
549365D0-EC26-11CF-8310-00AA00B505DB,ADsDSOObject
54A05253-96FA-4B98-B8FD-9534D7255914,PSFactoryBuffer
54AF9350-1923-11D3-9CA4-00C04F72C514,MDACVer.Version
54B50739-686F-45EB-9DFF-D6A9A0FAA9AF,PSFactoryBuffer
54BA1E8F-818D-407F-949D-BAE1692C5C18,Attribute Class
54CE37E0-9834-41AE-9896-4DAB69DC022B,Microsoft RDP Client Control (redistributable) - version 5a
54D38BF7-B1EF-4479-9674-1BD6EA465258,Microsoft RDP Client Control - version 8
54D8502C-527D-43F7-A506-A9DA075E229C,System.Management.Instrumentation.ManagedCommonProvider
54E7A694-1FD4-433A-AEFC-F0088D98F38C,CustomFunction Class
54FAF89E-8DE3-4BB0-B3F7-BE305103548B,Microsoft.AnalysisServices.DsvTableBinding
550C8FFB-4DC0-4756-828C-862E6D0AE74F,Chain Class
550DDA30-0541-11D2-9CA9-0060B0EC3D39,XML Data Source Object
5512D110-5CC6-11CF-8D67-00AA00BDCE1D,Microsoft Forms 2.0 HTML SUBMIT
5512D112-5CC6-11CF-8D67-00AA00BDCE1D,Microsoft Forms 2.0 HTML IMAGE
5512D114-5CC6-11CF-8D67-00AA00BDCE1D,Microsoft Forms 2.0 HTML RESET
5512D116-5CC6-11CF-8D67-00AA00BDCE1D,Microsoft Forms 2.0 HTML CHECKBOX
5512D118-5CC6-11CF-8D67-00AA00BDCE1D,Microsoft Forms 2.0 HTML OPTION
5512D11A-5CC6-11CF-8D67-00AA00BDCE1D,Microsoft Forms 2.0 HTML TEXT
5512D11C-5CC6-11CF-8D67-00AA00BDCE1D,Microsoft Forms 2.0 HTML Hidden
5512D11E-5CC6-11CF-8D67-00AA00BDCE1D,Microsoft Forms 2.0 HTML Password
5512D122-5CC6-11CF-8D67-00AA00BDCE1D,Microsoft Forms 2.0 HTML SELECT
5512D124-5CC6-11CF-8D67-00AA00BDCE1D,Microsoft Forms 2.0 HTML TextAREA
55136805-B2DE-11D1-B9F2-00A0C98BC547,Shell Name Space
5520B6D3-6EC6-3CE7-958B-E69FAF6EFF99,System.Runtime.Remoting.Contexts.SynchronizationAttribute
5537E283-B1E7-4EF8-9C6E-7AB0AFE5056D,CRasProvider
553858A7-4922-4E7E-B1C1-97140C1C16EF,IE Component Categories cache daemon
554BBCA3-925F-4797-9460-2421A8CD7030,Microsoft.AnalysisServices.Server
55521FAA-5BD5-4A86-90AC-CED13D8BD54E,Alerts Class
555278E2-05DB-11D1-883A-3C8B00C10000,Scale
5554AAF0-2FB1-3DAC-8B02-224E6CA40D1B,Microsoft.Office.Interop.Access.AcModuleType
5569E7F5-424B-4B93-89CA-79D17924689A,Windows Media Player Plug-in Registrar
557892C9-D64E-4DB1-961B-5942124B4906,Microsoft.AnalysisServices.RoleMember
5585CD17-B90F-4EBD-ADB5-2FCBAD33B4B8,Microsoft.AnalysisServices.BindingCollection
558A8680-4DE8-3ED2-B8C0-E31ED1D2D87F,Microsoft.SqlServer.Management.Nmo.Application
559C6BAD-1EA8-4963-A087-8A6810F9218B,CThumbnailGeneratorDmo
55A8FD00-4288-11D3-9BD1-8A0D61C88835,DirectMusicMarkerTrack
55B70DEC-4B3B-4E26-AE9C-9E8D131843A1,Microsoft Feeds Background Task Scheduling
55D42651-BFA7-3C4E-90F6-DA46B1F0409F,Microsoft.Office.Interop.Access.AcOpenDataMode
55D7B852-F6D1-42F2-AA75-8728A1B2D264,Size Categorizer
55DFB4F7-4175-4B3B-B247-D9B399ADB119,MSTTS Frontend Class (ENU)
5610F042-FF1D-36D0-996C-68F7A207D1F0,System.Security.AllowPartiallyTrustedCallersAttribute
56137185-9433-36DC-810A-A3B9EE5C49D1,Microsoft.SqlServer.Management.UI.LocalizableLinkLabel
563DC062-B09A-11D2-A24D-00104BD35090,WSHController
5644F779-7F70-3763-B045-1B7646407845,Microsoft.SqlServer.Management.Smo.RepairType
5645C8C2-E277-11CF-8FDA-00AA00A14F93,MIME Filter
56563BD1-5F42-43A8-ABED-3C2A4328E8C1,SqlcmAbout Class
566A2EFF-5651-4020-AC1A-EB48E4571EA3,Windows Media SDK HTTP Source Plugin
5677315A-9B3D-36D7-8A48-A80CAD17EA2F,Microsoft.SqlServer.Replication.MonitorThreshold
5686A0D9-FE39-409F-9DFF-3FDBC849F9F5,Mpeg4s Decoder MFT
568980A4-D2B3-399F-AECD-A3B5C608353A,Microsoft.AnalysisServices.UpdateOptions
56AD4C5D-B908-4F85-8FF1-7940C29B3BCF,Window Property Store
56EA1054-1959-467F-BE3B-A2A787C4B6EA,SHACCT Profile Notification Handler
56FDF344-FD6D-11D0-958A-006097C9A090,Task Bar Communication
57154C7C-EDB2-3BFD-A8BA-924C60913EBF,System.Runtime.Serialization.SerializationException
5728F10E-27CC-101B-A8EF-00000B65C5F8,Microsoft Forms 2.1 SubForm95
573BDF38-DF23-427F-ACB8-A67ABD702698,VssModuleKeeper
5740A302-EF0B-45CE-BF3B-4470A14A8980,iTV Capture Feature Segment
57558531-C262-471E-95DB-8B181925C61B,Infrastructure Setup Page Class
57635537-C856-4CC2-AE5C-62C34708070C,Shell Security Zone Checker
57651662-CE3E-11D0-8D77-00C04FC99D61,CmdFileIcon
576C9E85-1300-4EF5-BF6B-D00509F4EDCD,Sync Center Handler Properties Extension
577FAA18-4518-445E-8F70-1473F8CF4BA4,Utility Object for Binding Events SubObjects in Script Variables
5791BC26-CE9C-11D1-97BF-0000F81E849C,WBEM Scripting Object Path
579F5A47-FA62-40F9-9481-D136AA7A58A3,ParagraphElement Class
57B13611-F998-4CDB-B1ED-569C4D70166A,AreaFormat Class
57C06EAA-8784-11D0-83D4-00A0C911E5DF,Microsoft Client Configuration Notify Object
57C596D0-9370-40C0-BA0D-AB491B63255D,IP Security Monitor
57F8510B-A5E2-41DA-A8F0-8A5AE85DFFFD,Browser Class Factory Creator
57FBA1AF-06FF-3D23-8680-AC78F982A13A,Microsoft.AnalysisServices.Trimming
5815ADD9-95C5-44F2-8262-3BCD56AA3147,Windows Search Manager Event Sink
58221C65-EA27-11CF-ADCF-00AA00A80033,FILEMGMT 1.0 Object
58221C66-EA27-11CF-ADCF-00AA00A80033,SvcVwr 1.0 Object
58221C67-EA27-11CF-ADCF-00AA00A80033,Computer Management 1.0 Object
58221C69-EA27-11CF-ADCF-00AA00A80033,FILEMGMT 1.0 Object
58221C6A-EA27-11CF-ADCF-00AA00A80033,SvcVwr 1.0 Object
5839FCA9-774D-42A1-ACDA-D6A79037F57F,Microsoft WBEM _WbemFetchRefresherMgr Proxy Helper
5848A73D-E9C2-499E-BB92-887CABCB2BD6,Microsoft XPS Active Document
58859C43-2C82-454B-86C0-9EFB11E54838,Ratings Categorizer
5887A991-14F7-3D2A-B246-25CF505C27BA,Microsoft.SqlServer.Management.Smo.Statistic
58897D76-EF6C-327A-93F7-6CD66C424E11,System.MissingMethodException
58A5EBB7-32CE-492B-AE24-62E20AFEB2FD,DataDocument Class
58AB2366-D597-11D1-B90E-00C04FC9B263,EapTlsCfg Class
58B5357F-0F4A-334A-98A7-A9123B368EC7,Microsoft.SqlServer.Replication.PartitionOptions
58C2B4D0-46E7-11D1-89AC-00A0C9054129,DirectMusicSynth
58C767E4-2B19-3ABF-8588-B2E8724C3320,Microsoft.SqlServer.Management.Nmo.SubscriptionClass
58D052BC-A3DF-3508-AC95-FF297BDC9F0C,System.IO.EndOfStreamException
58DA8D8A-9D6A-101B-AFC0-4210102A8DA7,"Microsoft ListView Control, version 5.0 (SP2)"
58DA8D8F-9D6A-101B-AFC0-4210102A8DA7,"Microsoft ImageList Control, version 5.0 (SP2)"
58DA8D93-9D6A-101B-AFC0-4210102A8DA7,ImageList General Property Page Object
58DA8D96-9D6A-101B-AFC0-4210102A8DA7,Image Property Page Object
58ECEE30-E715-11CF-B0E3-00AA003F000F,FoxOLEDB 1.0 Object
58FB76B9-AC85-4E55-AC04-427593B1D060,Certificate Services Client Task Handler
58FC39EB-9DBD-4EA7-B7B4-9404CC6ACFAB,Watson subscriber for SENS Network Events
59031A47-3F72-44A7-89C5-5595FE6B30EE,UsersFiles
59099400-57FF-11CE-BD94-0020AF85B590,Disk Copy Extension
590E4A07-DAFC-3BE7-A178-DA349BBA980B,System.Runtime.CompilerServices.IUnknownConstantAttribute
591209C7-767B-42B2-9FBA-44EE4615F2C7,Application Registration
59347292-B72D-41F2-98C5-E9ACA1B247A2,FaxCommon Class
593817A0-7DB3-11CF-A2DE-00AA00B93356,DirectDraw Clipper Object
596742A5-1393-4E13-8765-AE1DF71ACAFB,Microsoft Breadcrumb Bar
5967A6A4-6C71-3BEA-97CA-04D07A7F77BD,Microsoft.SqlServer.Replication.MergeArticleState
59699770-2BF1-46C6-857C-1D509DB7079E,GlobalServiceDS Class
596AB062-B4D2-4215-9F74-E9109B0A8153,Previous Versions Property Page
5971EC44-072A-41B7-8E67-D9E045CC196D,AppIdMmcPolicyHandler Class
597D4FB0-47FD-4AFF-89B9-C6CFAE8CF08E,ManipulationProcessor Class
599F9021-5643-4965-9949-E88975EFFF0E,PSFactoryBuffer
59A437AB-74F3-4DE2-AFE6-54203634C4DD,Share Permission List
59BE4990-F85C-11CE-AFF7-00AA003CA9F6,Shell extensions for Microsoft Windows Network objects
59CDB915-8232-46AD-B38B-497B8B0463AD,Workspace Setup Configure Page
59CE6880-ACF8-11CF-B56E-0080C7C4B68A,Performance Property Page
59DC47A8-116C-11D3-9D8E-00C04F72D980,BDA Tuning Model Component Class(Broadcast Substream)
59FF912E-927E-4D31-B516-C788EBBB7F67,The CustomFunctionController is used to retrieve and modify the custom functions in the report.
5A0C78A8-07D8-48CD-B1DD-BA9752C79F1C,WizCombo Class
5A18D43E-115B-3B8B-8245-9A06B204B717,System.Diagnostics.SymbolStore.SymLanguageType
5A257431-5216-47F5-93F9-C2771D2ABC3E,Rowsets Class
5A3D26DC-8EEE-3073-A5DF-4C6C9913B08F,Microsoft.AnalysisServices.DataAggregationMode
5A41EFA3-6C01-43DC-8C49-110151B36C70,Line 21 Decoder Text Output
5A580C11-E5EB-11D1-A86E-0000F8084F96,CLSID_IHTTPMailTransport
5A79987F-5D0A-425C-B70D-E49AD5B6BF23,Microsoft_Event_Reporting_2.0_Temp_Files
5A7B63E0-F9BC-11D2-BBE5-00C04F86AE3B,Internet Explorer Snapin About Information
5A8E8A98-CD08-4A25-AE9C-301E12374955,LineObject Class
5AAEA5A7-BFF3-319F-9957-12EED3A116CE,dao.IdleEnum
5AAECB3B-3D56-47C7-8706-77899E73802A,SkinRadio Object
5AC0AD74-6590-4BE7-92AD-69E429C28A04,NumericFieldFormat Class
5AC197BE-6982-38C4-9DC0-78F16CB81114,Microsoft.SqlServer.Replication.IdentityRangeManagementOption
5ACBB955-5C57-11CF-8993-00AA00688B10,ListView General Property Page Object
5ACBB956-5C57-11CF-8993-00AA00688B10,ListView Sort Property Page Object
5ACBB957-5C57-11CF-8993-00AA00688B10,ListView Images Property Page Object
5ACBB958-5C57-11CF-8993-00AA00688B10,ListView Columns Property Page Object
5ACC8E22-751A-4C17-AA86-931B6FC71314,Microsoft.AnalysisServices.ManyToManyMeasureGroupDimension
5ADF5BF6-E452-11D1-945A-00C04FB984F9,WSecEdit Security Configuration Class
5AE1DAE0-1461-11D2-A484-00C04F8EFB69,Wheel
5AFCA4DC-6BF9-3AB0-9FF3-8FA21AC959A8,Microsoft.SqlServer.Management.Smo.SymmetricKey
5AFCAD52-F3CC-43BB-A605-6602EE5BD94A,SDProjWiz2 Class
5B035261-40F9-11D1-AAEC-00805FC1270E,Network Configuration Component Object
5B18AB61-091D-11D1-97DF-00C04FB9618A,Microsoft DTC Transaction Manager
5B4DAE26-B807-11D0-9815-00C04FD91972,Menu Band
5B53A6F9-963F-4BDC-BCF5-399BECBFF132,Workflow Debugee Program Provider Class
5B53B2C2-46D6-433E-AB6E-B82EFEF22B6E,ExplorerCommandEnumerator
5B76534C-3ACC-3D52-AA61-D788B134ABE2,System.Runtime.Remoting.Metadata.SoapFieldAttribute
5B858418-CFB4-4B32-8501-54D8B0C59F90,Item Enumerator Over Categories
5BA0FFFA-4716-3518-B549-2914304F5966,Microsoft.SqlServer.Replication.ReplicationStatus
5BAF654A-5A07-4264-A255-9FF54C7151E7,UpdateDownloader Class
5BB2200E-5672-4A32-902A-5A98DB1C58DC,CAcroFDFHandler Class
5BD992AB-3711-4054-B669-03B3F4561D22,FpwAccessSetup Class
5BDEC43C-46BF-308E-8EA8-1469AD4FA9CF,Microsoft.SqlServer.Management.Smo.Agent.JobFilter
5BE4911E-3D99-4546-898D-7EE70201C519,Shell User Object
5BF58213-80E8-3CE0-A522-F0192DE2BCAF,Microsoft.SqlServer.Management.Smo.ObjectPermissionInfo
5BFD515E-4ABA-4483-A1C5-6651B7110AB6,CrossProcessServerOutputEndpoint Class
5BFF4E02-D379-4050-A382-C6504A980D46,PowrProfApi
5C0786ED-1847-11D2-ABA2-00C04FB6C6FA,WSecEdit Security Manager Class
5C0786EE-1847-11D2-ABA2-00C04FB6C6FA,WSecEdit Security Settings Class
5C0A03B7-E2A4-39C7-A983-F8E33BA2DA9A,Microsoft.Office.Interop.Access.AcDefView
5C0D19E4-A364-4EF6-9288-DBD194593879,Device Center General Property Sheet
5C140836-43DE-11D3-847D-00C04F79DBC0,SCPTRANS Class
5C2DC96F-8D51-434B-B33C-379BCCAE77C3,AzBizRuleContext Class
5C34FC5E-2D93-414B-83CC-CB5889048FB0,Workflow Program Publisher Class
5C35F099-165E-3225-A3A5-564150EA17F5,System.Runtime.Remoting.Channels.ServerChannelSinkStack
5C3E6CE8-B218-3762-883C-91BC987CDC2D,System.Globalization.JulianCalendar
5C63C1AD-3956-4FF8-8486-40034758315B,Home Networking Sharing Configuration Manager
5C659257-E236-11D2-8899-00104B2AFB46,WMISnapin Class
5C659258-E236-11D2-8899-00104B2AFB46,Allows configuration and control of the Windows Management Instrumentation (WMI) service.
5C7BDED6-6EB4-464B-85A2-642C845DDDA0,PacketXCtrlPP Class
5CA9971B-2DC3-3BC8-847A-5E6D15CBB16E,System.IndexOutOfRangeException
5CB66670-D3D4-11CF-ACAB-00A024A55AEF,COM+ Extended Transaction Context Component
5CE34C0D-0DC9-4C1F-897C-DAA1B78CEE7C,PSFactoryBuffer
5CF19F09-C46F-399C-B8AC-90ADB64726CA,Microsoft.Office.Interop.Access.AcSysCmdAction
5CF29CC4-FD12-3EF3-9F4F-3780760D4CF1,dao.PermissionEnum
5D02926A-212E-11D0-9DF9-00A0C922E6EC,Microsoft InfoTech IStorage System
5D05A4EB-54EA-4B7F-A28D-CE51F6BCBAF2,Virtual Factory for Display
5D1CB710-1C4B-11D4-BED5-005004B1F42F,TortoiseCVS
5D1CB711-1C4B-11D4-BED5-005004B1F42F,TortoiseCVS
5D1CB712-1C4B-11D4-BED5-005004B1F42F,TortoiseCVS
5D1CB713-1C4B-11D4-BED5-005004B1F42F,TortoiseCVS
5D1CB714-1C4B-11D4-BED5-005004B1F42F,TortoiseCVS
5D1CB715-1C4B-11D4-BED5-005004B1F42F,TortoiseCVS
5D1CB716-1C4B-11D4-BED5-005004B1F42F,TortoiseCVS
5D2F0993-4635-3076-9993-143B890DFB50,Microsoft.SqlServer.Management.Smo.StatisticsScanType
5D4735B4-08EF-4CD3-ADDF-007B33813DFA,StatisticsCollection Class
5D4D54B3-9FB4-4662-8173-C48568D5E79E,Percent Categorizer
5D5069D6-CE05-417C-8B03-CB0F8C4FA267,Microsoft SQL Server Database Reconciler 9.0
5D57CB33-C6A6-412D-9E2B-2D4CAC07157E,Microsoft.AnalysisServices.RowBinding
5D6179C8-17EC-11D1-9AA9-00C04FD8FE93,Microsoft Local Users and Groups MMC Snap-in
5D6179D2-17EC-11D1-9AA9-00C04FD8FE93,Microsoft Local Users and Groups MMC Snap-in About Provider
5D780583-8CEB-451D-B355-DBE4872A625C,FieldFormat Class
5D8E73F7-4989-4AC8-8A98-39BA0D325302,MSVidCtl Digital TV to iTV Composition Segment
5D9DD151-65F4-11CE-900D-00AA00445589,"Microsoft DTC Transaction Manager Proxy (private, internal)"
5DA62B68-0D48-11D2-A6E3-00400541EFEE,ServiceMill Property Page
5DB2625A-54DF-11D0-B6C4-0800091AA605,ICM Monitor Management
5DDDB74A-0DFD-32EC-B284-19FE8C15F68E,dao.CommitTransOptionsEnum
5E26D055-32F2-3675-98F9-E97E2A3FDA51,Microsoft.SqlServer.Management.Smo.UnsupportedFeatureException
5E55DA8E-E02A-3974-A518-13C4C0932E9F,Microsoft.SqlServer.Replication.MergeSessionSummary
5E628A96-1BE5-42FE-9117-EDAD9A9C479C,PSFactoryBuffer
5E6AB780-7743-11CF-A12B-00AA004AE837,Microsoft Internet Toolbar
5E941D80-BF96-11CD-B579-08002B30BFEB,Plain Text persistent handler
5ED98377-87A3-4D86-81F7-3E46E0342833,AdvancedProperties Class
5EF4AF3A-F726-11D0-B8A2-00C04FC309A4,Recycle Bin Cleaner
5F1DA093-C8AE-4995-A1E9-2817385F4E7C,Microsoft.AnalysisServices.DataSourcePermission
5F3A0F8D-5EF9-3AD5-94E0-53AFF8BCE960,System.Security.Cryptography.ToBase64Transform
5F4BAAD0-4D59-4FCD-B213-783CE7A92F22,WIA Event Prompt Class
5F5295E0-429F-1069-A2E2-08002B30309D,Drive Property Page Extension
5F5AFF4A-2F7F-4279-88C2-CD88EB39D144,Microsoft MPEG-2 Encoder
5F5EAFCF-CBE1-49F6-9489-9308BB6B5D8F,FolderView Property Page
5F61F809-422A-4152-91F5-9EC1B935EFD7,PaneLocator Class
5F6C1BA8-5330-422E-A368-572B244D3F87,PSFactoryBuffer
5F8831C5-DBBD-3EFE-BF69-606A0E7FB468,Microsoft.AnalysisServices.BackupInfo
5F884992-EE6D-418B-9E6C-0C2A0FA94D17,Device Center Hardware Property Sheet
5F977A7C-9B76-4F84-87F4-82F7A7A0D49D,Microsoft.AnalysisServices.Group
5F9A955F-AA55-4127-A32B-33496AA8A44E,System.EnterpriseServices.Internal.SoapUtility
5FA29220-36A1-40F9-89C6-F4B384B7642E,Shell Message Handler
5FB65586-3697-4555-93C6-444F1C5F8A06,Microsoft.AnalysisServices.ReportParameter
5FB7EF7D-DFF4-468A-B6B7-2FCBD188F994,SpMemoryStream Class
5FB8AE0E-3311-30B0-8A70-2C90B4992BB8,Microsoft.Office.Interop.Outlook.OlInspectorClose
5FE16915-72AB-4A84-88A6-8BA97C68EB3F,LinkEditor Class
5FF57840-5172-4482-9CA3-541C7878AE0F,InProcAdapterMonitor Class
6004C347-D3F3-472A-8F9E-319B5C583D55,DESC_ItemThumbnail
600FDACB-A76C-4924-9E3B-24851B9D18B5,DrillReportPartRequestContext Class
60173D16-A550-47F0-A14B-C6F9E4DA0831,Mount Point Rename
60254CA5-953B-11CF-8C96-00AA00B8708C,Shell Extension For Windows Script Host
6027C2D4-FB28-11CD-8820-08002B2F4F5A,Slider Appearance Property Page Object
602BDCE5-CA64-4E91-B27C-FFCA48978A00,Windows Search Index Notification Sink
6038EF75-ABFC-4E59-AB6F-12D397F6568D,IE Microsoft History AutoComplete List
603D3800-BD81-11D0-A3A5-00C04FD706EC,Background Task Scheduler
603D3801-BD81-11D0-A3A5-00C04FD706EC,Shared Task Scheduler
603F0A84-5631-3CA0-BCE0-C96597C2C1A0,Microsoft.SqlServer.Management.Smo.SmoApplication
6047F837-D527-467E-9DC1-6D51F92D9E45,Wordpad ODT Filter
60530833-B216-41C1-89C6-66E0BAD514E8,ExactModeller Class 10.5
60542247-0249-417D-949B-2F0CC7EE1165,Manual Setup Page Class
60664CAF-AF0D-0005-A300-5C7D25FF22A0,Shell Local Machine Object
60676B44-37EB-3BAE-B6E2-E72CC5141989,Microsoft.SqlServer.Management.Smo.DependencyType
606FF6C7-5224-41F9-9E0B-79671C22717C,KiwiGrid.cGridCell
607FD4E8-0A03-11D1-AB1D-00C04FC9B304,CoICOFilter Class
6089A37E-EB8A-482D-BD6F-F9F46904D16D,AccServerDocMgr Class
608A20DD-DAA5-389D-824E-42EC6055EA29,Microsoft.Office.Interop.Access.AcPrintDuplex
60A51F17-4E91-4D0D-8673-5A8FAC0DDB18,Sections Class
60A90A2F-858D-42AF-8929-82BE9D99E8A1,UIAutomationCrossBitnessHook32 Class
60A9863A-11FD-4080-850E-A8E184FC3A3C,Signer Class
60B18E68-9183-33F6-A2AD-489C3383FA64,Microsoft.Office.Interop.Access.AcHyperlinkPart
60F6E464-4DEF-11D2-B2D9-00C04F8EEC8C,Old Files In Root Prop Bag
60F6E465-4DEF-11D2-B2D9-00C04F8EEC8C,Temp Files Prop Bag
60F6E466-4DEF-11D2-B2D9-00C04F8EEC8C,Setup Files Prop Bag
60F6E467-4DEF-11D2-B2D9-00C04F8EEC8C,Uninstall Prop Bag
60FD46DE-F830-4894-A628-6FA81BC0190D,DropTarget Object for Photo Printing Wizard
612A8624-0FB3-11CE-8747-524153480004,"Microsoft Toolbar Control, version 5.0 (SP2)"
612A8628-0FB3-11CE-8747-524153480004,Toolbar General Property Page Object
6153DD1B-051F-319A-B9D2-9841BBB182B2,Microsoft.Office.Interop.Access.AcPrintObjQuality
6163242A-5C8F-3D4F-870C-95560A2C1FEE,Microsoft.SqlServer.Management.Smo.Agent.OperatorCategory
6179C962-1309-34D1-94FA-62DF7A42F7A1,Microsoft.Office.Interop.Access.AcPrintPaperSize
61B3E12B-3586-3A58-A497-7ED7C4C794B9,System.AppDomainUnloadedException
61B68808-8EEE-4FD1-ACB8-3D804C8DB056,Contact class
61C59672-4A0B-3349-97E0-A0DB9E6DD531,Microsoft.Office.Interop.Outlook.OlUserPropertyType
61F7B364-432C-4D04-BBC1-7FC1BF3807A8,Bluetooth Bluewire Shell property extension object
62055C43-0547-4A0B-B69F-84103D20E407,VSTO Assembly Loader
62079164-233B-41F8-A80F-F01705F514A8,EVR Graph Optimizer
62112AA1-EBE4-11CF-A5FB-0020AFE7292D,Shell Automation Folder View
62289CBE-3BE2-4BA9-AC20-A911C900039A,SkinButton Object
622A8646-1096-4765-8E07-91A3E661CEF9,XWizard Factory Generated Class (HomeGroup Leave Hook Page)
622D47B6-CEEC-4DE1-8056-B6D16F29BC97,Microsoft WBEM Rpc Message Sender
623E2882-FC0E-11D1-9A77-0000F8756A10,Gradient
62545937-20A9-3D0F-B04B-322E854EACB0,System.Security.Policy.Evidence
625F1F60-342A-40E1-86D2-C0CBABC574F4,Microsoft.AnalysisServices.ReferenceMeasureGroupDimension
626BAFE6-E5D6-11D1-B1DD-006097D503D9,CLSID_OERulesManager
6279B7CB-D768-4FBE-A6D5-ADD4F711E53B,Microsoft IME SingleKanjiDictionary interface
62823C20-41A3-11CE-9E8B-0020AF039CA3,Button Property Page Object
6295DF27-35EE-11D1-8707-00C04FD93327,Sync Manager (Legacy)
6295DF2D-35EE-11D1-8707-00C04FD93327,Sync Center (Private)
62BE5D10-60EB-11D0-BD3B-00A0C911CE86,System Device Enumerator
62CE7E72-4C71-4D20-B15D-452831A87D9D,Microsoft H264 Video Decoder MFT
62E92675-CB77-3FC9-8597-1A81A5F18013,System.Security.Cryptography.RC2CryptoServiceProvider
62F4EA7A-4663-3B37-B0DC-8CF6B367CBA7,Microsoft.SqlServer.Management.Smo.DependencyWalker
62FC0803-8D14-3F35-922F-F42B97941784,Microsoft.Office.Interop.Outlook.OlActionResponseStyle
630A3EF1-23C6-31FE-9D25-294E3B3E7486,System.Runtime.InteropServices.ComRegisterFunctionAttribute
6311429E-2F1A-4777-880F-C7289FD10169,Inplace Share Engine
632A2D3D-86AF-411A-8654-7511B51B3D5F,Lattice Class
63337180-F789-11CE-86F8-0020AFD8C6DB,/n software - IPWorks! V6 HTTP Control
63337230-F789-11CE-86F8-0020AFD8C6DB,/n software - IPWorks! V6 SMTP Control
63337540-F789-11CE-86F8-0020AFD8C6DB,/n software - IPWorks! V6 XMLp Control
633D6DA1-70AB-49A5-9539-54E90F132763,CA3DMemoryManager Object
63544450-C619-3A50-BAE3-DEC089D0D7DB,Microsoft.SqlServer.Management.Smo.InternalSmoErrorException
636B9F10-0C7D-11D1-95B2-0020AFDC7421,DirectMusic
636C15CF-DF63-4790-866A-117163D10A46,MFRemoteDesktopPlugin Class
636D7BE7-4FB6-46CD-BA6D-761885E2999E,Storage Class
6377013E-2C35-40F3-B8E1-1AB47D12982B,WABSyncProvider
639F5AF5-BCED-4369-AC34-360B16D955FD,GestureRecognizer Class
63A4B1FC-259A-4A5B-8129-A83B8C9E6F4F,Strips
63A865AB-859E-4F15-8AEC-77FC615653D9,WMPlayer FileFormatPropPage Class
63B51F81-C868-11D0-999C-00C04FD655E1,Shell Icon Overlay Manager
63D789CC-EAC2-361E-9EA2-8E8C3C0B97F5,Microsoft.SqlServer.Replication.SecurityMode
63DA6EC0-2E98-11CF-8D82-444553540000,Microsoft FTP Folder
63E23168-BFF7-4E87-A246-EF024425E4EC,RSOP Context Menu
63FA5E69-87FE-432D-8F62-9D7A3D7D09C3,WMPlayer VideoPerfPropPage Class
640167B4-59B0-47A6-B335-A6B3C0695AEA,Portable Media Devices
64106757-1802-4AD4-B261-291B3BC9B30C,PSFactoryBuffer
6418C2E4-B678-46C3-8762-DC344F549317,Microsoft.AnalysisServices.Trace
641ABA69-56FD-4029-A445-4D8375D3A699,UIAnimationDiagnostic
6438570B-0C08-4A25-9504-8012BB4D50CF,Tuner Marshaling Helper
64577982-86D7-11D1-BDFC-00C04FA31009,CLSID_IHashTable
645FF040-5081-101B-9F08-00AA002F954E,Recycle Bin
647053C3-1879-34D7-AE57-67015C91FC70,System.ArithmeticException
649C5690-507E-494A-9E89-1EB24E4BCE3D,WMPMDE LPCM SINK ACTIVATE
649EEC1E-B579-4E8C-BB3B-4997F8426536,DXTFilterBehavior
64AB4BB7-111E-11D1-8F79-00C04FC2FBE1,Microsoft Shell UI Helper
64ADA99F-4096-3DB1-B0E9-EFA098E86BF2,Microsoft.SqlServer.Management.Smo.ServiceRequestException
64B8F404-A4AE-11D1-B7B6-00C04FB926AF,PSFactoryBuffer
64BC32B5-4EEC-4DE7-972D-BD8BD0324537,Search Control
64D709A8-D8E4-4711-ABF8-59156178A14A,Microsoft.AnalysisServices.ProcessType
64D8A8E0-80A2-11D2-8CF3-00A0C9441E20,RenderEngine Class
650312C8-AB8E-4134-B11D-B7DDD103CBA9,FormatDesc Class
6504AFED-A629-455C-A7F1-04964DEA5CC4,BDA Tuning Model ISDB Satellite Locator
650503CF-9108-4DDC-A2CE-6C2341E1C582,WebProxy Class
65104D73-BA60-4160-A95A-4B4782E7AA62,Chain Class
6522CF99-94C7-4958-B18D-4F6159E6926B,Policy for DWM items tree item callback object for sysdm.cpl
65303443-AD66-11D1-9D65-00C04FC30DF6,OleCvt Class
65603131-15F5-3300-AC5F-C02AF386D08C,Microsoft.Office.Interop.Access.AcPrintQuality
6572EE16-5FE5-4331-BB6D-76A49C56E423,AccDictionary Class
6578DAE1-A17A-434B-9514-34F1A39B4B0C,ConnectionInfo Class
6589AE11-3B51-494A-AC77-91DA1B53F35A,Workflow Debug Engine Class
659CDEA7-489E-11D9-A9CD-000D56965251,Background Intelligent Transfer Control Class 3.0
659CDEAD-489E-11D9-A9CD-000D56965251,PSFactoryBuffer
659CDEAE-489E-11D9-A9CD-000D56965251,psfactorybuffer
65AA2408-C144-3BC1-932A-B859807123DE,dao.DatabaseTypeEnum
65BD0711-24D2-4FF7-9324-ED2E5D3ABAFA,MediaDet
65C36F18-35DC-4D75-A70D-52DEE20D918B,PictureObject Class
65D00646-CDE3-4A88-9163-6769F0F1A97D,InkOverlay Class
65E6AC96-4B9B-47EA-AF5C-5DFCC72DCE26,PSFactoryBuffer
660B90C8-73A9-4B58-8CAE-355B7F55341B,Start Menu Cache
660FA3D1-97B1-4C33-86AF-8F4381D4317E,Microsoft.AnalysisServices.AnnotationCollection
66182EC4-AFD1-11D2-9CB9-0000F87A369E,WinNT System Info Object
6619A740-8154-43BE-A186-0319578E02DB,PSFactoryBuffer
661FF7F6-F4D1-4593-B59D-4C54C1ECE68B,WmiPerf Class Provider
66275315-BFA5-451B-88B6-E56EBC8D9B58,Library Property Handler
662C0206-72AD-4EE9-899F-5E1735F60A55,WMPDMCMedia Class
66508CE8-5ACB-482E-B808-04AE2B227391,Microsoft.AnalysisServices.PersistenceType
665253EC-646B-4887-BCF8-777CE8610C8B,Statistics Class
667955AD-6B3B-43CA-B949-BC69B5BAFF7F,DirectPlay8LobbiedApplication Object
66A0FB41-ADB5-4729-B315-C191F7FD3E90,Microsoft.AnalysisServices.DataSourceView
66A21AEA-5A05-46B5-B7CD-C1AAAF4770CD,SkinForm Object
66B6C101-A959-3BBC-8700-567E6C4A8F55,Microsoft.AnalysisServices.ConnectionStringSecurity
66C2B252-15A1-4399-BE31-5B3C7957D332,TotallerNodes Class
66CE75D4-0334-3CA6-BCA8-CE9AF28A4396,System.FlagsAttribute
66DD3388-658A-34BC-B76B-A4DB4099D207,Microsoft.SqlServer.Management.Smo.Check
66E4E4FB-F385-4DD0-8D74-A2EFD1BC6178,Shell Image Data Factory
66EEA0F5-001A-4073-A496-783F86FCF4C0,Windows Data Burn
6705C562-0AE7-40EA-8474-F39DAB1813D0,RAS Media Manager
67283557-1256-3349-A135-055B16327CED,Microsoft.CLRAdmin.DataGridComboBoxColumnStyle
673DFE75-9F93-304F-ABA8-D2A86BA87D7C,System.Security.Cryptography.DSACryptoServiceProvider
6746C347-576B-4F73-9012-CDFEEA251BC4,CLSID_ScopeFactory
674B6698-EE92-11D0-AD71-00C04FD8FDFF,Microsoft WBEM Call Context
6756A641-DE71-11D0-831B-00AA005B4383,MRU AutoComplete List
675F097E-4C4D-11D0-B6C1-0800091AA605,ICM Printer Management
676E1164-752C-3A74-8D3F-BCD32A2026D6,System.ArrayTypeMismatchException
677126ED-2A91-40FF-8C52-06181C064573,NAP Elevated class
67718415-C450-4F3C-BF8A-B487642DC39B,Windows Features
678282B5-9AE6-3415-9B52-E7E56DEDCD52,Microsoft.SqlServer.Management.Smo.DependencyCollection
6785BFAC-9D2D-4BE5-B7E2-59937E8FB80A,Other Users Folder
679367E3-FC39-11D3-8A11-00105A2A1490,BCIEngCORImp Class
67BBE1CE-F16D-44A8-8745-55E523FE44A6,Groups Class
67D2D4A0-C6A1-3541-91D8-1FF19E2DFCC6,Microsoft.SqlServer.Management.Smo.Scripter
67E4FF55-C379-4DD4-B5BF-67FE43509B70,Microsoft.AnalysisServices.DimensionPermission
67F07E00-CCEF-11D2-9EF9-006008039E37,Audio Mixer Property
681FD532-7EC2-4548-9ECE-44AABCFBD254,Registry Provider Class
682159D9-C321-47CA-B3F1-30E36B2EC8B9,CLSID_DesktopExplorerHost
682D63B8-1692-31BE-88CD-5CB1F79EDB7B,System.ApplicationException
6850404F-D7FB-32BD-8328-C94F66E8C1C7,System.Runtime.Remoting.Metadata.W3cXsd2001.SoapNonNegativeInteger
686D369C-BFD1-4D56-8A2C-C7041904167B,Microsoft.AnalysisServices.MiningModelColumn
6874E949-7186-4308-A1B9-D55A91F60728,VixLib Class
687607A0-6BA1-4355-99F4-4E3D749FFB19,WlanDlgOneXUIPage Class
687D3367-3644-467A-ADFE-6CD7A85C4A2C,MPEG-2 Demultiplexer(NoClock)
687F154E-1099-11D4-91F9-005004B34F28,RSLicense3 Class
6884574C-43C2-3EC7-8842-48C75CE71132,Microsoft.SqlServer.Management.Smo.DatabaseEventSet
68871683-E70D-3323-A0CC-CCB7F7CE218C,Microsoft.SqlServer.Management.Smo.CertificateSourceType
6896B49D-7AFB-34DC-934E-5ADD38EEEE39,System.Collections.ArrayList
68B07BFF-CB50-4D60-A7D5-02B1A523BC8C,SearchConnector Icon Extract Extension
68B56E7A-03CB-4609-B523-0A52D2685D06,PSFactoryBuffer
68DDBB56-9D1D-4FD9-89C5-C0DA2A625392,UnexpectedShutdownReason
68E52C1C-37CB-41D2-AFE1-1E77D5F10676,Autoplay Device Event Handler Info
68F8AEA9-1968-35B9-8A0E-6FDC637A4F8E,System.Globalization.GregorianCalendar
68FF6973-D55B-4252-821E-4B44AE677299,Microsoft.Workflow.DebugEngine.ControllerConduit
69127644-2511-4DF5-BC6A-26178254AA40,RemoteAssistance Class
6935DB93-21E8-4CCC-BEB9-9FE3C77A297A,Custom MRU AutoCompleted List
693644B0-6858-11D2-9EEB-006008039E37,Still Video Property Page
69546697-5B53-43C5-8391-9E227B54957B,IARPUninstallerProxy
6962A1D6-DD24-449E-A034-EE8E5D3D2310,"The DatabaseController is used to manipulate the Database objects that are contained in a report. It allows you to add, modify, remove, and link tables."
698A4FFC-63A3-4E70-8F00-376AD29363FB,Wordpad OOXML Document Filter
699DDBCC-DC7E-11D0-BCF7-00C04FC2FB86,MSStdFmt Format Property Page Object
69AD4AEE-51BE-439B-A92C-86AE490E8B30,Legacy Background Intelligent Transfer Control Class
69B37063-2BB6-43B5-A109-60E69A77840F,WcsPlugInService Class
69D76D1B-B12E-4913-8F48-671B90195A2B,Microsoft WBEM WMI Policy Status Provider
69E1D421-1907-4C93-B9C8-0147C83F3483,InstallShield InstallDriver
69F9CB25-25E2-4BE1-AB8F-07AA7CB535E8,Sync Center Isolation Collection (Private)
6A0162ED-4609-3A31-B89F-D590CCF75833,Microsoft.CLRAdmin.MMC_BUTTON_STATE
6A01FDA0-30DF-11D0-B724-00AA006C1A01,CoSniffStream Class
6A02951C-B129-4D26-AB92-B9CA19BDCA26,Microsoft.JScript.COMPropertyInfo
6A08CF80-0E18-11CF-A24D-0020AFD79767,ACM Wrapper
6A0FD671-CA6D-4879-AEDC-77AEC6A2A962,ResultInfo Class
6A205B57-2567-4A2C-B881-F787FAB579A3,Microsoft DocProp Inplace Calendar Control
6A255761-53A0-3F19-A61B-49DEC8E72058,Microsoft.SqlServer.Management.Smo.Agent.ProxyAccount
6A2A9381-5A92-4296-9397-564673AE1FDD,CLSID_HomeGroupListenerNotify
6A2E0670-28E4-11D0-A18C-00A0C9118956,IAMVideoControl
6A49950E-CE8A-4EF7-88B4-9D112366511C,SoftKbdRegistry Class
6A5B0C7C-5CCB-4F10-A043-B8DE007E1952,MsRdpClientShell Class
6A62614D-6C2D-3190-9B50-F7A1BAD79CEA,Microsoft.AnalysisServices.InheritedBinding
6A68CC80-4337-4DBC-BD27-FBFB1053820B,CSearchLanguageSupport Class
6A6AC079-2C05-3F48-8B43-B244B62B7610,Microsoft.SqlServer.Management.Smo.LoginCreateOptions
6A6F4B83-45C5-4CA9-BDD9-0D81C12295E4,Microsoft RDP Client Control (redistributable) - version 4a
6A91029E-AA49-471B-AEE7-7D332785660D,Microsoft IME (Japanese)
6ACB028E-48C0-4A44-964C-E14567C578BA,SppWmiProvider
6AD28EE1-5002-4E71-AAF7-BD077907B1A4,MSVidCtl MPEG2 Decoder to Closed Captioning Composition Segment
6AD6C225-E011-38B1-844E-CD278C53996C,Microsoft.AnalysisServices.ReadAccess
6AD99CE6-D74C-4D95-9222-4BE09FC9F052,Microsoft.AnalysisServices.PerspectiveHierarchy
6AE29350-321B-42BE-BBE5-12FB5270C0DE,Microsoft RDP Client Control - version 5
6AE75834-E1EE-4EDC-81F0-E242F0714D71,TotallerNodeID Class
6AEC306A-1B18-42A3-97A4-14F0AE9824E1,CrossTabObject Class
6AFCCE9E-85F0-475C-944E-9357B84A4975,Infrastructure Error Page Class
6B13B293-30FD-4ABB-8E41-29B1F88297E2,Windows Media Player OCXGeneralPropPage Class
6B19643A-0CD7-4563-B710-BDC191FCAD3B,TSFstateManager Class
6B2D6BA0-9F3E-4F27-920B-313CC426A39E,Open Packaging API Factory Object
6B33163C-76A5-4B6C-BF21-45DE9CD503A1,Shell Publishing Wizard Object
6B362280-6915-11D2-951F-0060081840BC,Silence Generator Property Page
6B487C21-FC1D-3084-B28A-1F6F50DA89CD,Microsoft.Office.Interop.Access.AcExportXMLEncoding
6B4ECC4F-16D1-4474-94AB-5A763F2A54AE,IE Tracking Shell Menu
6B56A227-7150-4A1F-A114-C959EB8F8C24,Software Installation Group Policy User Profile Notification
6B6F9D2D-6D49-4026-83A6-86DFC1C3C6F0,INI Property Set Storage Handler
6B7E638F-850A-101B-AFC0-4210102A8DA7,"Microsoft StatusBar Control, version 5.0 (SP2)"
6B7E6393-850A-101B-AFC0-4210102A8DA7,StatusBar General Property Page Object
6B7E63A3-850A-101B-AFC0-4210102A8DA7,Panel Property Page Object
6B831E4F-A50D-45FC-842F-16CE27595359,Storage Processor Default Confirmation UI
6B9228DA-9C15-419E-856C-19E768A13BDC,Windows Desktop Gadgets
6B9780C1-DC10-3C60-8C04-4D6B9776CCF5,Microsoft.SqlServer.Replication.DtsPackageLocationOption
6B9F9446-EA37-495D-8A91-51523A197318,PrintOutputController Class
6BA9EBF1-C79C-4ACE-8685-AB9F254DE3E8,SubreportLinks Class
6BC09692-0CE6-11D1-BAAE-00C04FC2E20D,IAS Attribute Dictionary
6BC096B3-0CE6-11D1-BAAE-00C04FC2E20D,IAS Pipeline
6BC1CFFA-8FC1-4261-AC22-CFB4CC38DB50,Default Video Renderer
6BD658EC-CADA-39CA-B718-5F09B8D39F41,Microsoft.SqlServer.Replication.PublicationAttributes
6BDADF65-EB94-419B-907C-0BA9DDA7F0DF,CImeRequestSender_JK Class
6BF0A714-3C18-430B-8B5D-83B1C234D3DB,PSFactoryBuffer
6BF52A52-394A-11D3-B153-00C04F79FAA6,Windows Media Player
6BF841BB-B746-3933-A8CF-82AB19555B3B,Microsoft.Office.Interop.Outlook.OlOfficeDocItemsType
6C19BE35-7500-11D1-AD94-00C04FD8FDFF,Microsoft WBEM Event filter marshaling proxy
6C1C243A-2146-3342-8078-AC4BFB9DB4E9,System.EnterpriseServices.CompensatingResourceManager.ClerkMonitor
6C5CFCDA-1F1A-4C9E-8D65-94771169D0B9,GameDetails Class
6C91F35C-CAF9-36CB-8E87-EAFA6D91C2F3,Microsoft.SqlServer.Replication.TransSubscriberType
6CBB94A5-1139-4125-82AC-C4DE7B25B6A1,Microsoft Visual Studio 2008 Tools for Office Design-Time Adaptor for Excel 2003
6CCE165D-2AFB-4C5D-93B4-0DF4C04F0947,Microsoft.AnalysisServices.BackupLocationCollection
6CCF35A8-E977-43D3-BDD4-AA499A2DC1EB,Microsoft.SqlServer.Replication.AlternateSynchronizationPartner
6CE51F75-0448-438E-B9CA-69C352A248A7,Sensors CPL Change Device Permission LUA Helper
6CFAD761-735D-4AA5-8AFC-AF91A7D61EBA,Mpeg-2 Video Stream Analysis
6CFC41FD-50BA-43D2-9ACD-6A2A874D2853,VSD ActiveSync Bootstrap
6D18AD12-BDE3-4393-B311-099C346E6DF9,Background Intelligent Transfer Control Class 2.0
6D3951EB-0B07-4FB8-B703-7C5CEE0DB578,Advanced Indexing Options Dialog Object
6D4A3650-628D-11D2-AE0F-006097B01411,DirectPlay8 Modem Provider Object
6D5313C0-8C62-11D1-B2CD-006097DF8C11,Folder Options Property Page Extension
6D54E523-3B26-41CB-9478-BAECBC255189,SPPCCHandler Class
6D55AD3C-45BF-3126-9251-D0A09234C247,Microsoft.AnalysisServices.ProactiveCachingOnlineMode
6D6B3CD8-1278-11D1-9BD4-00C04FB683FA,Encode Bit String Class
6D835690-900B-11D0-9484-00A0C91110ED,StdDataFormat Object
6D8BB3D3-9D87-4A91-AB56-4F30CFFEFE9F,Explorer Search Band
6D8FF8D2-730D-11D4-BF42-00B0D0118B56,UPnPEventingManager
6D8FF8DC-730D-11D4-BF42-00B0D0118B56,UPnPDynamicContentSource
6D8FF8DD-730D-11D4-BF42-00B0D0118B56,UPnPDescriptionManager
6D8FF8DF-730D-11D4-BF42-00B0D0118B56,UPnPDevicePersistenceManager
6D8FF8E0-730D-11D4-BF42-00B0D0118B56,UPnPContainer
6D8FF8E1-730D-11D4-BF42-00B0D0118B56,UPnPContainerManager
6D8FF8E5-730D-11D4-BF42-00B0D0118B56,UPnPValidationManager
6D8FF8E7-730D-11D4-BF42-00B0D0118B56,UPnPContainerManager64
6D8FF8E8-730D-11D4-BF42-00B0D0118B56,UPnPContainer64
6D959F74-BCED-11D1-9B99-00600892581F,CommonUserInterface Class
6D9D889A-342B-32CF-A340-B57921DC1FB6,Microsoft.SqlServer.Management.Smo.PropertyReadOnlyException
6DA736C9-DCDE-4651-82A8-56E4EF1D8DD7,CLSID_ScfFileExecute
6DAF9757-2E37-11D2-AEC9-00C04FB68820,MOF Compiler
6DB29A9B-10D0-4B93-B86A-188FC998EFF8,InfraCreateTask
6DC3804B-7212-458D-ADB0-9A07E2AE1FA2,Resultant Set of Policy
6DEB730B-234D-4C0D-BC02-38F18E24CEE5,DummyValueGrid Class
6E038895-5ABC-3695-863F-4949C5FCC31D,Microsoft.Office.Interop.Outlook.OlResponseStatus
6E089868-BC58-3237-9D95-2EEDB244DB9D,Microsoft.Office.Interop.Outlook.OlAttachmentType
6E182020-F460-11CE-9BCD-00AA00608E01,Microsoft Forms 2.0 Frame
6E18F9C6-A3EB-495A-89B7-956482E19F7A,WinSAT Accessibility Object
6E23E07E-30CA-31A2-86A6-38FDE6B832C7,Microsoft.SqlServer.Replication.MergePartition
6E29FABF-9977-42D1-8D0E-CA7E61AD87E6,UIAutomation Registrar Class
6E33091C-D2F8-4740-B55E-2E11D1477A2C,Shell Image Recompression Object
6E3D2E94-E6D8-4AFD-AFDE-ABD26CA88BF5,FaultrepDataCollectionInProc
6E449686-C509-11CF-AAFA-00AA00B6015C,Microsoft Active Setup Engine
6E4FCB12-510A-4D40-9304-1DA10AE9147C,InkTablets Class
6E577638-F4EB-365C-B700-C94EA51A9FC4,Microsoft.SqlServer.Replication.ArticleDatatypeMappingOptions
6E582707-CCAF-4333-A9B9-3B4F75C362E0,DeviceOwnershipControl Class
6E682784-1ECA-4CF2-988D-96B6E89E9A4D,CLSID_SearchIDListFactory
6E8D4A20-310C-11D0-B79A-00AA003767A7,Line 21 Decoder
6E8DA932-BACE-4DBB-9C2D-6066E9B2E846,SecurityContext Class
6EB22881-8A19-11D0-81B6-00A0C9231C29,Catalog Class
6EDD6D74-C007-4E75-B76A-E5740995E24C,PSFactoryBuffer
6EFEAE9E-014C-436A-8AAC-35DA9535ADC0,Windows Media Player InputCollection Class
6F13DD2E-EBEE-4DD5-A72E-850B2087F5DD,Microsoft Metadata Policy Layer
6F225D94-9318-11D4-9223-005004B34F28,RSLicense4 Class
6F237DF9-9DDB-47AD-B218-400D54C286AD,IE Property Adapter Over Property Store
6F26A6CD-967B-47FD-874A-7AED2C9D25A2,Video Port Manager
6F33340D-8A01-473A-B75F-DED88C8360CE,HomeGroup UI Status
6F45DC1E-5384-457A-BC13-2CD81B0D28ED,PasswordProvider
6F5BAD87-9D5E-459F-BD03-3957407051CA,IEWindows
6F5CADEA-5D54-4932-BB93-EAEC8568FA2A,ReportPartBookmark Class
6F674828-9081-3B45-BC39-791BD84CCF8F,System.Security.Cryptography.RSAPKCS1SignatureDeformatter
6F74FDC5-E366-11D1-9A4E-00C04FA309D4,CLSID_MessageDatabase
6F74FDC6-E366-11D1-9A4E-00C04FA309D4,CLSID_FolderDatabase
6F826B34-171D-378D-8F76-E1F84D42DAA3,Microsoft.SqlServer.Replication.SubscriptionOption
6F8527BF-5AAD-3236-B639-A05177332EFE,System.Runtime.Serialization.OnSerializedAttribute
6F8DAE82-43A2-47AA-B0E7-47B7E82F705F,WMEncSourcePluginWrapper
6FBA8AF3-D66A-4A28-BCD9-85730792A715,FieldHeadingObject Class
6FD47B83-5CF8-34BD-B860-E32728E217AE,Microsoft.Office.Interop.Outlook.OlViewSaveOption
6FDE3DA2-B8BD-4883-BDA8-BAD1D2C6536A,AdapterCollection Class
6FEF44D0-39E7-4C77-BE8E-C9F8CF988630,Microsoft Common Language Runtime Debugger
6FFA842B-FD90-4A0E-9315-21C52B2457AA,CImeKeyMapView_JK Class
7007ACC1-3202-11D1-AAD2-00805FC1270E,Dial-up Connection UI Class
7007ACC3-3202-11D1-AAD2-00805FC1270E,Inbound Connection UI Class
7007ACC4-3202-11D1-AAD2-00805FC1270E,Internet Connection UI Class
7007ACC5-3202-11D1-AAD2-00805FC1270E,LAN Connection UI Class
7007ACC6-3202-11D1-AAD2-00805FC1270E,VPN Connection UI Class
7007ACC7-3202-11D1-AAD2-00805FC1270E,Network Connections
7007ACC8-3202-11D1-AAD2-00805FC1270E,Network Connections Enum
7007ACCF-3202-11D1-AAD2-00805FC1270E,Network Connections Tray
7007ACD1-3202-11D1-AAD2-00805FC1270E,Network Common Connections Ui
7007ACD3-3202-11D1-AAD2-00805FC1270E,Net Connections UI Utilities Class
7007ACD4-3202-11D1-AAD2-00805FC1270E,PPPoE UI Class
7007ACD5-3202-11D1-AAD2-00805FC1270E,Shared Access Connection UI Class
7013943A-E2EC-11D2-A086-00C04F8EF9B5,SpStreamFormatConverter Class
7016F8FA-CCDA-11D2-B35C-00105A1F8177,Microsoft WBEM (non)Standard Marshaling for IWbemMultiTarget
704490F9-CB5D-442A-9FF8-7B81E2BB5F18,Microsoft.AnalysisServices.TraceEventSubclass
7057E952-BD1B-11D1-8919-00C04FC2C836,Microsoft DocHost User Interface Handler
70605907-C83A-3C00-BE20-2E8CFB912FA2,Microsoft.Office.Interop.Outlook.OlObjectClass
7071EC01-663B-4BC1-A1FA-B97F3B917C55,Build Connections Options Page Class
7071EC05-663B-4BC1-A1FA-B97F3B917C55,Display Connection Options Page Class
7071EC07-663B-4BC1-A1FA-B97F3B917C55,Handle Diagnostics Page Class
7071EC13-663B-4BC1-A1FA-B97F3B917C55,Connect To Work Connect To Internet Page Class
7071EC31-663B-4BC1-A1FA-B97F3B917C55,ISP Offer Page Class
7071EC32-663B-4BC1-A1FA-B97F3B917C55,ISP Confirm Page Class
7071EC33-663B-4BC1-A1FA-B97F3B917C55,ISP CD Page Class
7071EC61-663B-4BC1-A1FA-B97F3B917C55,Display Internet Existing Connections Page Class
7071EC62-663B-4BC1-A1FA-B97F3B917C55,Display Work Existing Connections Page Class
7071EC71-663B-4BC1-A1FA-B97F3B917C55,Create Dial-up Task Class
7071EC75-663B-4BC1-A1FA-B97F3B917C55,Create VPN Task Class
7071EC77-663B-4BC1-A1FA-B97F3B917C55,XWizard Factory Generated Class
7071ECA0-663B-4BC1-A1FA-B97F3B917C55,Connect To Internet Task Class
7071ECA3-663B-4BC1-A1FA-B97F3B917C55,Connect To The Internet Detection Hook Page Class
7071ECA5-663B-4BC1-A1FA-B97F3B917C55,Connect To The Internet Creation Hook Page Class
7071ECA7-663B-4BC1-A1FA-B97F3B917C55,Connect To The Internet Testing Hook Page Class
7071ECA8-663B-4BC1-A1FA-B97F3B917C55,Connect To The Internet Hook Page Class
7071ECA9-663B-4BC1-A1FA-B97F3B917C55,Connect To The Internet Diagnostics Hook Page Class
7071ECAF-663B-4BC1-A1FA-B97F3B917C55,Connect To The Internet Finish Page Class
7071ECB0-663B-4BC1-A1FA-B97F3B917C55,Connect To Work Task Class
7071ECB3-663B-4BC1-A1FA-B97F3B917C55,Connect To Work Detection Hook Page Class
7071ECB4-663B-4BC1-A1FA-B97F3B917C55,Connect To Work Existing Connections Page Class
7071ECB5-663B-4BC1-A1FA-B97F3B917C55,Connect To Work Creation Hook Page Class
7071ECB6-663B-4BC1-A1FA-B97F3B917C55,XWizard Factory Generated Class
7071ECB7-663B-4BC1-A1FA-B97F3B917C55,Connect To Work Testing Hook Page Class
7071ECB8-663B-4BC1-A1FA-B97F3B917C55,Connect To Work Hook Page Class
7071ECBF-663B-4BC1-A1FA-B97F3B917C55,Connect To Work Finish Page Class
7071ECD0-663B-4BC1-A1FA-B97F3B917C55,Connect To Bluetooth Task Class
7071ECD5-663B-4BC1-A1FA-B97F3B917C55,Display Bluetooth Adapters Page Class
7071ECE0-663B-4BC1-A1FA-B97F3B917C55,Connect To Network Task Class
7071ECE5-663B-4BC1-A1FA-B97F3B917C55,Connect To Network Page Class
7071ECF1-663B-4BC1-A1FA-B97F3B917C55,Message Page Class
7071ECFA-663B-4BC1-A1FA-B97F3B917C55,Network Tasks Host Class
70750C30-9424-48F2-AC7A-D67D48662FB0,DevExpress.Xpo.Design.AddXPOClassWizardJSharp
70799824-B3BA-4157-96CB-A34D6170C96F,WindowsInfo.xml parser
70804ECC-7272-4DC8-AFFC-97CD66AAA282,Windows Desktop Search Map Plugin
7086AD76-44BD-11D0-81ED-00A0C90FC491,DiskManagement.UITasks
7098BB2E-EB80-4433-BEF6-DF45206A41DC,Vista Share Engine
709E2729-F883-441E-A877-ED3CEFC975E6,ProfileNotifyHandler Class
70A738D1-1BC5-3175-BD42-603E2B82C08B,System.Globalization.DateTimeFormatInfo
70CBA7D2-50A5-4383-8AA5-B378C01C7364,CLSID_LegacyFindFiles
70E102B0-5556-11CE-97C0-00AA0055595A,Video Renderer
70F598E9-F4AB-495A-99E2-A7C4D3D89ABF,WMAudio Encoder DMO
70F98452-3C38-4271-8E76-6F444852EBC8,PortableDeviceWiaCompat Class
70FE779E-D08F-49EE-A662-E8496701058C,Microsoft.AnalysisServices.ImpactDetailCollection
70FF37C0-F39A-4B26-AE5E-638EF296D490,RARegSetting Class
710BF53B-DBF3-4E4C-B8B5-6C13BD730DD4,Microsoft.AnalysisServices.GroupCollection
7122A82D-E722-4AFC-AA87-EAA77D8CFCE1,Windows Media Player WMEnc5PointWavSource Class
71285C44-1DC0-11D2-B5FB-00104B703EFD,Microsoft WBEM (non)Standard Marshaling for IWbemObjectSink
713790EE-5EE1-45BA-8070-A1337D2762FA,WTVFile Thumbnail Handler
713AACC8-3B71-435C-A3A1-BE4E53621AB1,AnimateWindowSize Object
715D9C59-4442-11D2-9605-00C04F8EE628,SpStream Class
7165C8AB-AF88-42BD-86FD-5310B4285A02,ContactManager class
716821B1-7349-4D2B-891A-5C97E4AA63CC,PageMargins Class
7170F2E0-9BE3-11D0-A009-00AA00B605A4,TAPI3 Terminal Manager Class
717EF4FE-AC8D-11D0-B945-00C04FD8D5B0,DsPropertyPages.User Special Info
71932D43-3CA5-46EF-B013-3F9A695996ED,DMO Wrapper Filter
71B804C5-5577-471D-8FE5-C4A45B654EB8,Windows SideShow AutoWake Configuration Helper
71D99464-3B6B-475C-B241-E15883207529,Sync Results Folder
71E08E34-C0E7-4BE7-BF16-B359BDEE50E3,PDFExportFormatOptions Class
71E13A42-7BD4-3135-A697-C0AB9B65FCE2,Microsoft.AnalysisServices.ProtocolFormat
71E32BAA-73EE-40A1-933C-F166F0192B72,Show thumbnails instead of icons tree item callback object for sysdm.cpl
71E38F91-7E88-11CF-9EDE-0080C78B7F89,MTxAS Object
71F96385-DDD6-48D3-A0C1-AE06E8B055FB,Explorer Browser
71F96460-78F3-11D0-A18C-00A0C9118956,%Filter_XBar%
71F96461-78F3-11D0-A18C-00A0C9118956,Analog Crossbar Property Page
71F96462-78F3-11D0-A18C-00A0C9118956,WDM TV Audio
71F96463-78F3-11D0-A18C-00A0C9118956,TV Audio Property Page
71F96464-78F3-11D0-A18C-00A0C9118956,VideoProcAmp Property Page
71F96465-78F3-11D0-A18C-00A0C9118956,CameraControl Property Page
71F96466-78F3-11D0-A18C-00A0C9118956,VideoDecoder Property Page
71F96467-78F3-11D0-A18C-00A0C9118956,VideoStreamConfig Property Page
720B8500-17B3-4C89-AE84-2CFE7251B4B8,PSFactoryBuffer
720D4AC0-7533-11D0-A5D6-28DB04C10000,KsTopologyInfo Class
72213061-C9BC-40BE-A916-A28F5FBA091E,VsDefaultLoader Class
72245140-F8BD-4705-AE23-6DFABA51F92D,Microsoft.AnalysisServices.CubeDimensionBinding
722B3793-5367-4446-B6BB-DB89B05C1F24,ItemHandlerCache
722D5183-DD94-40DD-B4F1-91593F419EC1,Microsoft SQL Server Replication Remote Merge Agent 9.0
725F645B-EAED-4FC5-B1C5-D9AD0ACCBA5E,File Open Dialog Legacy
726BBDF4-6C6D-30F4-B3A0-F14D6AEC08C7,System.Resources.MissingManifestResourceException
728A21C5-3D9E-48D7-9810-864848F0F404,PortableDevice Class
72967901-68EC-11D0-B729-00AA0062CBB7,WBEM Registry Property Provider
72967903-68EC-11D0-B729-00AA0062CBB7,WBEM PerfMon Property Provider
72970BEB-81F8-46D4-B220-D743F4E49C95,Volume Shadow Copy WMI Provider
72A7994A-3092-4054-B6BE-08FF81AEEFFC,Sharing Elevated Virtual Factory
72B36E70-8700-42D6-A7F7-C9AB3323EE51,Search Connector Folder
72B41598-A604-461A-87C3-0FC6B838A7B7,ModifyDataDefBooleanPropertyRequest Class
72C24DD5-D70A-438B-8A42-98424B88AFB8,Windows Script Host Shell Object
72C57034-02C4-4E9F-BF9C-CA711031757E,Shell File Operation Undo Unit
72C97D74-7C3B-40AE-B77D-ABDB22EBA6FB,StringCollection Class
72D3EDC2-A4C4-11D0-8533-00C04FD8D503,ADs Property Entry Object
72E82EA3-C8F6-4B75-A3A1-44D4BF91FB06,Microsoft.AnalysisServices.PerspectiveCalculation
72EB61E0-8672-4303-9175-F2E4C68B2E7C,Namespace Walker
72EFC251-EB85-43F3-AC71-2FFA99DE86CD,DirectoryItem Class
730F6CDC-2C86-11D2-8773-92E220524153,SysTrayInvoker
7312498D-E87A-11D1-81E0-0000F87557DB,Blur
73257E95-0378-49D6-A954-44AABC841EAB,Address Acquisition Helper Class
73647561-0000-0010-8000-00AA00389B71,WDM Streaming Standard Data Type Handler
736F7D74-F634-4C89-BB36-55DF50EF64A0,Microsoft.AnalysisServices.CalculatedMeasureBinding
737CCF80-E456-4988-87CB-4D799886AD34,TimeFieldFormat Class
7390F3D8-0439-4C05-91E3-CF5CB290C3D0,Microsoft RDP Client Control (redistributable) - version 7
73AD6842-ACE0-45E8-A4DD-8795881A2C2A,SpInProcRecoContext Class
73B7DC00-F498-4ABD-AB79-D07AFD52F395,PSFactoryBuffer
73CFD649-CD48-4FD8-A272-2070EA56526B,IE BandProxy
73D14237-B9DB-4EFA-A6DD-84350421FB2F,MSVidCtl Digital TV to CCA Composition Segment
73D7BAE9-80C0-4FA7-996D-4A1A2B99671F,Microsoft.AnalysisServices.PermissionSet
73DA5D04-4347-45D3-A9DC-FAE9DDBE558D,CSectionList
73E709EA-5D93-4B2E-BBB0-99B7938DA9E4,Microsoft WMI Provider Subsystem Host
73EB8142-4A74-49FD-A0FC-05FAEED4CD51,Advanced Audit Policy Group Policy Editor Extension
73F0717A-07D7-3B12-883E-8FE859942D4E,dao.DataTypeEnum
73FDDC80-AEA9-101A-98A7-00AA00374959,WordPad Document
740EC24D-46AD-4334-A076-41CCC3F8D9B4,PBDA Class
742AD1FB-B2F0-3681-B4AA-E736A3BCE4E1,System.Runtime.InteropServices.MarshalDirectiveException
743A6E3B-A5DF-43ED-B615-4256ADD790B8,MFPsiFilter
743B5D60-628D-11D2-AE0F-006097B01411,DirectPlay8 Serial Provider Object
743F1DC6-5ABA-429F-8BDF-C54D03253DC2,DirectPlay8Client Object
7444C717-39BF-11D1-8CD9-00C04FC29D45,CryptPKO Class
7444C719-39BF-11D1-8CD9-00C04FC29D45,CryptSig Class
7448B52A-DD30-4AAA-978D-099DB82B1375,VSTO Persistence Excel Component
745057C7-F353-4F2D-A7EE-58434477730E,AEC
74579061-D79E-4FDC-974E-B162755DECFA,Microsoft SQL Server Replication Merge Agent 9.0
745A5ADD-6A71-47B9-9BB9-31DD3A6913D4,Authentication UI CredUI Helper
7469AE5E-1CA1-4181-970C-BDFD8EAA2C4F,PSFactoryBuffer
747737EA-FF21-3C36-B3F2-F85B731D5F2C,Microsoft.SqlServer.Management.Smo.StatisticColumn
7478EF61-8C46-11D1-8D99-00A0C913CAD4,ComponentData Class
7478EF65-8C46-11D1-8D99-00A0C913CAD4,ComponentData Class
7478EF69-8C46-11D1-8D99-00A0C913CAD4,PerformanceAbout Class
7478FAE4-A5DB-36BC-AD8D-65978757FD84,Microsoft.Office.Interop.Access.AcView
74807F67-0058-440D-8600-65541A7FBBEA,PSFactoryBuffer
7487CD30-F71A-11D0-9EA7-00805F714772,Background Thumbnail Generator
74A8CC05-6388-30B3-ACD5-3C4397B52EA2,Microsoft.SqlServer.Management.Nmo.DeliveryChannelArgument
74ABD359-DD57-46B2-B459-B8FC803E67D4,TipSettings Class
74AD2302-A606-428E-B40F-F04B8964ADB6,VSD Connection Manager
74B077E8-32DE-40AB-BE4E-65609F575459,Resource Monitor
74BDD0B9-38D7-3FDA-A67E-D404EE684F24,System.ArgumentOutOfRangeException
74E33809-BC40-3D65-839A-169EAF781E30,Microsoft.SqlServer.Replication.ReplicationColumn
75048700-EF1F-11D0-9888-006097DEACF9,ActiveDesktop
75215200-A2FE-30F6-A34B-8F1A1830358E,System.UnauthorizedAccessException
752438CB-E941-433F-BCB4-8B7D2329F0C8,FwCpl LUA
75252D1D-7AB5-46AB-B4CD-4252108F6C08,LocalReportMgr Class 10.5
75253CFA-39AC-4EA0-8074-A737554E5394,CommonFieldFormatConditionFormulas Class
75269C13-41E1-4D0E-B8A0-9F8F22E246C9,SystemAudioDeviceExclusive Class
7542E960-79C7-11D1-88F9-0080C7D771BF,Event Subscription
7548265B-82BE-4AEF-8181-2A0A6AA92F39,PlayBack Class
755A176B-AE3D-416B-B77A-0BA3A11F0D2A,FieldObject Class
755F24D6-7FC4-3A8C-BAFE-E988D3FE65EE,dao.SynchronizeTypeEnum
755F7A20-E39C-31E0-8174-2E430C2C4E7A,Microsoft.SqlServer.Management.Smo.Server
75718C9A-F029-11D1-A1AC-00C04FB6C223,WBEM Scripting Sink
75847177-F077-4171-BD2C-A6BB2164FBD0,Private Profile Object
7584C670-2274-4EFB-B00B-D6AABA6D3850,Microsoft RDP Client Control (redistributable) - version 4
75999EBA-0679-3D43-BDC4-02E4D637F1B1,System.Runtime.Remoting.Metadata.W3cXsd2001.SoapYear
75DFF2B7-6936-4C06-A8BB-676A7B00B24B,CLSID_SeparateMultipleProcessExplorerHost
7601D491-E67A-4299-9033-724A0583E641,Microsoft SQL Server Merge Replication Provider
760416B9-56B4-391A-813F-1FC2C0E31081,Microsoft.SqlServer.Management.Smo.DatabaseRole
760C4B83-E211-11D2-BF3E-00805FBE84A6,Windows Media Services DRM Storage object
76269476-ACDE-3696-BE72-2526BAB86221,Microsoft.SqlServer.Replication.SubscriptionState
7658F2A2-0A83-11D2-A484-00C04F8EFB69,CrStretch
7669CAD6-BDEC-11D1-A6A0-00C04FB9988E,ProtocolsTable Class
766BF2AE-D650-11D1-9811-00C04FC31D2E,HomePage Class
76765B11-3F95-4AF2-AC9D-EA55D8994F1A,Property System Both Class Factory
769B8B68-64F7-3B61-B744-160A9FCC3216,System.Globalization.TaiwanCalendar
76A64158-CB41-11D1-8B02-00600806D9B6,WBEM Scripting Locator
76A649C7-CFD6-3C48-9F9C-78441087448C,Microsoft.Office.Interop.Outlook.OlMeetingResponse
76AE5F57-B7C9-421F-B55E-FB25144317B6,Sensors CPL Change Description LUA Helper
76B4FCAC-BB29-11DB-96F1-005056C00008,PBDA ETFilter
76B5E167-9A3F-4D6B-967A-B5A92EACDC3E,PSFactoryBuffer
76BE8257-C4C0-4D37-90C0-A23372254D27,Indexer Status Update Object
76F014EC-1B0C-4A15-A029-4C0FDF12B5B1,Briefcase Storage Object
76F363F2-7E9F-4ED7-A6A7-EE30351B6628,Inset
77000120-F789-11CE-86F8-0020AFD8C6DB,/n software inc. - IPWorks! SSL V8 IPDaemonS Control
77000570-F789-11CE-86F8-0020AFD8C6DB,/n software inc. - IPWorks! SSL V8 CertMgr Control
7751F46E-39B2-4B50-A7E3-23EF598ECD85,Selector Class
7754801C-B01D-4D74-84CB-DFD70669FFBE,DeviceInfo.xml parser
77597368-7B15-11D0-A0C2-080036AF3F03,PrintUIShellExtension Class
7763B7C0-A5FD-4AA9-BD1B-58B17137236B,Location Description
777B6BBD-2FF2-11D3-88FE-00C04F8EF9B5,SpPhraseBuilder Class
777BA815-2498-4875-933A-3067DE883070,XWizard Task Stub
777BA816-2498-4875-933A-3067DE883070,XWizard Page Stub
777BA81A-2498-4875-933A-3067DE883070,XWizard Virtual Factory
777BA851-2498-4875-933A-3067DE883070,XWizard Type plugin for Win32 Class
777BA853-2498-4875-933A-3067DE883070,XWizard Type plugin for DUI Class
777BA87C-2498-4875-933A-3067DE883070,Public XWizard Manager Class
777BA8D2-2498-4875-933A-3067DE883070,Public Simple Marshal Class
777BA8E3-2498-4875-933A-3067DE883070,Private XWizard Page Enumeration Manager Class
777BA8E5-2498-4875-933A-3067DE883070,Private XWizard Task Enumeration Manager Class
777BA8E7-2498-4875-933A-3067DE883070,Private XWizard Host Enumeration Manager Class
777BA8E9-2498-4875-933A-3067DE883070,Private XWizard Registry Information Manager Class
777BA8F5-2498-4875-933A-3067DE883070,Private XWizard Registration Manager Class
777BA8F9-2498-4875-933A-3067DE883070,Private XWizard Factory Registration Manager Class
777BA8FB-2498-4875-933A-3067DE883070,Private XWizard Type Registration Manager Class
777D0CFF-0375-43B9-8532-FB04A4903593,Windows Media Player Effects Activate
777DCDFD-C330-480B-B582-B02B57580CC9,TrueCryptFormat class
777F668E-3272-39CD-A8B5-860935A35181,System.Runtime.Remoting.Metadata.W3cXsd2001.SoapToken
77A1C827-FCD2-4689-8915-9D613CC5FA3E,SensorManager Class
77CAA877-5F72-3223-8F87-30BC873E9081,Microsoft.SqlServer.Replication.ReplicationStoredProcedure
77D2C902-7779-11D8-9070-00065B840D9C,Microsoft DDS Generic Class 80
77D2C905-7779-11D8-9070-00065B840D9C,Microsoft DDS Library Shape Control 80
77D2C908-7779-11D8-9070-00065B840D9C,Microsoft DDS Picture Shape Control 80
77D2C915-7779-11D8-9070-00065B840D9C,Microsoft DDS Layout Manager 80
77D2C916-7779-11D8-9070-00065B840D9C,Microsoft DDS Rectilinear Layout 80
77D2C917-7779-11D8-9070-00065B840D9C,Microsoft DDS Oblique LineRoute 80
77D2C91E-7779-11D8-9070-00065B840D9C,Microsoft DDS Polyline Control 80
77D2C923-7779-11D8-9070-00065B840D9C,Microsoft DDS Text Control 80
77D2C926-7779-11D8-9070-00065B840D9C,Microsoft DDS Icon Control 80
77D2C92D-7779-11D8-9070-00065B840D9C,Microsoft DDSform 80 2.1 FontNew
77D2C92E-7779-11D8-9070-00065B840D9C,Microsoft DDS Form 2.0
77D2C931-7779-11D8-9070-00055B840D9C,Microsoft DDSform 80 2.1 FormPackage
77F10CF0-3DB5-4966-B520-B7C54FD35ED6,Custom Destination List
77F419AA-771A-45FF-AC66-7567FA3243D3,SMB Share Engine
77F7F122-20B0-4117-A2FB-059D1FC88256,WPDServiceProvider Class
780102B0-C43B-4876-BC7B-5E9BA5C88794,PSFactoryBuffer
780F0537-CC28-42DB-85A8-576A28248A38,ParameterValues Object
78103FB7-AED7-4066-8BCD-30BB27B02331,Microsoft WBEM WMI Object Factory
782FC20A-81CF-43DE-A625-072155BCD30C,XWizard Factory Generated Class (HomeGroup Create Hook Page)
783CD4E4-9D54-11CF-B8EE-00608CC9A71F,Microsoft Visual SourceSafe Automation
784215B4-0D2E-11D3-920A-00C0DF10D434,MediaDetFilter
7849596A-48EA-486E-8937-A2A3009F31A9,PostBootReminder object
78530B75-61F9-11D2-8CAD-00A024580902,MS Timeline
786606A9-D908-42E9-95A5-8F4DDB6E8BA1,Microsoft.AnalysisServices.DependenciesCalculator
786CDB70-1628-44A0-853C-5D340A499137,TabletManager Class
7877D558-5378-4E1F-9624-104CA12B3607,Microsoft.AnalysisServices.AggregationUsage
7886B467-66D4-4163-82BA-D9212FDB4CA8,Windows Security Health Agent Callback Component
7888E5FE-6C66-4A34-B217-FA2292073F4A,PSFactoryBuffer
7899B101-7D9A-4F07-8B91-754F592A27DF,Microsoft.AnalysisServices.ProactiveCaching
789FA835-DFC5-4FA1-BB0F-9E152C19EC60,WMIObjectBrokerRegistration2 Class
78A51822-51F4-11D0-8F20-00805F2CD064,ProcessDebugManager Class
78B02165-1F54-4A65-848C-EAEBFEFAEF96,Crystal Favorites Folder
78B49D10-CD59-4D97-9999-4F924FD2F799,This object is used by the HTML Viewer Server Control to display the contents of the report.
78BEC353-56DD-4152-AB5D-A4BE89DB4160,SubreportObject Class
78CA7598-5C5F-339B-99D1-EB56E6D654E0,dao.QueryDefStateEnum
78D22140-40CF-303E-BE96-B3AC0407A34D,System.Runtime.InteropServices.RuntimeEnvironment
78E61E52-0E57-4456-A2F2-517492BCBF8F,Store Class
78F2A725-7CFB-4516-85A7-8A6224A2B321,Application Object
78FE669A-186E-4108-96E9-77B586C1332F,Content Index Null Stemmer
79176FB0-B7F2-11CE-97EF-00AA006D2776,Microsoft Forms 2.0 SpinButton
79376820-07D0-11CF-A24D-0020AFD79767,DirectSound Audio Renderer
7940ACF8-60BA-4213-A7C3-F3B400EE266D,Setup a Workspace Task Class
795514CB-A81C-48F6-87AB-5B22D433D5D8,SkinImage Object
795FCA73-90EC-42BE-AF59-24D5AE4FEAB3,Paragraph Class
797A9BB1-9E49-4E63-AFE1-1B45B9DC8162,DeviceHostICSSupport Class
798059F0-89CA-4160-B325-AEB48EFE4F9A,CColorControlDmo
7986D495-CE42-4926-8AFC-26DFA299CADB,Authentication UI Logon UI
7988B571-EC89-11CF-9C00-00AA00A14F56,Microsoft Disk Quota
7988B573-EC89-11CF-9C00-00AA00A14F56,Microsoft Disk Quota UI
7999FC25-D3C6-11CF-ACAB-00A024A55AEF,COM+ Transaction Context Component
79A939F9-9DDD-4D5B-B86A-98CE61297378,ParameterValueInfo Object
79B1A7AE-A2D2-32D8-8082-83A62364E996,Microsoft.SqlServer.Management.Smo.FileGroup
79BA9E00-B6EE-11D1-86BE-00C04FBF8FEF,DirectMusicBand
79C43ADB-A429-469F-AA39-2F2B74B75937,SensorCollection Class
79C8F92C-C185-47DD-BA25-F61F878A71E1,VSTO CTPHostX
79D46C4B-E72A-3F06-831A-AAE95F7F669C,Microsoft.Office.Interop.Access.AcColorIndex
79EAC9C9-BAF9-11CE-8C82-00AA004BA90B,IPersistMoniker
79EAC9D0-BAF9-11CE-8C82-00AA004BA90B,StdHlink
79EAC9D1-BAF9-11CE-8C82-00AA004BA90B,StdHlinkBrowseContext
79EAC9E0-BAF9-11CE-8C82-00AA004BA90B,URL Moniker
79EAC9E2-BAF9-11CE-8C82-00AA004BA90B,http: Asychronous Pluggable Protocol Handler
79EAC9E3-BAF9-11CE-8C82-00AA004BA90B,ftp: Asychronous Pluggable Protocol Handler
79EAC9E5-BAF9-11CE-8C82-00AA004BA90B,https: Asychronous Pluggable Protocol Handler
79EAC9E6-BAF9-11CE-8C82-00AA004BA90B,mk: Asychronous Pluggable Protocol Handler
79EAC9E7-BAF9-11CE-8C82-00AA004BA90B,"file:, local: Asychronous Pluggable Protocol Handler"
79EAC9F1-BAF9-11CE-8C82-00AA004BA90B,URLMoniker ProxyStub Factory
79EAC9F2-BAF9-11CE-8C82-00AA004BA90B,Async BindCtx
7A076CE1-4B31-452A-A4F1-0304C8738100,Network and Sharing Center Cpl Elevated Virtual Factory
7A0CC021-2939-4379-AA82-12AECC3538F6,CLSID_INewsgroupHelp
7A0F6AB7-ED84-46B6-B47E-02AA159A152B,Simple Conflict Presenter
7A1D4AA4-B9FD-3A05-A494-8FD9DCBB3789,Microsoft.SqlServer.Management.Smo.InvalidSmoOperationException
7A200EF5-2E64-3916-AD54-50ED1FA80007,Microsoft.SqlServer.Replication.AbortPolicy
7A3563B6-03BE-3835-9500-53B3B8A6130C,Microsoft.Office.Interop.Outlook.OlSensitivity
7A41BC42-6D11-3087-8589-6B351A71C0E7,Microsoft.Office.Interop.Access.AcPrintOrientation
7A53367E-82BF-483F-B670-D5BD5882C302,BooleanGroupOptions Class
7A56C4CB-D678-4188-85A8-BA2EF68FA10D,SAMI Byte Stream Handler
7A625F25-8C15-45DC-A3C6-7AAFA90ABB64,CommonUserInterface2 Class
7A71E85A-D758-405C-A09D-2AFD98445DDA,KiwiSubtmr.GSubclass
7A75B22A-CA78-4951-9370-EB5BB6282E4A,PrintDocumentRequest Class
7A7C3277-8F84-4636-95B2-EBB5507FF77E,LatLongReport Class
7A80E4A8-8005-11D2-BCF8-00C04F72C717,ExtractIcon Class
7A956EEC-0193-48DF-880D-8DBA13A867B0,Microsoft.AnalysisServices.DimensionStorageMode
7A9D77BD-5403-11D2-8785-2E0420524153,User Accounts
7AA17EAB-480D-38A7-B702-9DF16645BAD7,Microsoft.Office.Interop.Outlook.OlFormRegistry
7AA7790D-75D7-484B-98A1-3913D022091D,Shell FMIFS Wrapper
7ABBBCCA-E01B-4560-8228-92E1EEDBC908,CLSID_CopyUndoHandler
7AD84985-87B4-4A16-BE58-8B72A5B390F7,PlayTo
7AE01D6C-BEE7-38F6-9A86-329D8A917803,System.Security.SuppressUnmanagedCodeSecurityAttribute
7AE844F0-ECA8-3F15-AE27-AFA21A2AA6F8,System.Security.Cryptography.PKCS1MaskGenerationMethod
7AE8F383-239A-3464-B4CF-B203CC7B9BFB,Microsoft.SqlServer.Replication.AgentProfileTypeOption
7AF88008-7D6E-42D1-B11D-065554A4CFC3,RowsetRequest Class
7AFA253E-F823-42F6-A5D9-714BDE467412,AVI Byte Stream Handler
7B0719DC-B3F3-3738-AFE9-72198D983E8F,Microsoft.SqlServer.Replication.ReplicationSecurityMode
7B2801E6-0BC6-4C92-B742-6BE9B01AE874,DllHostInitializer
7B29B574-2E27-42F5-A27A-824D7F45B40A,PSFactoryBuffer
7B31547E-EF7E-479B-9494-2216DC179E61,Autoplay Handler
7B3BC2A0-AA50-4AE7-BD44-B03649EC87C2,VPS Decoder
7B3CE4C2-2EC0-3780-86BF-B3032EE63D31,Microsoft.SqlServer.Management.Nmo.EventClass
7B4A83B6-F704-4B77-8E3D-C6087E3A21D2,Share Command State Handler
7B5A12E8-0C60-4939-A046-11CF879B19FB,WlanDlg Get Key Task Class
7B5E1329-C951-4DBD-A404-11050D15280A,Microsoft.AnalysisServices.AggregationDimension
7B6B477F-41B9-4310-84E0-E0C4F57A55D9,Microsoft.AnalysisServices.MeasureGroupAttribute
7B769B29-35F0-3BDC-AAE9-E99937F6CDEC,System.Runtime.Remoting.Metadata.W3cXsd2001.SoapPositiveInteger
7B8A2D94-0AC9-11D1-896C-00C04FB6BFC4,Security Manager
7B8A2D95-0AC9-11D1-896C-00C04FB6BFC4,URL Zone Manager
7B938A6F-77BF-351C-A712-69483C91115D,System.Reflection.InvalidFilterCriteriaException
7B9E38B0-A97C-11D0-8534-00C04FD8D503,ADs Property Value Object
7BA4C740-9E81-11CF-99D3-00AA004AE837,Microsoft SendTo Service
7BA79D5E-87D3-4842-905E-DFBDA0949FBC,Microsoft.AnalysisServices.Aggregation
7BAFB3B1-D8F4-4279-9253-27DA423108DE,WMV Screen decoder DMO
7BC115CD-1EE2-3068-894D-E3D3F7632F40,System.Security.Cryptography.RSAPKCS1SignatureFormatter
7BD29E00-76C1-11CF-9DD0-00A0C9034933,Temporary Internet Files
7BD29E01-76C1-11CF-9DD0-00A0C9034933,Temporary Internet Files
7BD90B39-5E20-4C5C-ADEF-3582DD9A4112,TableLink Class
7BE640AB-7EF4-4E4C-A97E-1BE1AF45BA19,Microsoft.AnalysisServices.AttributeRelationship
7BE73787-CE71-4B33-B4C8-00D32B54BEA8,HomeGroup Password
7BE9D83C-A729-4D97-B5A7-1B7313C39E0A,Programs Folder
7BF3AC5C-CC84-429A-ACA5-74D916AD6B8C,OID Class
7C07E0D0-4418-11D2-9212-00C04FBBBFB3,MSPersist
7C23220E-55BB-11D3-8B16-00C04FB6BD3D,WM ASF Writer
7C45575F-F06C-33B7-A9A0-31AC2673F3F1,Microsoft.SqlServer.Management.Nmo.Instance
7C61D0A6-AF7E-483A-B705-D2C5C2264656,CLSID_EverywhereScopeFiller
7C7E6B63-E02E-467B-A290-F47653AC5B5F,Font Class
7C7E6C99-BB8D-4718-AAA9-70C4320010DE,SSCE Param Object
7C857801-7381-11CF-884D-00AA004B2E24,PSFactoryBuffer
7C92505F-53A4-4D39-B31C-871D82A907DE,PSFactoryBuffer
7CACBD7B-0D99-468F-AC33-22E495C0AFE5,Microsoft RDP Client Control - version 2
7CB359C5-570F-43C6-971F-1DB499EE57A1,WMPlayer PlaybackPropPage Class
7CBBABF0-36B9-11CE-BF0D-00AA0044BB60,Microsoft Forms 2.1 ControlSelector
7CD069A1-50AA-11D1-B8F0-00A0C9259304,AFormApp Class
7CD3C903-D2E9-4A4D-8AF3-3025445B24BF,FilterControl
7D096C5F-AC08-4F1F-BEB7-5C22C517CE39,Windows Search Manager
7D13F939-B90E-42EA-8FB6-C2183F14C578,Redo command invocation
7D1933CB-86F6-4A98-8628-01BE94C9A575,Virtual Disk Service
7D559C10-9FE9-11D0-93F7-00AA0059CE02,Code Download Agent
7D8AA343-6E63-4663-BE90-6B80F66540A3,VMR ImageSync
7D9239E5-782C-4126-99AD-81F0E8DA8F5C,New Network category Options Page
7D9AD905-B754-4297-B2EB-8371ABE25540,Adhoc Networks Exists Page
7DAE40BD-F5A0-372F-8D30-65B140E8E2AB,Microsoft.SqlServer.Management.Smo.ExtendedProperty
7DD84CCA-FCB2-4D18-A01A-C19E031176CF,FileView Property Page
7DE087A5-5DCB-4DF7-BB12-0924AD8FBD9A,WSMan InternalAutomation Class
7DE4D109-676F-4862-899F-4186B30D35DD,ErrorReporter Class
7DF2CFCD-6C09-415A-AE9D-5263F4964CBB,CLSID_SortColumnArray
7DF62B50-6843-11D2-9EEB-006008039E37,Generate Still Video
7E320092-596A-41B2-BBEB-175D10504EB6,WMVideo8 Encoder DMO
7E3393AB-2AB2-320B-8F6F-EAB6F5CF2CAF,System.Security.UnverifiableCodeAttribute
7E34AB89-0684-3B86-8A0F-E638EB4E6252,System.NotFiniteNumberException
7E37D5E7-263D-45CF-842B-96A95C63E46C,Group Policy Object Proxy Stub
7E3FCEA1-31B4-11D2-AE1F-0080C7337EA1,XML Viewer Moniker
7E45546F-6D52-4D10-B702-9C2E67232E62,Software installation
7E48C5CF-72F6-4C84-9F43-B04B87B31243,Scripting.Signer
7E4A23E2-B969-4761-BE35-1A8CED58E323,XPS Thumbnail Generator
7E66DBEF-2474-4E82-919B-9A855F4C2FE8,WscIsvIf Proxy Stub
7E71D286-9FE4-41C5-8A6F-B52D596A1A73,Microsoft SQL Server WMI Event Provider
7E99C0A3-F935-11D2-BA96-00C04FB6D0D1,ADs DN With Binary Object
7E9D8D44-6926-426F-AA2B-217A819A5CCE,XML File Persistent Handler
7EA9A8FA-F5D2-49E1-99E8-C26EE07FCEEB,Setup Controller 12
7EB58660-96F1-49CF-B8AF-F47152B8CE29,CodeRush
7EB5FBE4-2100-49E6-8593-17E130122F91,Fade Task
7EE0A24E-A8C6-46AE-A875-8E7C3D18AEAF,Favorites IFilter
7EFC002A-071F-4CE7-B265-F4B4263D2FD2,Local Thumbnail Cache
7F06F211-1645-4C33-8D8A-08C280B7DF80,RequestRecorder Class
7F1899DA-62A6-11D0-A2C6-00C04FD909DD,ScopeTree 1.0 Object
7F368827-9516-11D0-83D9-00A0C911E5DF,Microsoft Server Configuration Notify Object
7F43B400-1A0E-4D57-BBC9-6B0C65F7A889,PSFactoryBuffer
7F5B7F63-F06F-4331-8A26-339E03C0AE3D,WMIObjectBroker Class
7F5D25F8-78A5-49A8-A33C-2C0E11831C66,WMDRM Context
7F6BCBE5-EB30-370B-9F1B-92A6265AFEDD,System.InvalidCastException
7F71DB2D-1EA0-3CAE-8087-26095F5215E6,System.NullReferenceException
7F8C7DC5-D8B4-3758-981F-02AF6B42461A,System.Security.Cryptography.CryptographicException
7F8E7858-C362-4C0A-B868-4CDD929DA715,Authentication UI User Settings
7F976B72-4B71-3858-BEE8-8E3A3189A651,System.Collections.Queue
7F9CB14D-48E4-43B6-9346-1AEBC39C64D3,MS Video Control Closed Captioning Feature Segment
7FA3A1C3-3C87-40DE-AC16-B6E2815A4CC8,RecoveryTaskWrapper Class
7FC0B86E-5FA7-11D1-BC7C-00C04FD929DB,WebCheck SyncMgr Handler
7FC2B43D-50EE-4945-8C8D-79D5725B910B,ChangeReportSectionExRequest Class
7FD3958D-0A14-3001-8074-0D15EAD7F05C,System.Security.Cryptography.SHA384Managed
7FE0D935-DDA6-443F-85D0-1CFB58FE41DD,PSFactoryBuffer
7FE87A55-1321-3D9F-8FEF-CD2F5E8AB2E9,System.Threading.Overlapped
7FEBAF7C-18CF-11D2-993F-00A0C91F3880,DefView Persistent history
7FF0997A-1999-4286-A73C-622B8814E7EB,ICodecAPIProxy
7FFBCA7F-FC37-42F4-B721-47F90D8EBAFF,CommunicationChannel Class
80009818-F38F-4AF1-87B5-EADAB9433E58,MF ADTS Property Handler
802B1FB9-056B-4720-B0CC-80D23B71171E,Microsoft PenInputPanel Control
803E14A0-B4FB-11D0-A0D0-00A0C90F574B,WSecEdit Extension Class
804607E2-9951-492F-8163-5A7F13EB122F,ExcelOpenerObj Class
804C8E4A-3DAE-460D-90AD-8694B510F851,Microsoft IME IMEPad Server
805EA2A3-DF77-4171-9EDE-CB6C676C449F,PSFactoryBuffer
807C1E6C-1D00-453F-B920-B61BB7CDD997,Microsoft TipAutoCompleteClient Control
807E5A10-4856-4F9A-8E3C-A1F7E75648B3,CLSID_QueryResult
8082C5E6-4C27-48EC-A809-B8E1122E8F97,.contact shell extension handler
8085892A-615B-37C9-867E-6AFD28CF0DF8,Microsoft.SqlServer.Management.UI.SqlTextBox
8086EBD4-43E3-4B19-BEB3-F0EA4ECF319C,CScriptedDiagNativeHost
8099904B-0B91-4906-A89D-11DE2BD8F737,StartMenu Path Complete Query Cache
809B6661-94C4-49E6-B6EC-3F0F862215AA,Collection of BDA Tuning Model Components(Broadcast Substreams)
80A9E1AE-7800-375A-AFFA-CB5EB7D818F0,Microsoft.Office.Interop.Access.AcExportXMLSchemaFormat
80C68D96-366B-11DC-9EAA-00161718CF63,Play command invocation
80CB8C11-0E10-45F4-A1BA-EAD3838D7034,Microsoft Virtual Disk Service Virtual Disk Provider
80F94176-FCCC-11D2-B991-00C04F8ECD78,MessageView Class
81007291-F070-4C4F-B978-AD1BEC84BABC,Rename command invocation
8101368E-CABB-4426-ACFF-96C4108120CD,Plug and Play Provider Class
810B5013-E88D-11D2-8BC1-00600893B1B6,DirectMusic Script Object
810E402F-056B-11D2-A484-00C04F8EFB69,CrSlide
812034D2-760F-11CF-9370-00AA00B8BF00,Office Compatible 1.0
81397204-F51A-4571-8D7B-DC030521AABD,DXTFilterFactory
8144B6F5-20A8-444A-B8EE-19DF0BB84BDB,StiEventHandler Class
814B9800-1C88-11D1-BAD9-00609744111A,VBI Surface Allocator
814B9801-1C88-11D1-BAD9-00609744111A,VideoPort VBI Object
8165813A-0A9B-3F79-82BB-9CD6B0CDEFA3,Microsoft.AnalysisServices.OverrideBehavior
81796171-DF5F-4F1B-A80C-BE4715D3C6BB,TextNormMultiResult Class
818A1752-319D-4C5C-B6E5-D6AE7B387C67,TimerLite.clsTimerLite
8199DBE4-94E8-33A5-93CA-106B83D69BEB,Microsoft.AnalysisServices.ValidationErrorCodes
819D1334-9D74-4254-9AC8-DC745EBC5386,InfoBar Manager
81B43E73-E814-4DCD-A7C6-E22E7FE6A029,Item Store Object
81B63750-F991-4236-BD99-89DB7CFAB864,Adapter Class
81C5FE01-027C-3E1C-98D5-DA9C9862AA21,System.Object
81D4E9C9-1D3B-41BC-9E6C-4B40BF79E35E,ImSCTip
81E9DD62-78D5-11D2-B47E-006097B3391B,DVcrControl Property Page
820825FD-1358-4705-8FEB-56B5CEE8BFD5,NULL SSID INFO PAGE
8215BA54-B69F-4275-AE11-31CB63593B09,PSFactoryBuffer
823535A0-0318-11D3-9D8E-00C04F72D980,BDA Tuning Model Component Type Class (Broadcast Substream Type)
82397E99-5921-3256-9A09-54A9DCCD2284,Microsoft.AnalysisServices.ScriptErrorHandlingMode
823B8267-735C-477E-8151-0FA9ADC8AB3A,Convert ACL to SIDs and resolve SIDs
823D0203-6C73-34A0-9291-9F3F53C852E5,Microsoft.SqlServer.Management.Smo.UserDefinedAggregate
82435BDF-F7C1-4DF9-8103-EEABEBF3D6E1,WMDRM Content Enabler
825DCEB6-3B0F-39A1-BF8B-E0F82512FC9D,Microsoft.SqlServer.Replication.ValidationOption
8278F931-2A3E-11D2-838F-00C04FD918D0,Tracking Shell Menu
827CE1A1-8255-4165-8C83-8379F8C127AE,Create and edit Wireless policies
82C588E7-E54B-408C-9F8C-6AF9ADF6F1E9,FormatForDisplay Helper
82D353DF-90BD-4382-8BC2-3F6192B76E34,WMVideo Decoder DMO
82D792E9-8F8C-4F4A-9DBF-06253E4562A8,FilterWorkerItem
83081C08-382C-4ED4-ACCF-DCBECA021010,VSTO Accessor class
8336E323-2E6A-4A04-937C-548F681839B3,X509 Certificate Template AD Writable
835364E6-690B-4FF3-B7D1-5792C067FD2B,FilterItems Class
8367AFBF-9084-49AC-AF2A-B6C2343BA9B5,Microsoft Visual Web Developer 12.0 Editor Application
8369AB20-56C9-11D0-94E8-00AA0059CE02,Cleaner for Downloaded Program Files
836FA1B6-1190-4005-B434-7ED921BE2026,UserDictionary Class
8373CE97-72B7-4FB2-B5E8-B38AA083D734,WinSync Anchor Provider Wrapper
837A6733-1675-3BC9-BBF8-13889F84DAF4,System.Runtime.CompilerServices.DiscardableAttribute
83887B03-08F3-48D3-90A9-474A9FC018C3,Remote Tools for Visual Studio 8.0 Remote Tools Connect class
838A77A6-14D4-439C-925F-30EE58005026,CCOMNSScopeForExtensionSnapin Class
838CFFC9-61FD-3934-B8D2-751720459A70,Microsoft.AnalysisServices.ObjectReference
8398EE59-134A-420A-934A-D86A7F900D9A,IsdbString Class
83B8BCA6-687C-11D0-A405-00AA0060275C,DebugDocumentHelper Class
83BB272F-7D5E-4B6E-9250-889893F0DAC7,Folder options command
83E05BD5-AEC1-4E58-AE50-E819C7296F67,PSFactoryBuffer
83F64ACD-26BF-4FFE-87A8-43AE2C9872E3,Microsoft Embedded Common Language Runtime
8427380C-755D-40C1-973E-4EBB6AD14F02,Microsoft.AnalysisServices.OlapDataSource
843A9D33-EF3D-356F-A2D9-0B582A8B1BCA,Microsoft.Office.Interop.Access.AcPrintItemLayout
84465401-2886-4CE0-AF50-C0560226ED40,PSFactoryBuffer
84589833-40D7-36E2-8545-67A92B97C408,System.Security.HostSecurityManager
846B8222-2119-47BF-BF53-B875378ACE02,RequestContext Class
8475AE11-3B51-494A-AC77-91DA1B53F35A,Enum Debug Name implementation
84912BFD-C3F7-367C-B17E-2D676DDC50A7,Microsoft.Office.Interop.Access.AcFileFormat
8496E040-AF4C-11D0-8212-00C04FC32C45,AuStream Class
84CCE1D2-97AD-4448-AF0F-A79164073A60,Personalization Control Panel Element Provider
84D586C4-A423-11D2-B943-00C04F79D22F,CustRg Class
84DE202D-5D95-4764-9014-A46F994CE856,Administrative Templates - Starter GPO (Computer)
84DE202E-5D95-4764-9014-A46F994CE856,Administrative Templates - Starter GPO (User)
84E04A55-2D42-4909-86E3-62FD11483E8B,Temporary Setup Files Cleanup
84F70B6C-D59E-394A-B879-FFCC30DDCAA2,System.Runtime.Remoting.Metadata.W3cXsd2001.SoapLanguage
84FF6A23-66B1-3C29-9C5C-11048C3A46FB,Microsoft.SqlServer.Management.Smo.DatabaseObjectTypes
85074451-173D-4091-8648-C0E196BB363E,WSUS App Publisher
8509BB76-FFA3-4827-BA5E-2E786010F42F,Item Set Operations Object
850D1D11-70F3-4BE5-9A11-77AA6B2BB201,CommonDialog Class
85131630-480C-11D2-B1F9-00C04F86C324,JS File Host Encode Object
85131631-480C-11D2-B1F9-00C04F86C324,VBS File Host Encode Object
854CB94F-2279-4F7F-AC62-31E22E4D8899,InfraConnectTask
8557EAC0-2A06-4E08-A6D8-ABBA2AF173E1,Generic StackWalker
85599CD4-B502-429B-85E9-51DECA0284C0,Microsoft.AnalysisServices.AggregationDesign
855FEC53-D2E4-4999-9E87-3414E9CF0FF4,RunTask
856164D2-5877-3E2A-975F-1B5952505B9E,Microsoft.SqlServer.Replication.PublicationType
8570B44E-D109-42D3-BE32-0F8D446669C5,Close window command invocation
85862EDA-F507-4D5B-ACA9-BB2C34A85682,Microsoft XPS Rich Preview Handler
8596E5F0-0DA5-11D0-BD21-00A0C911CE86,File Writer
85BBD920-42A0-1069-A2E4-08002B30309D,Briefcase
85CFCCAF-2D14-42B6-80B6-F40F65D016E7,Shortcut
85E94D25-0712-47ED-8CDE-B0971177C6A1,Microsoft DocProp Rating Control
85ECAFCC-BDD9-4B03-97A8-FA65CBE3859B,SQLNCLI
8601319A-D7CF-40F3-9025-7F77125453C6,Sxs Store Class Proxy/Stub
860BB310-5D01-11D0-BD3B-00A0C911CE86,VFW Capture Class Manager
860D36EE-748E-4B73-AE45-C33187E6F166,MS IME 10 Character Applet
8613E14C-D0C0-4161-AC0F-1DD2563286BC,Correction Widget Class
86151827-E47B-45EE-8421-D10E6E690979,Closed Captions Analysis Feature Segment
86153F73-D41E-3B5A-AA7C-E65A5495A24A,DevExpress.CodeRush.Shell.ToolWindowShim
862321C3-70B2-4EE2-8231-87EC05819D98,Transport Connection Helper Class
8627F50A-070E-4501-86E0-1BB6CA124473,Microsoft.AnalysisServices.Kpi
863AA9FD-42DF-457B-8E4D-0DE1B8015C60,Remote Printers
863FA3AC-9D97-4560-9587-7FA58727608B,SvcVwr 1.0 Object
86422020-42A0-1069-A2E5-08002B30309D,Network Context Menu Extension
864A1288-354C-4D19-9D68-C2742BB14997,User Event Timer
8652CE55-9E80-11D1-9053-00C04FD9189D,DXRasterizer Class
865E5E76-AD83-4DCA-A109-50DC2113CE9A,Programs Folder and Fast Items
8664DA16-DDA2-42AC-926A-C18F9127C302,PSFactoryBuffer
8670C736-F614-427B-8ADA-BBADC587194B,DirectShow Plugin Manager
86747AC0-42A0-1069-A2E6-08002B30309D,Briefcase Folder
868A2E25-D6C1-450B-8510-734A4AFEE8BC,WlanConn LUA
868FBE40-B964-453C-BEA2-77F32F2C294F,Microsoft Visual Studio Tools for Office Runtime Storage Component
86BEC222-30F2-47E0-9F25-60D11CD75C28,Application Document Lists
86C14003-4D6B-4EF3-A7B4-0506663B2E68,Application Destination List
86C80058-20B3-396C-B2EE-D55C953F9DFC,Microsoft.SqlServer.Replication.CustomResolver
86C86720-42A0-1069-A2E8-08002B30309D,.exe drop target
86D5EB8A-859F-4C7B-A76B-2BD819B7A850,Virtual Factory for Usercpl
86F80216-5DD6-4F43-953B-35EF40A35AEE,CElevateWlanUi
87032060-3FF4-4CA4-86AA-90D69789C2BF,ParentUndoUnit Class
8703B814-B436-4D99-B126-CE5DF302730F,Device Emulator (IEmulatorVirtualTransport Interface)
87099231-C7AF-11D0-B225-00C04FB6C2F5,FaxTiff Class
87123A30-0975-417D-9457-10066C5B69C3,VsBothLoader Class
874131CB-4ECC-443B-8948-746B89595D20,WMSpeech Decoder DMO
875CB1A1-0F29-45DE-A1AE-CFB4950D0B78,Audio Media Properties Handler
8770D941-A63A-4671-A375-2855A18EBA73,InkRecognizerGuide Class
877AA945-1CB2-411C-ACD7-C70B1F9E2E32,Source Depot Connection Object
877DB5BB-75BF-4260-BDC4-7E18E22D69B5,Microsoft Visual Basic Design-Time Scripting Engine
877E4351-6FEA-11D0-B863-00AA00A216A1,Plug In Distributor: IKsClock
879FB53B-CBA3-4FC8-B233-D9A93AFA7FBC,HomeGroup Task
87BB326B-E4A0-4DE1-94F0-B9F41D0C6059,ThirdPartyEapDispatcherPeerRuntime
87BC18DB-C8B3-11D5-AE96-00B0D0E93CC1,PSFactoryBuffer
87E2E679-D082-363D-9957-A8995F8DB0A8,Microsoft.AnalysisServices.IncrementalProcessingNotification
87EC4491-1B75-4844-B7CF-090A1FB84BA6,Microsoft SQL Server Stored Procedure Resolver
87EE4D0F-5E2F-372E-A253-0B70F43135C9,Microsoft.SqlServer.Replication.PartitionGroupsOption
87FC0268-9A55-4360-95AA-004A1D9DE26C,DirectSoundWavesReverbDMO
880AC964-2E34-4425-8CF2-86ADA2C3A019,State of play command
8821C0E8-73BA-4448-8B46-23824E0D7831,Location Association List
883373C3-BF89-11D1-BE35-080036B11A03,Summary Properties Page
8833BC41-DC6B-34B9-A799-682D2554F02F,System.IO.DirectoryNotFoundException
883FF1FC-09E1-48E5-8E54-E2469ACB0CFD,SrControl Class
8841D728-1A76-4682-BB6F-A9EA53B4B3BA,LogonPasswordReset
884E2000-217D-11DA-B2A4-000E7BBB2B09,ObjectId
884E2001-217D-11DA-B2A4-000E7BBB2B09,ObjectId Collection
884E2002-217D-11DA-B2A4-000E7BBB2B09,Binary Converter
884E2003-217D-11DA-B2A4-000E7BBB2B09,X500 Distinguished Name
884E2007-217D-11DA-B2A4-000E7BBB2B09,Csp Information
884E2008-217D-11DA-B2A4-000E7BBB2B09,Csp Information Collection
884E2009-217D-11DA-B2A4-000E7BBB2B09,Csp Status
884E200B-217D-11DA-B2A4-000E7BBB2B09,X509 Public Key
884E200C-217D-11DA-B2A4-000E7BBB2B09,X509 Private Key
884E200D-217D-11DA-B2A4-000E7BBB2B09,X509 Extension
884E200E-217D-11DA-B2A4-000E7BBB2B09,X509 Extension Collection
884E200F-217D-11DA-B2A4-000E7BBB2B09,X509 Extension Key Usage
884E2010-217D-11DA-B2A4-000E7BBB2B09,X509 Extension Enhanced Key Usage
884E2011-217D-11DA-B2A4-000E7BBB2B09,X509 Extension Template Name
884E2012-217D-11DA-B2A4-000E7BBB2B09,X509 Extension Template
884E2013-217D-11DA-B2A4-000E7BBB2B09,Alternative Name
884E2014-217D-11DA-B2A4-000E7BBB2B09,Alternative Name Collection
884E2015-217D-11DA-B2A4-000E7BBB2B09,X509 Extension Alternative Names
884E2016-217D-11DA-B2A4-000E7BBB2B09,X509 Extension Basic Constraints
884E2017-217D-11DA-B2A4-000E7BBB2B09,X509 Extension Subject Key Identifier
884E2018-217D-11DA-B2A4-000E7BBB2B09,X509 Extension Authority Key Identifier
884E2019-217D-11DA-B2A4-000E7BBB2B09,Smime Capability
884E201A-217D-11DA-B2A4-000E7BBB2B09,Smime Capabilities Collection
884E201B-217D-11DA-B2A4-000E7BBB2B09,X509 Extension Smime Capabilities
884E201C-217D-11DA-B2A4-000E7BBB2B09,Policy Qualifier
884E201D-217D-11DA-B2A4-000E7BBB2B09,Policy Qualifier Collection
884E201E-217D-11DA-B2A4-000E7BBB2B09,Certificate Policy
884E201F-217D-11DA-B2A4-000E7BBB2B09,Certificate Policies Collection
884E2020-217D-11DA-B2A4-000E7BBB2B09,X509 Extension Certificate Policies
884E2021-217D-11DA-B2A4-000E7BBB2B09,X509 Extension MS Application Policies
884E2022-217D-11DA-B2A4-000E7BBB2B09,X509 Attribute
884E2023-217D-11DA-B2A4-000E7BBB2B09,X509 Attribute Collection
884E2024-217D-11DA-B2A4-000E7BBB2B09,X509 Attribute Extensions
884E2025-217D-11DA-B2A4-000E7BBB2B09,X509 Attribute ClientId
884E2026-217D-11DA-B2A4-000E7BBB2B09,X509 Attribute Renewal Certificate
884E2027-217D-11DA-B2A4-000E7BBB2B09,X509 Attribute Archivekey
884E2028-217D-11DA-B2A4-000E7BBB2B09,X509 Attribute Archivekeyhash
884E202A-217D-11DA-B2A4-000E7BBB2B09,X509 Attribute OS Version
884E202B-217D-11DA-B2A4-000E7BBB2B09,X509 Attribute Csp Provider
884E202C-217D-11DA-B2A4-000E7BBB2B09,Cryptographic Attribute
884E202D-217D-11DA-B2A4-000E7BBB2B09,Cryptographic Attribute Collection
884E202E-217D-11DA-B2A4-000E7BBB2B09,Certificate Property
884E202F-217D-11DA-B2A4-000E7BBB2B09,Certificate Properties Collection
884E2030-217D-11DA-B2A4-000E7BBB2B09,Certificate Property Friendly Name
884E2031-217D-11DA-B2A4-000E7BBB2B09,Certificate Property Description
884E2032-217D-11DA-B2A4-000E7BBB2B09,Certificate Property Auto-Enroll
884E2033-217D-11DA-B2A4-000E7BBB2B09,Certificate Property Request Originator
884E2034-217D-11DA-B2A4-000E7BBB2B09,Certificate Property SHA-1 Hash
884E2036-217D-11DA-B2A4-000E7BBB2B09,Certificate Property Key Provider Information
884E2037-217D-11DA-B2A4-000E7BBB2B09,Certificate Property Archived
884E2038-217D-11DA-B2A4-000E7BBB2B09,Certificate Property Backed-Up
884E2039-217D-11DA-B2A4-000E7BBB2B09,Certificate Property Enrollment
884E203A-217D-11DA-B2A4-000E7BBB2B09,Certificate Property Renewal
884E203B-217D-11DA-B2A4-000E7BBB2B09,Certificate Property Archived Key Hash
884E203D-217D-11DA-B2A4-000E7BBB2B09,Signer Certificate
884E203F-217D-11DA-B2A4-000E7BBB2B09,Name Value Pair
884E2042-217D-11DA-B2A4-000E7BBB2B09,X509 CertificateRequest Pkcs10
884E2043-217D-11DA-B2A4-000E7BBB2B09,X509 CertificateRequest Certificate
884E2044-217D-11DA-B2A4-000E7BBB2B09,X509 CertificateRequest Pkcs7
884E2045-217D-11DA-B2A4-000E7BBB2B09,X509 CertificateRequest Cmc
884E2046-217D-11DA-B2A4-000E7BBB2B09,X509 Enrollment
884E2049-217D-11DA-B2A4-000E7BBB2B09,X509 Enrollment WebClassFactory
884E204C-217D-11DA-B2A4-000E7BBB2B09,Certificate Property Enrollment Policy Server
884E2050-217D-11DA-B2A4-000E7BBB2B09,X509 Enrollment Helper
884E2051-217D-11DA-B2A4-000E7BBB2B09,X509 Machine Enrollment Factory
8854F6A0-4683-4AE7-9191-752FE64612C3,InkDivider Class
8856F961-340A-11D0-A96B-00C04FD705A2,Microsoft Web Browser
88682D8A-E47A-4F56-BBEB-7D324A1B40C4,FpStructureElement Class
886D29DD-B506-466B-9FBF-B44FF383FB3F,EnhancedStorageSiloAction Class
8872FF1B-98FA-4D7A-8D93-C9F1055F85BB,ATSC Tune Request Location Information
888D5481-CABB-11D1-8505-00A0C91F9CA0,VideoRenderCtl Class
888DCA60-FC0A-11CF-8F0F-00C04FD7D062,Compressed (zipped) Folder SendTo Target
8897EE53-623A-3472-A106-6F142DD8086D,Microsoft.SqlServer.Management.Smo.RegisteredServers.ServerGroup
889900C3-59F3-4C2F-AE21-A409EA01E605,Shared Bitmap Object
88C524CA-551B-4C01-9A42-CDB16B745291,ImeCommonAPI_JPN_Desktop_V1 Class
88C6C381-2E85-11D0-94DE-444553540000,ActiveX Cache Folder
88C8A919-EB24-3CCA-84F7-2EA82BB3F3ED,System.Runtime.Serialization.SurrogateSelector
88D969E5-F192-11D4-A65F-0040963251E5,XML DOM Document 5.0
88D969E6-F192-11D4-A65F-0040963251E5,Free Threaded XML DOM Document 5.0
88D969E7-F192-11D4-A65F-0040963251E5,XML Schema Cache 5.0
88D969E8-F192-11D4-A65F-0040963251E5,XSL Template 5.0
88D969E9-F192-11D4-A65F-0040963251E5,XML Data Source Object 5.0
88D969EA-F192-11D4-A65F-0040963251E5,XML HTTP 5.0
88D969EB-F192-11D4-A65F-0040963251E5,Server XML HTTP 5.0
88D969EC-8B8B-4C3D-859E-AF6CD158BE0F,SAX XML Reader 5.0
88D969EE-F192-11D4-A65F-0040963251E5,SAXAttributes 5.0
88D969EF-F192-11D4-A65F-0040963251E5,MXXMLWriter 5.0
88D969F0-F192-11D4-A65F-0040963251E5,MXHTMLWriter 5.0
88D969F1-F192-11D4-A65F-0040963251E5,MXNamespaceManager 5.0
88D969F5-F192-11D4-A65F-0040963251E5,MXDigitalSignature 5.0
88D96A05-F192-11D4-A65F-0040963251E5,XML DOM Document 6.0
88D96A06-F192-11D4-A65F-0040963251E5,Free Threaded XML DOM Document 6.0
88D96A07-F192-11D4-A65F-0040963251E5,XML Schema Cache 6.0
88D96A08-F192-11D4-A65F-0040963251E5,XSL Template 6.0
88D96A0A-F192-11D4-A65F-0040963251E5,XML HTTP 6.0
88D96A0B-F192-11D4-A65F-0040963251E5,Server XML HTTP 6.0
88D96A0C-F192-11D4-A65F-0040963251E5,SAX XML Reader 6.0
88D96A0E-F192-11D4-A65F-0040963251E5,SAXAttributes 6.0
88D96A0F-F192-11D4-A65F-0040963251E5,MXXMLWriter 6.0
88D96A10-F192-11D4-A65F-0040963251E5,MXHTMLWriter 6.0
88D96A11-F192-11D4-A65F-0040963251E5,MXNamespaceManager 6.0
88E621E0-2F95-4EDA-BBE8-550F24C76D30,Microsoft.AnalysisServices.ActionType
88E729D6-BDC1-11D1-BD2A-00C04FB9603F,Folder Redirection Editor
88EBC1EE-F90A-484A-B9C5-8F9C0F37A828,iTV Data Sink
88EEBD3A-9091-44B8-92A7-F0D595422D90,GesturesProperties Class
890CB943-D715-401B-98B1-CF82DCF36D7C,Volume Shadow Copy WMI Provider
89115307-8248-448F-ADA0-F3F3718A9B2A,SystemAudioDeviceShared Class
896664F7-12E1-490F-8782-C0835AFD98FC,Libraries delegate folder that appears in Users Files Folder
896C2B1D-3586-4FA5-B419-41F4A6D38CF1,SyncInfrastructureControl Class
89720F18-8124-3FF5-BB63-42A7E5303AE0,Microsoft.Office.Interop.Outlook.OlActionShowOn
897708D5-9657-4C08-903C-40A1CB534992,WebExtenderClient Class
898E581B-9C9B-4679-A37B-55476CED664D,RunningTotalField Class
89A0AB39-3EE2-4467-B117-35B49DA91AB5,ParagraphElements Class
89A502FC-857B-4698-A0B7-027192002F9E,Bluewire Unpairing Handler
89A86E7B-C229-4008-9BAA-2F5C8411D7E0,System.EnterpriseServices.RegistrationHelper
89AC7259-150F-4E5C-912F-44AD22C32F3F,Alert Class
89BCC804-53A5-3EB2-A342-6282CC410260,System.SerializableAttribute
89C2E132-C29B-11DB-96FA-005056C00008,PBDA PTFilter
89D26277-8408-3FC8-BD44-CF5F0E614C82,System.Security.Policy.PolicyException
89D83576-6BD1-4C86-9454-BEB04E94C819,"@%systemroot%\system32\mssvp.dll,-110"
89F9F7B0-8DE3-4AE0-8B41-109ABAB32151,Microsoft WBEM Message Multi SendReceive
8A01C400-A3E0-4F8D-A933-FF780F22BD87,SnapinComponentData Class
8A03567A-63CB-4BA8-BAF6-52119816D1EF,Microsoft IMAPI Disc Recorder Enumerator
8A11B5FA-3C92-4E8B-8382-3C71B757D679,IE RSS Search Protocol Handler
8A22069C-1EF7-45D2-A409-219540D00A76,Infrastructure Connect Page Class
8A369502-DFDA-4989-9129-BAA99AC30DD4,ReadIStreamOnBytes Class
8A3E2E1E-A40B-4650-9FB4-30072A68E661,ParseTracer Class
8A3ED786-EFE9-4438-9717-3CD963D80F4F,"The ReportDefController is used to add, modify, and remove the chart objects that are defined in the Report Definition Model Library, and to apply a style to the report."
8A3FD229-B2A9-347F-93D2-87F3B7F92753,System.Runtime.InteropServices.ComConversionLossAttribute
8A51DC27-5A35-4E02-95A3-428BC6244A3C,iTV Data Capture filter
8A667154-F9CB-11D2-AD8A-0060B0575ABC,Microsoft DirectSound Wave
8A674B49-1F63-11D3-B64C-00C04F79498E,Utility Object for creating a Property Bag backed by the Registry
8A674B4C-1F63-11D3-B64C-00C04F79498E,BDA Tuning Model Analog Radio Tuning Space
8A674B4D-1F63-11D3-B64C-00C04F79498E,BDA Tuning Model Analog TV Tuning Space
8A6842BB-84DB-4EFA-99B9-06C850DF53FC,WMPlayer NetworkPropPage Class
8A7C27C7-2C6F-4CA3-BC14-5DC679CB77C1,PSFactoryBuffer
8A7CAE0E-5951-49CB-BF20-AB3FA1E44B01,Windows Font previewer
8A99553A-7971-4445-93B5-AAA43D1433C5,OfflineActivation Class
8A9B1CDD-FCD7-419C-8B44-42FD17DB1887,UIAnimationTransitionFactory
8AA5E342-2186-3170-A7A8-DCC5C82BD2C1,Microsoft.SqlServer.Management.UI.ScriptFilePropertiesWizardPage+ScriptTextFormat
8AAFE65E-30F2-4CC5-B08D-A923F51B0C33,Microsoft.AnalysisServices.RefreshPolicy
8AC3587A-4AE7-42D8-99E0-0A6013EEF90F,Device Proxy MFT
8ADD018C-5C5F-43C5-BE1E-07BAE85593B7,HomeGroup Alpha Hosted Listener
8B02D93D-B293-3B0A-9FA1-14725DAF4A21,Microsoft.SqlServer.Replication.MergeSessionError
8B10A141-87EE-4A0F-823F-D79F5FF7B10A,Microsoft Visual Studio Solution Object
8B20CD60-0F29-11CF-ABC4-02608C9E7553,WinNT Provider Object
8B2BD297-1605-4953-956C-02D342C73731,Microsoft.AnalysisServices.PerspectiveAction
8B7FBFE0-5CD7-494A-AF8C-283A65707506,Default Location Class
8BC3F05E-D86B-11D0-A075-00C04FB68820,Windows Management and Instrumentation
8BC46F54-0813-417D-A3D7-71E62638F30F,DateTimeFieldFormatConditionFormulas Class
8BD21D10-EC42-11CE-9E0D-00AA006002F3,Microsoft Forms 2.0 TextBox
8BD21D20-EC42-11CE-9E0D-00AA006002F3,Microsoft Forms 2.0 ListBox
8BD21D30-EC42-11CE-9E0D-00AA006002F3,Microsoft Forms 2.0 ComboBox
8BD21D40-EC42-11CE-9E0D-00AA006002F3,Microsoft Forms 2.0 CheckBox
8BD21D50-EC42-11CE-9E0D-00AA006002F3,Microsoft Forms 2.0 OptionButton
8BD21D60-EC42-11CE-9E0D-00AA006002F3,Microsoft Forms 2.0 ToggleButton
8BE9F5EA-E746-4E47-AD57-3FB191CA1EED,Listview Popup
8BF9A910-A8FF-457F-999F-A5CA10B4A885,Smartcard Credential Provider
8C135634-D430-4410-9FE5-AD3594D25CA4,DirectoryItems Class
8C1425C9-A7D3-35CD-8248-928CA52AD49B,System.Runtime.Remoting.Metadata.W3cXsd2001.SoapHexBinary
8C1645B0-9864-465E-BE75-990B030E4B11,XWizard Factory Generated Class (HomeGroup Join Hook Page)
8C1704F9-B197-36EC-A3C7-C4470D656B8C,Microsoft.SqlServer.Replication.ConflictPolicyOption
8C1C28BE-1ADC-4C83-82F9-B1670FB9D04B,PSFactoryBuffer
8C2031F1-B169-4E7C-9CB0-56F18D7B0C01,IAS XML Data Store
8C28B174-F932-445A-9C91-A1351D07BF02,SRegistryKey Class
8C33D751-60C3-4D3A-91B0-564A9804CAEC,Microsoft SQL Replication Distributor 9.0
8C3E4934-9FA4-4693-9253-A29A05F99186,SignedCode Class
8C40D44A-4EDE-3760-9B61-50255056D3C7,System.Text.UTF8Encoding
8C482DCE-2644-4419-AEFF-189219F916B9,HostPeerApis
8C4FCE56-FC9A-4FCB-BD35-2CCABFD93844,Authentication UI Logon Settings
8C52A5D9-2341-44A5-9A76-E19E68FC1EDF,SearchReportRecordResult Class
8C6E1F9A-9873-3A3D-B32B-EBBFAB470738,RedGate.Profiler.Engine.Win32ApplicationDefinition
8C723651-B56A-4C96-8602-4B0F603FD4F2,Sorts Class
8C7461EF-2B13-11D2-BE35-3078302C2030,DEPRECATED: Component Categories cache daemon
8C836AF9-FFAC-11D0-8ED4-00C04FC2C17B,ReplicateCatalog Class
8CBEED49-18A6-4D9C-8EF5-E4DD9AB04A83,Windows Media Player WMEncSourcePluginCommunicator Class
8CD1B98D-D8D5-4B51-9564-48B12A98698F,Active SSCE remote data access Object
8CD34779-9F10-4F9B-ADFB-B3FAEABDAB5A,.url File Persistent Handler
8CEC58AE-07A1-11D9-B15E-000D56BFE6EE,AP Client HxHelpPaneServer Class
8CEC58E7-07A1-11D9-B15E-000D56BFE6EE,AP Client HxHelpPane Class
8CF89BCB-394C-49B2-AE28-A59DD4ED7F68,PSFactoryBuffer
8D04238E-9FD1-41C6-8DE3-9E1EE309E935,MSVidCtl DVD to Audio Renderer Composition Segment
8D0E3E5E-E8DC-4DF4-9EF8-08DC89A2E057,CrystalDecisions.ReportAppServer.DataSetConversion.AdoNetDataSetWrapper
8D1C559D-84F0-4BB3-A7D5-56A7435A9BA6,Microsoft WBEM WMI Object Factory
8D1E5D4B-A99C-4408-B0F0-CCAB9E5835A1,SuggestFilterWorker
8D26D9AA-5DA8-4B95-949A-B74954A229A6,Virtual Factory for Action Center CPL
8D2C0E5D-3E3D-3926-9908-D2C00B8637F8,Microsoft.Office.Interop.Outlook.OlTaskRecipientType
8D2F758B-64BA-3B6E-86AE-B1BB9A081A43,Microsoft.SqlServer.Replication.ReplicationSchemaBoundView
8D36569B-14D6-3C3D-B55C-9D02A45BFC3D,System.MissingFieldException
8D4B04E1-1331-11D0-81B8-00C04FD85AB4,CLSID_ImnAccountManager
8D80504A-0826-40C5-97E1-EBC68F953792,OLE DocFile Property Handler
8D81D7DD-AF64-335E-AA26-D5DDA5B6DB4C,Microsoft.SqlServer.Replication.SynchronizationPartner
8D8B8E30-C451-421B-8553-D2976AFA648C,Sync Center Schedule Wizard
8D8EF77E-D52F-3ECB-9DF2-4F3B378BE371,Microsoft.Office.Interop.Access.AcDataAccessPageView
8D9B1EC0-181B-4D6D-987E-2754B506B242,MS PinYin 5.0 Dictionary Applet
8DA6373F-291B-4B99-8A82-D76AFD0E003A,PictureFormat Class
8DA6DB1C-8114-40C6-9D97-D2E7E9757D67,PSFactoryBuffer
8DB2180F-BD29-11D1-8B7E-00C04FD7A924,COMComponentRegistrar Class
8DB99C4E-C9A1-4B63-8C42-8D31A593E380,Microsoft.AnalysisServices.ClrAssemblyFileCollection
8DBEF13F-1948-4AA8-8CF0-048EEBED95D8,SpCustomStream Class
8DE9C74C-605A-4ACD-BEE3-2B222AA2D23D,NegationCondition Class
8E4062D9-FE1B-4B9E-AA16-5E8EEF68F48E,Registration Control
8E528C21-9D52-4030-BA92-3481227ADDD1,WMPlayer PrivacyPropPage Class
8E594310-16CA-4A00-932F-F70969F990C0,Quarantine System Health Agent Binding class
8E6E6079-0CB7-11D2-8F10-0000F87ABD16,Offline Pages Cleaner
8E775943-F2E7-3BC1-8A22-4A9F0DAB68AC,dao.RecordsetOptionEnum
8E779284-D34D-3753-9E73-CAEE0A20F717,Microsoft.SqlServer.Replication.AgentType
8E7DA0C4-9C52-4E9F-BD07-219DBC9E55B8,Microsoft Visual Web Developer 12.0 Editor Web
8E827C11-33E7-4BC1-B242-8CD9A1C2B304,Merged Folder Categorizer
8E85D0CE-DEAF-4EA1-9410-FD1A2105CEB5,Microsoft DocProp Inplace Multi-Value Property Control
8E87E7B8-896B-4E67-BFA2-45C67D60AC3A,CPL Search Target Services
8E8A2CB7-FB64-4A38-89A2-C5ED7E913FCC,CrystalDecisions.Data.UDTSchemaReader
8E989135-2736-4767-8160-EA3613F69D24,IEDropSourceWrapper
8EAD3A12-B2C1-11D0-83AA-00A0C92C9D5D,DiskManagement.SnapInExtension
8EE58651-FF3A-397D-B766-B58BFFDF3496,Microsoft.SqlServer.Management.Nmo.HostedEventProviderArgument
8EE97210-FD1F-4B19-91DA-67914005F020,Microsoft DocProp Inplace ML Edit Box Control
8F0A1029-0DF8-4765-A5FD-16E8ECB3545C,PSFactoryBuffer
8F0C5675-AEEF-11D0-84F0-00C04FD43F8F,AthWafer
8F3080A6-AF99-4F2E-A806-F3D5702A0444,Shell Computer Groups
8F42223B-CF6B-3C3A-855C-8434BF3D76AC,Microsoft.SqlServer.Management.Nmo.SubscriptionChronicle
8F45C7FF-1E6E-34C1-A7CC-260985392A05,System.Runtime.InteropServices.ComUnregisterFunctionAttribute
8F6B0360-B80D-11D0-A9B3-006097942311,AP encoding/decoding Filters
8F6D198C-E66F-3A87-AA3F-F885DD09EA13,System.Security.Cryptography.DSASignatureFormatter
8F710175-730B-473E-AE51-81334E8B3B39,Microsoft.AnalysisServices.HideIfValue
8F8E2924-E98D-3E5A-8ECB-E79F5C541CE6,Microsoft.SqlServer.Management.Smo.Transfer
8F91F2C1-A2CE-3E72-96E6-993D7967FF26,Microsoft.SqlServer.Replication.TransConflictCount
8FADC6A8-183E-4DFC-944A-84A323334B98,CFindNetPrinters Class
8FBA131B-C3D1-386F-BD4B-EF07C25E6DBA,Microsoft.AnalysisServices.ImpersonationMode
8FC0B734-A0E1-11D1-A7D3-0000F87571E3,Local Group Policy Editor
8FD730C1-DD1B-3694-84A1-8CE7159E266B,System.Runtime.Remoting.Lifetime.LifetimeServices
8FDB2E6F-E045-45A8-8587-D3D491FF2E22,Microsoft.AnalysisServices.AlgorithmParameterCollection
8FE39469-898C-42A0-9288-F6C8B8186E9B,Crystal ActiveX Report Viewer Event Info 10.5
8FE85D00-4647-40B9-87E4-5EB8A52F4759,Developer Tools
90087284-D6D6-11D0-8353-00A0C90640BF,Device Manager extension
900A3EEE-857C-413E-ABE0-DD8ED1574AAF,CommandTable Class
900BE39D-6BE8-461A-BC4D-B0FA71F5ECB1,DiagnosticInfrastructureCustomHandler
900C0763-5CAD-4A34-BC1F-40CD513679D5,User Account Control Check Service
9059F30F-4EB1-4BD2-9FDC-36F43A218F4A,Microsoft RDP Client Control (redistributable) - version 3
905B55A8-77F0-4D28-80DD-E46B1412343F,Execute OpenSearch view site command
906B1013-F3AD-402B-BE53-A4BBD6007F54,Microsoft Visual Studio 2008 Tools for Office Design-Time Adaptor for Word 2003
90716C36-670E-33EC-BBAF-1CB04D8EEEA3,Microsoft.SqlServer.Replication.SubscriptionResultOption
90903716-2F42-11D3-9C26-00C04F8EF87C,SpCompressedLexicon Class
90954C68-4D60-4023-A1F8-C6AF6F62E1C8,Network and Sharing Center
90A1998A-EB21-4F61-872F-F4DFDE1065D6,Microsoft SQL Server Compact OLE DB Provider for Windows Error Lookup
90AA3A4E-1CBA-4233-B8BB-535773D48449,Taskband Pin
90B9BCE2-B6DB-4FD3-8451-35917EA1081B,CLSID_SearchMSExecute
90BE9587-37B7-477C-81A7-BA7C5C40FF81,MSASR Locale Handler Class (2057)
90C29908-1A75-46A3-B098-8D6C890D1B52,KiwiSDTaskEngine.MailMessageHeader
90F1A06E-7712-4762-86B5-7A5EBA6BDB01,Microsoft Common Language Runtime Meta Data V2
90F1A06E-7712-4762-86B5-7A5EBA6BDB02,Microsoft Common Language Runtime Meta Data V2
90F8C90B-04E0-4E92-A186-E6E9C125D664,Property Labels
90FBC9CB-FE5B-3537-B086-3BCE15FAC7E1,Microsoft.SqlServer.Management.Smo.Rule
9107B83C-A03C-3C8B-A37B-E1A74A9670E2,Microsoft.SqlServer.Management.Smo.UserDefinedFunctionParameter
9113A02D-00A3-46B9-BC5F-9C04DADDD5D7,Enhanced Storage Data Source
91162401-6E6B-478A-A7FF-994EBA35B9C3,PSFactoryBuffer
9123A0C9-29EC-4C94-9036-CF22BD4E3363,PSFactoryBuffer
913A6DAA-57EE-4551-9ADA-64D329D306A5,App Locations Icon Extract Extension
9147EAEF-AFFA-3431-AAE4-88C1B9F744CA,Microsoft.SqlServer.Management.Smo.UnsupportedVersionException
914FEED8-267A-4BAA-B8AA-21E233792679,Microsoft Preview Creator
91591469-EFEF-3D63-90F9-88520F0AA1EF,System.InvalidProgramException
9171C115-7DD9-46BA-B1E5-0ED50AFFC1B8,Certificate Class
9173D971-B142-38A5-8488-D10A9DCF71B0,System.Threading.ReaderWriterLock
9185F743-1143-4C28-86B5-BFF14F20E5C8,SpPhoneConverter Class
9193A8F9-0CBA-400E-AA97-EB4709164576,MSVidCtl SBE Source to Closed Caption Composition Segment
91A789BC-E474-4CC1-BD9C-94AD212B3F52,Microsoft.AnalysisServices.TraceEvent
91ACDCF7-45C0-3DCB-98DA-8C9039CCD861,Microsoft.AnalysisServices.ReferenceDimensionMaterialization
91C12D80-3018-4E79-AB9B-3DA2A2EFE79B,Microsoft.AnalysisServices.CubeHierarchy
91D221C4-0CD4-461C-A728-01D509321556,Store Class
91EA3599-E134-4B0B-90D9-807D2996990D,LocalConnectionMgrOptions Class 10.5
91ECFDB4-2606-43E4-8F86-E25B0CB01F1E,ElevationConfig Class
91F39027-217F-11DA-B2A4-000E7BBB2B09,X509 Enrollment Policy Active Directory
91F39028-217F-11DA-B2A4-000E7BBB2B09,X509 Enrollment Policy Web Service
91F39029-217F-11DA-B2A4-000E7BBB2B09,X.509 Policy Server List Manager Class
91F3902A-217F-11DA-B2A4-000E7BBB2B09,X.509 Policy Server URL Class
91F672A3-6B82-3E04-B2D7-BAC5D6676609,System.Diagnostics.Debugger
92038079-B9EF-428F-87F0-0463FCB1272A,CLSID_VisibleIn
9207D8C7-E7C8-412E-87F8-2E61171BD291,Autoplay Known Devices Info
9209B7D1-6DA5-43E4-BCD1-F2BE497635E7,RdpEndpoint Class
92187326-72B4-11D0-A1AC-0000F8026977,Game Controllers CPL Shell Extension Default Property Sheets
922A45C0-B3B7-34F4-BA52-DC284C290C8B,Microsoft.Office.Interop.Outlook.OlRemoteStatus
922FDEDF-C3C1-312C-8710-20C1E478100C,Microsoft.Office.Interop.Access.AcShowToolbar
92337A8C-E11D-11D0-BE48-00C04FC30DF6,prturl Class
92396AD0-68F5-11D0-A57E-00A0C9138C66,RowsetHelper
923BFC9D-0F16-4B02-AF1B-39A2504D9873,Additional Information Page Class
92498132-4D1A-4297-9B78-9E2E4BA99C07,NSSManager Class
924CCC1B-6562-4C85-8657-D177925222B6,Desktop Gadget Helper API
9264B7DC-A82F-4AFD-89C8-4F399DA7B028,VAN Settings Page Class
926F41F7-003E-4382-9E84-9E953BE10562,ADTS Byte Stream Handler
9271B890-7BBF-48DB-ACB3-F973DC34156D,PSFactoryBuffer
92755472-2059-3F96-8938-8AC767B5187B,System.Security.Cryptography.RSAPKCS1KeyExchangeFormatter
927971F5-0939-11D1-8BE1-00C04FD8D503,ADs Large Integer Object
92AB5AF7-A374-417E-B2E2-9B317353A322,Microsoft Library Boolean Check Mark Control
92AD68AB-17E0-11D1-B230-00C04FB9473F,STClient Class
92B0F648-D9FD-4E25-97B6-DB5C16FDE926,RefreshDataRequest Class
92B66080-5E2D-449E-90C4-C41F268E5514,G711 ACM Wrapper MFT
92B94828-1AF7-4E6E-9EBF-770657F77AF5,Custom Composition Segment from iTV to Stream Buffer Source
92BBEB76-E175-4FCE-9DB7-9570EE12CDB4,"The RowsetController is used to handle the data in the report directly. In other words, it provides access to the rowsets."
92BCBD87-1E88-4850-BE4C-A931A82D3167,ReportPartRequestContext Class
92BDB7E4-F28B-46A0-B551-45A52BDD5125,PSFactoryBuffer
92C48A9B-BE4C-32A6-A6B2-774207581263,dao.LockTypeEnum
92C85649-0892-4BC7-9B63-949F64149A26,CMigrationPlugin Object
92CC85F4-ACA4-4D72-94C8-49D1CAD0985F,Infrastructure Connected Page Class
92D2CC58-4386-45A3-B98C-7E0CE64A4117,PSFactoryBuffer
92DBAD9F-5025-49B0-9078-2D78F935E341,CLSID_PreviewMime
92E76A74-2622-3AA9-A3CA-1AE8BD7BC4A8,System.MethodAccessException
92ED88BF-879E-448F-B6B6-A385BCEB846D,MS Video Control Closed Captioning SI Feature Segment
92F40B0B-B05E-3F83-8C0B-5FD3AC67DCB2,Microsoft.SqlServer.Management.Smo.PropertyTypeMismatchException
9301E380-1F22-11D3-8226-D2FA76255D47,DirectMusicContainer
9305969B-F45F-47E5-A954-6EA879E874CC,CPartitionSetPropPages Class
93073C40-0BA5-11D2-A484-00C04F8EFB69,CrInset
93126582-5402-4DB1-A102-33D330BC9B69,Windows Media Player WMEnc5Point1WavSourcePropertyPage Class
9324A406-7388-49A1-BA4A-8A6D4D9DD98C,Microsoft.AnalysisServices.TraceEventArgs
9324DA94-50EC-4A14-A770-E90CA03E7C8F,Windows Theme Manager 2 API
9343812E-1C37-4A49-A12E-4B2D810D956B,CLSID_SearchHome
934A7048-1E4A-4D6E-9A9A-CB739F519B07,XWizard Factory Generated Class (HomeGroup Change Sharing Hook Page)
934A9523-A3CA-4BC5-ADA0-D6D95D979421,DirectPlay8Address Object
934D4698-6A59-48F8-9F29-9FB30670320E,Structured Query Helper Class
93714ED0-53F0-11D2-9EE6-006008039E37,Frame Rate Converter
937C1A34-151D-4610-9CA6-A8CC9BDB5D83,InkObject Class
9381AF33-66A3-4D5A-8AF2-9515B1DC19A5,PSFactoryBuffer
9381D8F5-0288-11D0-9501-00AA00B911A5,RDSServer.DataFactory
93852550-5403-4E1B-AF8C-5806F151B2F5,JScript Debugger IDE
9386CE14-BA74-33B5-BE85-8640550D3E24,Microsoft.SqlServer.Management.Smo.Broker.MessageType
93A094D7-51E8-485B-904A-8D6B97DC6B39,SBE2 File Reader
93A56381-E0CD-485A-B60E-67819E12F81B,CLSID_CommonExplorerHost
93AC9CB8-27D5-4482-BFDF-68F21C7454A3,Microsoft Shared Correction UI
93CB110F-9189-4349-BD9F-392D9A4D0096,Accessibility Control Panel
93D11DE9-5F6C-354A-A7C5-16CCCA64A9B8,System.Reflection.ObfuscationAttribute
93F551D6-2F9E-301B-BE63-85AEF508CAE0,System.Diagnostics.DebuggerStepThroughAttribute
941489EF-A384-487E-8163-1009EAE3A86A,KRDPLogger.clsNotify
94297043-BD82-4DFD-B0DE-8177739C6D20,DMO Wrapper Filter
942A8E4F-A261-11D1-A760-00C04FB9603F,Software installation
942B7909-A28E-49A1-A207-34EBCBCB4B3B,MSVidCtl Analog Capture to CCA Composition Segment
942BC614-676C-464E-B384-D3202AAA02DA,INI Property Set Storage Handler
94357B53-CA29-4B78-83AE-E8FE7409134F,Drive Size Categorizer
9443B89B-6564-496A-B19C-6C6D22709045,Quarantine Enforcement Client Binding class
944D4C00-DD52-11CE-BF0E-00AA0055595A,DirectDraw Property Page
94596C7E-3744-41CE-893E-BBF09122F76A,Smartcard Pin Provider
945CC13D-C386-413C-B8B9-277DF8DD0A9D,Microsoft Embedded Common Language Runtime
947812B3-2AE1-4644-BA86-9E90DED7EC91,SpFileStream Class
948B45F7-EFB8-46FB-8704-B340D847227A,Location Description Property Handler
948CFD8C-1888-4E52-8703-99610347EBB6,AudioPump Class
94A909A5-6F52-11D1-8C18-00C04FD8D503,Microsoft Group Extension
94ABAF2A-892A-11D1-BBC4-00A0C90640BF,About Device Manager
94AFFFCC-6C05-4814-B123-A941105AA77F,SignedData Class
94D20A65-2509-4748-A515-4A9B0686CF81,SetDataSourceRequest Class
94E03510-31B9-47A0-A44E-E932AC86BB17,Windows Media Player Device Autoplay
94EEE4D9-3884-40B1-A92F-9F34084103FA,InstallShield InstallDriver String Table
9546306B-1B68-33AF-80DB-3A9206501515,System.InvalidOperationException
954F1760-C1BC-11D0-9692-00A0C908146E,Chinese_Traditional Word Breaker Resources
95688FFA-250D-49BD-B40A-8ED3A8EF4C8E,ImeKeyEventHandler Class
956FADED-2450-4ABB-9F8C-4629FAFEBB92,HomeGroup Encryption
95708699-0408-4ABA-90F2-470E6A544CE3,InsertTextObjectRequest Class
9582EDDE-B515-3E7F-9D0B-1376A854D13D,Microsoft.SqlServer.Replication.AgentProfile
958A1709-3B44-11D1-AD74-00C04FC2ADC0,RM Enlistment Helper
958C59A0-3670-4FE0-B893-6998BB494402,Microsoft WBEM Smart Object Marshaler
95CE8412-7027-11D1-B879-006008059382,Shell Tree Walker
9604E170-3622-4A0B-8EB2-17FC4E0C5E9D,FindGroupRequestContext Class
96236A71-9DBC-11DA-9E3F-0011114AE311,PSFactoryBuffer
96236A85-9DBC-11DA-9E3F-0011114AE311,RdcLibrary Class
96236A8F-9DBC-11DA-9E3F-0011114AE311,SimilarityTraitsTable Class
96236A90-9DBC-11DA-9E3F-0011114AE311,SimilarityFileIdTable Class
96236A91-9DBC-11DA-9E3F-0011114AE311,Similarity Class
964AA3BD-4B12-3E23-9D7F-99342AFAE812,System.FormatException
96705EE3-F7AB-3E9A-9FB2-AD1D536E901A,System.ContextStaticAttribute
96749373-3391-11D2-9EE3-00C04F797396,SpResourceManager Class
96749377-3391-11D2-9EE3-00C04F797396,SpVoice Class
967696C6-354C-4B5C-9CC8-BD9E1C480C77,PimcSurrogate Class
9678F47F-2435-475C-B24A-4606F8161C16,Microsoft Windows WSMan Provider Host
9694E38A-E081-46AC-99A0-8743C909ACB6,html persistent handler for mapi email
9695BCE9-6955-4543-9316-A50A7C3A7ED0,DevExpress.ExpressApp.TemplateWizard.ExpressAppCSSolutionWizard
96A058CD-FAF7-386C-85BF-E47F00C81795,System.Runtime.InteropServices.InAttribute
96B9DAE3-CF15-45E9-9719-57285348225E,Windows Search OpenSearch Icon Handler
96BAC2E7-D849-4146-8100-A7BF3C0A9617,Microsoft.AnalysisServices.CommandCollection
96BEC059-2052-4E44-8E11-123ACDC936FE,WMDM Sync Property Page
96C47AD3-89EF-3D41-AC77-A179E08CA088,Microsoft.AnalysisServices.CalendarType
96D44F84-6A4A-4AFA-9B27-8A92759F7B0D,Factory Class
96D65BF2-05B1-3B8E-85FD-E52D8948A9EC,Microsoft.Office.Interop.Access.AcRecord
96FAC3B9-0273-4C0D-84F0-3A207A5EB38B,Network Map
97103AE5-6248-4E04-97B5-36663159967C,Windows Media Player WMEncTunerPropPage Class
971127BB-259F-48C2-BD75-5F97A3331551,Microsoft RDP Client Control (redistributable) - version 3a
971CCC47-0D6C-4E27-B6DA-C6A926B05A3A,AdoNetDataSet Class
972C4270-11FD-11CE-B841-00AA004CD6D8,Microsoft Forms 2.1 Font
9743B50B-3190-4061-8DA3-BE13AA02181E,Infrastructure Progress Page Class
975ABEDC-F64B-436D-ABFF-44B932459856,Windows Media Player OCXAdvancedPropPage Class
978C9E23-D4B0-11CE-BF2D-00AA003F40D0,Microsoft Forms 2.0 Label
979F8611-F1C4-4E21-B3A9-0B5A2C528C93,Crystal ActiveX Report Viewer Field 10.5
97A3C80C-0FD7-40E7-AF68-8D083C15217B,TabStop Class
97E467B4-98C6-4F19-9588-161B7773D6F6,Office Document Property Handler
97EA96B8-44A0-4994-A232-B3049B525340,ExcelViewInfos Class
97EFC6C3-695B-4637-A6E6-9A28895F410E,PSFactoryBuffer
97FC0AE8-146B-3178-8684-247148BDB794,RedGate.Profiler.Engine.Logger
98037168-078F-4E5A-B235-A41AA5FD3BF5,WMPMDE MPEG2 SINK ACTIVATE
98042251-8C2B-4FC4-93E2-B1DB331EF5B9,WMPlayer AdvancedPropPage Class
98068995-54D2-4136-9BC9-6DBCB0A4683F,Microsoft Windows Remote Shell Host With User Settings
98230571-0087-4204-B020-3282538E57D3,Color Converter DMO
9832B184-CCDE-347E-AFAA-918BF1A9E1D4,Microsoft.SqlServer.Management.Smo.UnknownPropertyException
98385103-11A3-4AB9-A629-91B275085F43,"The ReportClientDocument object represents the report that was opened; it enables you perform a variety of modifications to it, as well as being able to save, copy and close it."
98455561-5136-4D28-AB08-4CEE40EA2781,MF Video Presenter
984F9804-3314-4FA4-AC8C-E688D4133C51,Workspace Setup Confirm Settings Page
9859049F-C6D1-4E66-B0F8-188FF1064E3C,CompositeInputItem Class
987A8D3D-4EF1-32ED-A418-F0F28189DA19,Microsoft.SqlServer.Management.Nmo.EventChronicle
987BBF42-5500-46D6-BAF0-A825828BC4EF,Windows Media Player WMEncFileSource Class
987D8DFA-3E2C-4929-9C51-61AC8E00CBC3,Shell Logged On Accounts
988B26EF-AB1F-4D5B-94E0-19FF93E44A76,Microsoft.AnalysisServices.TableNotificationCollection
989D1DC0-B162-11D1-B6EC-D27DDCF9A923,XML Script Engine
98AF66E4-AA41-4226-B80F-0B1A8F34EEB4,Manifest mime handler
98AFF3F0-5524-11D0-8812-00A0C903B83C,CertRequest Class
98D9A6F1-4696-4B5E-A2E8-36B3F9C1E12C,PDFShellInfo Class
98DE59A0-D175-11CD-A7BD-00006B827D94,Microsoft Office Persistent Handler
98F63271-6C09-48B3-A571-990155932D0B,FaxControl Class
98F8E562-F1A1-3D76-86C7-F1FE858770DB,Microsoft.SqlServer.Replication.PreCreationOption
98FF6D4B-6387-4B0A-8FBD-C5C4BB17B4F8,IE MRU AutoComplete List
99043B0B-15AC-4D2C-9786-E5622A4354D0,Microsoft.AnalysisServices.TableMiningStructureColumn
990CCC05-1361-37B5-A7DF-777C7AD3FF16,Microsoft.Office.Interop.Access.AcControlType
991DA7E5-953F-435B-BE5E-B92A05EDFC42,MSVidCtl Stream Buffer Source To Generic Sink Composition segment
992CFFA0-F557-101A-88EC-00DD010CCC48,Network Connections
99315944-EA31-47E9-8847-FEE953BFBC3B,DevExpress.Xpo.Design.AddXPOClassWizardCSharp
995C1CF5-54FF-11D3-8BDA-00600893B1B6,DirectMusicLyricsTrack
995C996E-D918-4A8C-A302-45719A6F4EA7,Shell Hardware Mixed Content Handler
996D2D72-4C19-47F8-8F58-0BB13E80A659,HomeGroup Balloon
99749841-0D55-4CF4-8D0D-F212ECE9409A,Microsoft.Vsa.Vb.CodeDOM.CodeDOMProcessor
99847C33-B1B4-11D1-8F10-00C04FC2C17B,CCOMNSScopeImpl Class
99969A8F-27E6-4ADF-AB9F-B5B5E90D4733,Verb Handler for launching verbs on properties of items
99A65736-5E89-4FE0-B083-69E57025A6BC,Microsoft SQL Distribution 9.0
99A73266-0CDF-4479-88AF-1842CBAADA22,IImeIPointSrv wrapper class
99CDC6E0-DA00-4DFA-8EB8-831D774F8891,Shell Profile Accounts
99D54F63-1A69-41AE-AA4D-C976EB3F0713,VMR Allocator Presenter
99D651D7-5F7C-470E-8A3B-774D5D9536AC,VSTOAddinLoader
99E0D1EC-0A0D-4E50-B8A1-82A8B6ECE5CB,VSTO SmartTag Action
99E89F48-A745-416D-A4E0-ECF53C65DFA0,DynamicRenderer Class
99EB9580-04EC-4B4C-99F5-52B616D444D9,MSASR Locale Handler Class (1031)
99FF4677-FFC3-11D0-BD02-00C04FC2FB86,StdDataFormats Object
9A010FCC-488B-4836-94FD-C489F8E1ED7D,NDIS Helper Class
9A02E012-6303-4E1E-B9A1-630F802592C5,Packed Property Storage Object
9A096BB5-9DC3-4D1C-8526-C3CBF991EA4E,IE RSS Feeds Folder
9A2584C3-F7D2-457A-9A5E-22B67BFFC7D2,psfactorybuffer
9A2B23E4-2A50-48DB-B3C3-F5EA12947CB8,VsShellExtHandler Class
9A3A64F4-8BA5-3DCF-880C-8D3EE06C5538,System.Runtime.Remoting.Metadata.W3cXsd2001.SoapEntities
9A43A844-0831-11D1-817F-0000F87557DB,Compositor
9A4A4A51-FB3A-4F4B-9B57-A2912A289769,Blinds
9A5EA990-3034-4D6F-9128-01F3C61022BC,GameExplorer Class
9A630456-078D-43D3-9F1D-DF7A5BC0FA44,Default Location CPL Data Handler LUA Helper
9A653086-174F-11D2-B5F9-00104B703EFD,Microsoft WBEM WBEM Class Object
9A7970CA-D103-3E0F-A627-741AF1970457,Microsoft.SqlServer.Replication.DistributionSubscription
9A944885-EDAF-3A81-A2FF-6A9D5D1ABFC7,System.Runtime.InteropServices.InvalidOleVariantTypeException
9A97F12A-6B73-4DC4-B3C1-E9244C03ADAC,shell foreground window setter
9AA0422B-E5C5-4A6B-ACEC-C96E2E05B353,CIsdb Class
9AB03D8A-66CE-3C36-A39B-37C295037210,Microsoft.SqlServer.Replication.ReplicationTable
9AC9FBE1-E0A2-4AD6-B4EE-E212013EA917,ShellItem Shell Namespace helper
9ACF41ED-D457-4CC1-941B-AB02C26E4686,Microsoft Windows WSMan Provider Host With User Settings
9AE7D44D-DE91-47CB-9ABA-84BCAA0E5F54,CoreProfilerCallback Class
9AED384E-CE8B-11D1-8B05-00600806D9B6,WBEM Scripting Named Value Collection
9B0EFD60-F7B0-11D0-BAEF-00C04FC308C9,Temporary Internet Files Cleaner
9B1F122C-2982-4E91-AA8B-E071D54F2A4D,CAutoUpdate Class 1.0
9B359D1B-AD5C-412F-A654-A431424359DE,Offline Files Profile Notify Handler
9B496CE1-811B-11CF-8C77-00AA006B6814,IAMTimecodeReader
9B4E5207-9539-4258-B4A0-4E70E9E565EC,User Accounts Control Panel
9B77C0F2-8735-46C5-B90F-5F0B303EF6AB,CAsfTocParser
9B78F0E6-3E05-4A5B-B2E8-E743A8956B65,RDPSession Class
9B8C4620-2C1A-11D0-8493-00A02438AD48,DVD Navigator
9B924EC5-BF13-3A98-8AC0-80877995D403,System.Runtime.Remoting.Metadata.SoapAttribute
9BA05971-F6A8-11CF-A442-00A0C90A8F39,Microsoft Shell Folder View Router
9BA05972-F6A8-11CF-A442-00A0C90A8F39,ShellWindows
9BF86F6E-B0E1-348B-9627-6970672EB3D3,System.Runtime.Serialization.OnSerializingAttribute
9BF8D948-5C56-450E-BAF8-D6144C6E81CB,SqlGenerator Class
9C125A6F-EAE2-3FC1-97A1-C0DCEAB0B5DF,System.StackOverflowException
9C1CC6E4-D7EB-4EEB-9091-15A7C8791ED9,InkRenderer Class
9C2229CE-261C-38EE-826B-02D5F631182B,Microsoft.AnalysisServices.AggregationInstance
9C38ED61-D565-4728-AEEE-C80952F0ECDE,Virtual Disk Service Loader
9C4D3346-650D-472D-A867-6F595B39D973,AuditPolicyGPHandler Class
9C502F01-0D36-4F16-8AC9-8693E0D84E44,WMPlayer CDBurnPropPage Class
9C5BA03F-C36F-458F-94A6-2AEBDA2EBB64,PSFactoryBuffer
9C67F424-22DC-3D05-AB36-17EAF95881F2,System.Runtime.Remoting.Metadata.SoapTypeAttribute
9C7A1728-B694-427A-94A2-A1B2C60F0360,ShdocvwBroker
9C86F320-DEE3-4DD1-B972-A303F26B061E,PSFactoryBuffer
9CB535DD-4354-42A1-8281-BBB58DEFA741,Performance Control Panel
9CBD8B45-C8F6-4CD3-AAD5-17CF7675AB21,Microsoft.AnalysisServices.AggregationFunction
9CD64701-BDF3-4D14-8E03-F12983D86664,BDA Tuning Model DVB Terrestrial Locator
9CDAEA40-A7D3-4CC5-AED0-B5E35AD0F169,SpW3CSemanticInterpretation Class
9CDB9B6C-C8BC-41FF-A082-C5C1C0E078A9,BorderConditionFormulas Class
9CFC2DF3-6BA3-46EF-A836-E519E81F0EC4,Property System Apartment Class Factory
9CFC6D75-E648-47A8-9EA0-FB0907558952,DTC Transaction List Control
9D00F565-BB4A-3552-B411-6EF32D443D31,Microsoft.SqlServer.Replication.MergeArticle
9D148290-B9C8-11D0-A4CC-0000F80149F6,Microsoft InfoTech Protocol for IE 3.0
9D148291-B9C8-11D0-A4CC-0000F80149F6,Microsoft InfoTech Protocols for IE 4.0
9D1B93F1-2E5F-4FDB-A95B-DAD8D47E28D8,RPC Helper Class
9D2881F7-F482-416C-8D64-CA83326250B9,Package Class
9D309F77-4655-372E-84B0-B0FB4030F3B8,System.Runtime.InteropServices.SetWin32ContextInIDispatchAttribute
9D3C0751-A13F-46A6-B833-B46A43C30FE8,MAPI Shell Context Menu
9D53FFB6-AF08-32FC-8D62-C3FC2A796679,Microsoft.AnalysisServices.OptimizationType
9D6FF17F-DB69-4254-AFDE-DB7FC3C2CAA4,Record Class
9D71A98F-1E45-42EC-AF3D-FA13BEFB955C,Manual Connect Page Class
9D745ED8-C514-4D1D-BF42-751FED2D5AC7,HNetCfg.FwProduct
9D958C62-3954-4B44-8FAB-C4670C1DB4C2,IE Microsoft Shell Folder AutoComplete List
9DA2F8B8-59F0-3852-B509-0663E3BF643B,System.MulticastNotSupportedException
9DA65B6A-813C-4592-9E8A-412C40BBC4B7,Microsoft.VisualStudio.Tools.Applications.DesignTime.HostAdapter
9DB7A13C-F208-4981-8353-73CC61AE2783,Previous Versions
9DB927D6-98EC-36F2-8C37-3B82781426C1,Microsoft.SqlServer.Management.Smo.Backup
9DBA709C-B3E1-4013-95B7-5ED33A2E8561,CrossProcessServerInput Class
9DBD2C50-62AD-11D0-B806-00C04FD706EC,Property Thumbnail Handler
9DCC3CC8-8609-4863-BAD4-03601F4C65E8,LatLongReportFactory Class
9DD35758-AAF5-4894-ADAA-77A492F54E0A,WlanDlgNonUIPage Class
9DD862B2-9FC6-385F-B8FF-5EBD36A58085,dao.QueryDefTypeEnum
9DDF5963-6D24-3EF4-9336-C128E6B13825,Microsoft.SqlServer.Management.Smo.ServerDdlTrigger
9DE85094-F71F-44F1-8471-15A2FA76FCF3,InkWordList Class
9DF523B0-A6C0-4EA9-B5F1-F4565C3AC8B8,Date and Time Properties
9E175B68-F52A-11D8-B9A5-505054503030,Search Gathering Manager
9E175B69-F52A-11D8-B9A5-505054503030,Search Embedded Gathering Manager
9E175B6C-F52A-11D8-B9A5-505054503030,Search Gatherer Transaction
9E175B6D-F52A-11D8-B9A5-505054503030,Search Gatherer Notification
9E175B6E-F52A-11D8-B9A5-505054503030,Microsoft Embedded Search Gatherer Notification
9E175B70-F52A-11D8-B9A5-505054503030,Search Gatherer Language Resource Pool
9E175B74-F52A-11D8-B9A5-505054503030,Search Gatherer Plug-in
9E175B76-F52A-11D8-B9A5-505054503030,Windows Search Service File Protocol Handler
9E175B7F-F52A-11D8-B9A5-505054503030,Search Back off Controller
9E175B8A-F52A-11D8-B9A5-505054503030,Search command creator object
9E175B8B-F52A-11D8-B9A5-505054503030,Windows Search Data Source
9E175B8D-F52A-11D8-B9A5-505054503030,Search FilterRegistration Class
9E175B8E-F52A-11D8-B9A5-505054503030,Search LoadLangRes Class
9E175B90-F52A-11D8-B9A5-505054503030,Full Text SQL Parser
9E175B98-F52A-11D8-B9A5-505054503030,Search Neutral Word Breaker Resources
9E175BA8-F52A-11D8-B9A5-505054503030,Search Null Word Breaker
9E175BA9-F52A-11D8-B9A5-505054503030,Search Gatherer Log File Provider
9E175BAF-F52A-11D8-B9A5-505054503030,Windows Search Service Office Outlook Protocol Handler
9E175BB7-F52A-11D8-B9A5-505054503030,Windows Search Service Tripoli Indexer Engine
9E175BB8-F52A-11D8-B9A5-505054503030,Windows Search Service Jet Property Storage Engine
9E28EF95-9C6F-3A00-B525-36A76178CC9C,System.Text.ASCIIEncoding
9E31421C-2F15-4F35-AD20-66FB9D4CD428,System.EnterpriseServices.RegistrationHelperTx
9E358D23-02B2-4CCD-9FEE-6B75EE8DD5CA,PSFactoryBuffer
9E43CF07-6616-3A3A-B69E-CF747708716B,Microsoft.SqlServer.Management.Smo.PartitionSchemeParameter
9E56BE60-C50F-11CF-9A2C-00A0C90A90CE,Mail Service
9E56BE61-C50F-11CF-9A2C-00A0C90A90CE,Desktop Shortcut
9E77AAC4-35E5-42A1-BDC2-8F3FF399847C,Stream Buffer Sink Segment
9E797ED0-5253-4243-A9B7-BD06C58F8EF3,iTV Playback Feature Segment
9E7E2CCE-3F1F-4891-892C-AC8B486D03B2,SSCE Params Collection
9E7EA907-5810-4FCA-B817-CD0BBA8496FC,ExtendedProperty Class
9E8BF308-5B20-4906-A2DF-4ABB023F96BB,RepositoryLogonInfo Class
9E942305-E856-4D14-91A0-12705F34E422,PageRequestContext Class
9EA60ECA-3DCD-340F-8E95-67845D185999,System.Security.Cryptography.CryptoConfig
9EC4B4F9-3029-45AD-947B-344DE2A249E2,Urlmon Scheme Handler
9EC991A2-ECE1-3893-A097-92CFFF811277,Microsoft.Office.Interop.Access.AcFilterType
9ECB380C-2333-4C68-9691-A569FE446820,MAPISendMailServer
9ECF51F8-CFB1-458D-9485-F5A231AFD22F,CLSID_XMLAutoList
9ED94440-E5E8-101B-B9B5-444553540000,"Microsoft TabStrip Control, version 5.0 (SP2)"
9ED94444-E5E8-101B-B9B5-444553540000,TabStrip General Property Page Object
9ED96B20-73AA-11D2-952C-0060081840BC,Frame Rate Converter Property Page
9ED96B21-73AA-11D2-952C-0060081840BC,Audio Repackager Property Page
9ED96B22-73AA-11D2-952C-0060081840BC,Dexter Queue
9EF96870-E160-4792-820D-48CF0649E4EC,SpAudioFormat Class
9F007F18-9C24-4630-8B3E-61F96280C593,Microsoft WBEM Rpc Message Receiver
9F0139EC-2195-42D7-A7B6-41E1DA530AD9,File data caching class
9F074EE2-E6E9-4D8A-A047-EB5B5C3C55DA,HwTextInsertion Class
9F377D7E-E551-44F8-9F94-9DB392B03B7B,CProvideWinSATVisuals Class
9F37F39C-6F49-11D1-8C18-00C04FD8D503,Microsoft PrintQueue Extension
9F50E8B1-9530-4DDC-825E-1AF81D47AED6,MSVidCtl Analog TV to StreamBufferSource Composition Segment
9F6932F1-4A16-49D0-9CCA-0DCC977C41AA,Microsoft.CLRAdmin.CAbout
9F75FDC4-0ABA-4866-88A9-75EBB9E7D584,CImeCommandAvailabilityView_JK Class
9F8A60D8-A1D1-3A99-87BD-178E0CCD187F,Microsoft.SqlServer.Replication.ScheduleConstant
9F8E6421-3D9B-11D2-952A-00C04FA34F05,Glow
9FAE1230-74AC-4E33-B59C-4051BBEB0803,IE Thread Handshake
9FD4E808-F6E6-4E65-98D3-AA39054C1255,InkRecognizers Class
9FD542D2-61C4-4E9F-A8E2-E6B8C7F64CBF,SSCE Errors Collection
9FF13758-469B-45A8-8CC7-72182BD7E9BA,Microsoft IME SKF Applet
A0025E90-E45B-11D1-ABE9-00A0C905F375,Overlay Mixer2
A00E1768-4A9B-4D97-AFC6-99D329F605F2,CPartitionNotify Class
A015411A-F97D-4EF3-8425-8A38D022AEBC,CLSID_FindExecute
A0227FFC-3AA7-4DC3-9FD7-125745C9EAF6,CameraControl2 Class
A028AE76-01B1-46C2-99C4-ACD9858AE02F,IMKRTIP
A03CD5F0-3045-11CF-8C44-00AA006B6814,IAMExtTransport
A04326F6-7AF9-4C5F-82CF-FF875E40E800,PSFactoryBuffer
A0506691-194D-3899-BB5F-AB04D8B23B91,Microsoft.SqlServer.Management.Smo.UnsupportedObjectNameException
A07034FD-6CAA-4954-AC3F-97A27216F98A,Query file associations
A08AF898-C2A3-11D1-BE23-00C04FA31009,Windows Mail Envelope
A09AE68F-B14D-43ED-B713-BA413F034904,Sky Software FileView ActiveX Control 6.1
A09C534C-0057-462E-8402-2A21D38BFCA1,New Network category Task
A0A7A57B-59B2-4919-A694-ADD0A526C373,Tearless Window Presenter
A0B9B497-AFBC-45AD-A8A6-9B077C40D4F2,Custom Composition Segment from Encoder to Time Shift Sink
A0CCB963-025D-4289-BF89-FEFD71974C2B,CommonFieldFormat Class
A0D018EE-1100-4389-AB44-464FAF001288,Authentication UI Logon Sound
A0DB5D80-309E-4D55-920E-FB7ED9CDD7E1,Microsoft.VisualStudio.Tools.Applications.DesignTime.HostAdapter
A0E2E749-63CE-3651-8F4F-F5F996344C32,System.Security.Cryptography.RSAOAEPKeyExchangeFormatter
A0F5F5DC-337B-38D7-B1A3-FB1B95666BBF,System.Text.UnicodeEncoding
A0F93E27-F05D-4153-A151-F3720369A4C7,Microsoft WMI Signed Driver Provider
A1006DE3-2173-11D2-9A7C-00C04FA309D4,CLSID_COE5Import
A10DFC9E-FF12-4E7F-BC74-8FE9053920F0,WinSync Full Enumeration Provider Wrapper
A11D569C-076E-468C-9E86-438FAE0EA193,QueryDefinition Class
A1230201-1439-4E62-A414-190D0AC3D40E,PSFactoryBuffer
A12C4DDA-C537-3FBF-94E6-A36451583A88,Microsoft.Office.Interop.Outlook.OlPane
A138CF39-2CAE-42C2-ADB3-022658D79F2F,Microsoft Visual Basic Scripting Engine
A1445FCD-7B0F-4BC5-BC00-6D56BD297DFE,VsmSvr 9.0 Object
A151D984-5D2C-3D3A-9F72-8D2975B9C7C7,Microsoft.SqlServer.Management.Smo.SqlAssemblyFile
A1570149-E645-4F43-8B0D-409B061DB2FC,EnumBthMtpConnectors Class
A1607060-5D4C-467A-B711-2B59A6F25957,AltTab
A164C0BF-67AE-3C7E-BC05-BFE24A8CDB62,System.IO.IOException
A16E1BFF-A80D-48AD-AECD-A35C005685FE,IMA ADPCM ACM Wrapper MFT
A17DA8D0-F67D-47A0-9EC4-19C486383206,IP Security Monitor
A185D5DD-F64F-3840-85DF-3F5685D794DD,Microsoft.SqlServer.Replication.PublisherConnectionSecurityContext
A1A2B1C4-0E3A-11D3-9D8E-00C04F72D980,Collection of BDA Tuning Model Component Types(Broadcast Substream Types)
A1A6B99D-497F-11D1-9217-00C04FBBBFB3,Handler Class
A1BFB370-5A9F-4429-BB72-B13E2FEAEDEF,ICMFilter
A1C0A095-DF97-3441-BFC1-C9F194E494DB,System.Exception
A1E7036D-72A1-4529-B108-0C3C9E92D424,Create and edit Wired policies
A1F4E726-8CF1-11D1-BF92-0060081ED811,WIA Device Manager
A2373F02-3952-41BA-8E59-052F1B5FD516,ChartTextOptions Class
A25821B5-F310-41BD-806F-5864CC441B78,WlanPref LUA
A2976EE4-400E-4E8C-9C57-192F3EF72001,Infragistics Ribbon Button Control 4.0
A2A54893-AAF2-49A3-B3F5-CC43CEBCC27C,Network Access Protection GPEdit Extension
A2A9545D-A0C2-42B4-9708-A0B2BADD77C8,Start Menu Pin
A2AD32B7-75A1-4DA2-AF90-7EC73FA95C2B,FormulaFunction Class
A2D3CD7D-0E7D-11D2-AE22-006008149D15,Dependencies Property Page
A2D8CFE7-7BA4-4BAD-B86B-851376B59134,Windows Parental Controls
A2E3074E-6C3D-11D3-B653-00C04F79498E,BDA Tuner Device Segment
A2E30750-6C3D-11D3-B653-00C04F79498E,BDA Tuning Model ATSC Tuning Space
A2E6DDA0-06EF-4DF3-B7BD-5AA224BB06E8,ImageFile Class
A3037D66-C043-4F54-91A0-2CDB642E7718,IMETip
A32007EB-509B-48F6-AC8C-A6D111B96DB6,GroupPath Class
A323554A-0FE1-4E49-AEE1-6722465D799F,DateTimeCPL Flyout Class
A32552C5-BA61-457A-B59A-A2561E125E33,UPnPDevice Class
A325B286-55A5-4279-A7AE-D7D51A6BE1B6,FpwUser Class
A36738B5-FA8F-3316-A929-68099A32B43B,System.PlatformNotSupportedException
A36E4EAF-EA3F-30A6-906D-374BBF7903B1,System.Runtime.Remoting.Contexts.Context
A373F500-7A87-11D3-B1C1-00C04F68155C,Windows Search Service Client Side Cache Protocol Handler
A37BBB42-E8C1-4E09-B9CA-F009CE620C08,VSTO WinFormsHost Control
A37D4B5A-0429-3CD8-A4CB-A13ADB4062D8,Microsoft.Office.Interop.Access.AcOutputObjectType
A38B883C-1682-497E-97B0-0A3A9E801682,IPropertyStore Handler for Images
A38F3677-32FC-4DAC-99B3-D804B193D2C4,ImeKeyEventHandler Class
A38F4597-F640-4189-982F-132ECF8202FA,WPDSyncProvider Class
A39A037B-3638-5747-C4A6-4C86A4AEA642,Constructor for Scriptlet ASP Handler
A3A1F076-1FA7-3A26-886D-8841CB45382F,System.Runtime.CompilerServices.CallConvCdecl
A3B3C46C-05D8-429B-BF66-87068B4CE563,Action Center Notification Manager
A3C3D402-E56C-4033-95F7-4885E80B0111,Previous Versions Results Delegate Folder
A3C97737-76D9-4F5F-B917-4DE47FE023C8,CWinsatWMI Class
A3CCEDF7-2DE2-11D0-86F4-00A0C913F750,CoPNGFilter Class
A3ECBC41-581A-4476-B693-A63340462D8B,Filter Graph Private Thread
A41A4187-5A86-4E26-B40A-856F9035D9CB,Microsoft Terminal Services Client Control - version 1
A41DBAA1-EF43-4CE8-A9D2-9A5769E41415,Microsoft.AnalysisServices.PerspectiveCalculationType
A42C2CCB-67D3-46FA-ABE6-7D2F3488C7A3,Windows RTF Previewer
A440BD76-CFE1-4D46-AB1F-15F238437A3D,EncryptedData Class
A4579491-55D1-3217-89C6-FC631E223332,Microsoft.SqlServer.Management.Smo.Agent.JobHistoryFilter
A45AEC2B-549E-405F-AF3E-C6B03C4FDFBF,ToggleDMRAuthorization
A470F8CF-A1E8-4F65-8335-227475AA5C46,Encryption Context Menu
A4741943-6C4B-4CF7-BF44-A0F4207D1330,IE Property Set Storage In Memory Object
A47979D2-C419-11D9-A5B4-001185AD2B89,Network List Manager
A483C63A-CDBC-426E-BF93-872502E8144E,FlashBroker
A49211A1-022F-43D7-BC55-D787C66ACF8E,LicensingPackage Class
A4A1A128-768F-41E0-BF75-E4FDDD701CBA,PSFactoryBuffer
A4A7EDA6-5D66-4A52-9017-9F2FA9F5768B,VsaIDE.DTE
A4A8D991-CC85-493E-AE66-9A847402DAD9,FD Device Pairing Configuration
A4A8D991-CC85-493E-AE66-9A847402DADA,Device Pairing Config Proxy
A4B07E49-6567-4FB8-8D39-01920E3B2357,Virtual Factory for Windows Firewall Cpl
A4B544A1-438D-4B41-9325-869523E2D6C7,TF_CategoryMgr
A4C31131-FF70-4984-AFD6-0609CED53AD6,Shell ChkdskEx Dialog
A4DDCA2B-E73C-40C5-83B1-9F40269D0B0D,OnlineActivation Class
A5270F6C-19EC-4E17-9EA1-A7074276B9B9,Windows Search Items Changed Sink
A5377735-E5E8-4C66-9852-1B13F399B974,Device SDK Installer Class
A542E116-8088-4146-A352-B0D06E7F6AF6,Address EditBox
A5448B7A-AA07-3C56-B42B-7D881FA10934,System.Security.Policy.ApplicationTrust
A55803CC-4D53-404C-8557-FD63DBA95D24,WPDShextAutoplay
A5588286-8360-45AF-86BA-4DD159398952,FieldLink Class
A559CA52-3813-3930-A71D-C0480E00700E,Microsoft.SqlServer.Management.Smo.Agent.JobStep
A590CCBA-97D1-4CE7-8D8A-9D593313B2C3,Microsoft.AnalysisServices.AttributeBinding
A5A3563A-5755-4A6F-854E-AFA3230B199F,Library Folder
A5CB30FE-BEF3-4158-9DDC-2D218E8DEDB0,Microsoft.AnalysisServices.Partition
A5CF917A-0F75-4B29-A0A0-5348E501DA59,RecoveryTaskMonitor Class
A5DBD88A-0F2E-36EC-9CC3-7D3E3242AB88,Microsoft.SqlServer.Management.Smo.BackupActionType
A5EBBADE-FD66-4373-9CDD-C02A8AA7CEAD,HTMLExportFormatOptions Class
A5EFE073-B16F-474F-9F3E-9F8B497A3E08,PSFactoryBuffer
A6098E79-9C50-4F87-8973-5FB4532C93D8,BTConnectionUi Class
A6207B2E-7CDD-426A-951E-5E1CBC5AFEAD,PSFactoryBuffer
A6262270-9BF6-4C52-9BDD-D38A4EB635B3,SummaryInfo Class
A65B8071-3BFE-4213-9A5B-491DA4461CA7,DxDiagProvider Class
A666634D-333F-4CC9-AF78-65ED7DB1D6C3,PSFactoryBuffer
A6673C32-3943-3BBB-B476-C09A0EC0BCD6,System.Security.Cryptography.SHA512Managed
A6914418-134B-4BB8-8E3D-7FEF7F456CAF,CRasDiagHelper Object
A6B222AB-A5EA-4899-B230-084657EDDC7D,Browser Thread State
A6C13C9D-54E1-44FC-82F0-DBE2C843E51A,SPPUIObject Class
A6C75AF4-D34C-3F64-8184-BFDE0D26E4F0,dao.UpdateTypeEnum
A6F1684D-AED6-401B-9786-A3E3B53C6641,Parental Controls Control Panel
A712DE86-33CE-4337-9ED8-363D418AE551,ReportPartFetchOptions Class
A7136BDF-B141-3913-9D1C-9BC5AFF21470,System.Runtime.Remoting.Metadata.W3cXsd2001.SoapYearMonth
A7248EC6-A8A5-3D07-890E-6107F8C247E5,System.Runtime.InteropServices.InvalidComObjectException
A735D910-E590-43E1-90DC-281428F2E70D,ObjectFormat Class
A76DE978-F3EB-4A4F-9F99-304AD619E2AB,State of OpenSearch view site command
A77319E3-441B-436B-9135-74B1DF8567D6,Microsoft.SqlServer.Setup.SetupHelper
A776E980-F36E-325A-B23B-C9BF1C26CBF0,Microsoft.AnalysisServices.ErrorConfiguration
A79BCA7B-B562-3430-963D-6A7CABC11301,Microsoft.SqlServer.Replication.FailoverMode
A7A62B27-0464-49C1-922B-27A82DA9EDC8,TextObject Class
A7C922A0-A197-4AE4-8FCD-2236BB4CF515,Microsoft Feeds LoRi Broker
A7EDDCB5-6043-3988-921C-25E3DEE6322B,System.Security.Cryptography.HMACMD5
A7EE7F34-3BD1-427F-9231-F941E9B7E1FE,DXTFilterCollection
A7F7565A-7FF6-3B41-B84C-7758FA49B185,Microsoft.SqlServer.Replication.SubscriberUploadOptions
A8040703-2640-48B7-96CD-BC8108A4E8F1,SnapinComponent Class
A828F4AE-3E80-4572-82D4-7A5463D888C9,CrystalDecisions.Data.XMLSchemaReader
A82E50BA-8E92-41EB-9DF2-433F50EC2993,MP3 Byte Stream Handler
A8367829-3E8D-4E46-9703-A73FA030140C,The SearchController is used to perform searches on the data in the report.
A85659C1-0CF0-3467-8CBA-349B119926DF,Microsoft.SqlServer.Replication.DataSourceType
A860CE50-3910-11D0-86FC-00A0C913F750,CoDitherToRGB8 Class
A861C6E2-FCFC-11D2-8BC9-00600893B1B6,DirectMusic Script AutoImp Performance
A869FC84-35F7-4AAE-A54D-0E7AB1F3D666,Microsoft.AnalysisServices.AttributeUsage
A86CA2F1-AF74-4A74-980B-E185D4CA01B0,HomeGroup Task
A8792A31-F385-493C-A893-40F64EB45F6E,PSFactoryBuffer
A879E3C4-AF77-44FB-8F37-EBD1487CF920,PSFactoryBuffer
A888DF60-1E90-11CF-AC98-00AA004C0FA9,AVI Draw Filter
A88FA787-3C44-37DC-9028-82C30B23C564,dao.DriverPromptEnum
A89C73D1-775F-3634-8C62-8B1A2A0B50E4,Microsoft.AnalysisServices.UserDefinedGroupBinding
A8BA2F01-0864-340F-9439-98A7D93B1D38,Microsoft.AnalysisServices.ImpersonationInfo
A8C3476D-20E1-4D56-96E7-84E24952228B,UserDicManager Class
A8C60F70-5BD4-3E02-B769-7CCCCA585DCC,Microsoft.AnalysisServices.InvalidXmlCharacters
A8C680EB-3D32-11D2-9EE7-00C04F797396,SpMMAudioOut Class
A8CC4A39-8F83-44EB-A73E-E2848C4F585F,WMPMDE RTSP SINK ACTIVATE
A8D058C4-D923-3859-9490-D3888FC90439,System.Runtime.Serialization.Formatters.SoapFault
A8D5A494-90D9-3EBB-9472-FC3D20889571,Microsoft.SqlServer.Management.Smo.XmlSchemaCollection
A8DCF3D5-0780-4EF4-8A83-2CFFAACB8ACE,BDA Tuning Model ATSC Component Type Class (Broadcast Substream Type)
A8DFB9A0-8A20-479F-B538-9387C5EEBA2B,VMR Mixer 9
A8F03BE3-EDB7-4972-821F-AF6F8EA34884,WmiSecurityHelper Class
A8F9F740-70C9-30A7-937C-59785A9BB5A4,System.IO.DriveNotFoundException
A910187F-0C7A-45AC-92CC-59EDAFB77B53,SpObjectTokenCategory Class
A920D03E-342D-3C81-B694-317FED286BF5,Microsoft.SqlServer.Management.Smo.FailedOperationException
A951B11A-C712-45B3-B884-2469A6243368,PSFactoryBuffer
A9649579-440B-3B51-BCBD-40C6051B5235,Microsoft.SqlServer.Replication.PublicationMonitor
A9710FB5-1840-4224-BD42-86831E28E43A,RemMdmObj Class
A985BE9C-62AA-31FA-A931-63A9BA95B40B,Microsoft.SqlServer.Management.Smo.Mail.MailProfile
A9967758-217B-3B2E-98C6-B65AE1AF1572,Microsoft.SqlServer.Management.Smo.DatabaseEventType
A996E48C-D3DC-4244-89F7-AFA33EC60679,Settings Class
A9A33436-678B-4C9C-A211-7CC38785E79D,WinSAT Task Manger Task
A9AE6C91-1D1B-11D2-B21A-00C04FA357FA,LW Identities
A9B48EAC-3ED8-11D2-8216-00C04FB687DA,Content Indexer Cleaner
A9B5F443-FE02-4C19-859D-E9B5C5A1B6C6,Search Gatherer Inline Notification
A9CF0EAE-901A-4739-A481-E35B73E47F6D,Microsoft DocProp Inplace Edit Box Control
A9D3060D-3526-4538-B13A-1913568DAA0D,Active SSCE Engine Object
A9D7038D-B5ED-472E-9C47-94BEA90A5910,Microsoft RDP Client Control (redistributable) - version 8
A9F738C8-6B96-41FA-A155-15ECD67275D0,Windows Search Protocol Handler Search Connector Creator
A9FC132B-096D-460B-B7D5-1DB0FAE0C062,RMGetLicense Class
A9FE37E7-BC71-33F2-AF45-506FC62645CB,Microsoft.SqlServer.Replication.ReplicationStatusAndWarning
AA000926-FFBE-11CF-8800-00A0C903B83C,CertServerPolicy Class
AA02830A-0EAA-39B7-A2C2-B2FE8C03233B,Microsoft.Office.Interop.Outlook.OlNoteColor
AA0483DA-3E7C-4640-B446-1FFB1F71971E,FetchDirectoryItemPropertiesRequest Class
AA04CA0B-7597-4F3E-99A8-36712D13D676,LicensingStateTools Class
AA10385A-F5AA-4EFF-B3DF-71B701E25E18,Wordpad ODT Document Filter
AA160628-8775-46E3-837C-F7A2AE66E2F5,Quarantine SoH Protocol processor class
AA28FBC7-59F1-4C42-9FD8-BA2BE27EA319,Select All command invocation
AA544D41-28CB-11D3-BD22-0000F80849BD,SymBinder
AA558FA2-A340-4A23-B765-614BA827CE1D,SppInstallerFactory Class
AA70DDF4-E11C-11D1-ABB0-00C04FD9159E,Microsoft WBEM View Provider
AA76CB5E-0525-4FA2-90D5-E30EBF9FED2E,Section Class
AA92964B-B580-447E-8344-9FE63F2450DE,Microsoft.VisualStudio.OfficeTools.Designer.VSTDocumentDesigner
AAA288BA-9A4C-45B0-95D7-94D524869DB5,WPDShServiceObj Class
AABE54D4-6E88-4C46-A6B3-1DF790DD6E0D,Themes tree item callback object for sysdm.cpl
AAC1009F-AB33-48F9-9A21-7F5B88426A2E,TSRDSettings Class
AAC2B978-266D-48AE-AA28-60A3EBB872D0,IE RSS FeedFolder Tasks
AAC46A37-9229-4FC0-8CCE-4497569BF4D1,InkRecognizerContext Class
AAD4BDD3-81AA-3ABC-B53B-D904D25BC01E,System.DataMisalignedException
AAEAE72F-0328-4763-8ECB-23422EDE2DB5,Microsoft WBEM WMI Policy SOM Provider
AB0A80A1-D3FB-45F0-8D3A-37455E7BF4DB,Microsoft.AnalysisServices.MiningModel
AB0B37EC-56F6-4A0E-A8FD-7A8BF7C2DA96,CLSID_ExplorerHostCreator
AB1890A0-E91F-11D2-BB91-00C04F8EE6C0,SpMMAudioEnum Class
AB2ECE69-56D9-4F28-B525-DE1B0EE44237,PSFactoryBuffer
AB341B67-D135-4FDA-9B88-C4957134E082,FindTextRequestContext Class
AB3B745B-5B32-367C-9210-18613E239914,Microsoft.SqlServer.Replication.MergeSessionDetailType
AB517586-73CF-489C-8D8C-5AE0EAD0613A,Microsoft DocProp Custom Draw Percent Full Control
AB558A90-77EC-3C9A-A7E3-7B2260890A84,System.EnterpriseServices.CompensatingResourceManager.Compensator
AB761B1D-974F-354F-8172-696478F34FE9,Microsoft.SqlServer.Management.Smo.StatisticsTarget
AB790AA1-CDC1-478A-9351-B2E05CFCAD09,CPartitionContextMenu Class
AB8902B4-09CA-4BB6-B78D-A8F59079A8D5,Thumbnail Cache Class Factory for Out of Proc Server
AB944620-79C6-11D1-88F9-0080C7D771BF,Event Publisher
AB9D6472-752F-43F6-B29E-61207BDA8E06,RDP DShow Video Renderer
ABB27087-4CE0-4E58-A0CB-E24DF96814BE,InertiaProcessor Class
ABBA0005-3075-11D6-88A4-00B0D0200F88,ATSCTerrestrial Class
ABBA0006-3075-11D6-88A4-00B0D0200F88,CDvb Class
ABBA001B-3075-11D6-88A4-00B0D0200F88,DigitalCable Class
ABBE31D0-6DAE-11D0-BECA-00C04FD940BE,Subscription Mgr
ABD2AD24-F1FF-47AD-82DE-3A1EDF38E7A1,HomeGroup Task
ABDB3967-5F21-3AD1-A372-C2A12FBBCE84,Microsoft.Office.Interop.Outlook.OlSaveAsType
ABDBD0B1-7D54-49FB-AB5C-BFF4130004CD,PSFactoryBuffer
ABE40035-27C3-4A2F-8153-6624471608AF,MSVidCtl Digital TV to StreamBufferSource Composition Segment
ABF828C9-DB67-4CF3-967F-C707B740FBE0,CAHelpManager Class
AC0714F6-3D04-11D1-AE7D-00A0C90F26F4,Addin Class
AC0714F7-3D04-11D1-AE7D-00A0C90F26F4,Microsoft Add-In Authouring Designer
AC3AC249-E820-4343-A65B-377AC634DC09,WinBio Credential Provider
AC48FFE0-F8C4-11D1-A030-00C04FB6809F,RequestMakeCall Class
AC606FEA-A05A-4D06-A758-314268882C34,PSFactoryBuffer
AC64F492-0B4F-3E53-9C73-F4D684C4C994,Microsoft.SqlServer.Management.Nmo.ProtocolRetrySchedule
AC82FF6D-E524-4C0F-8D0B-0C74C1ECAAEA,InkCursors Class
AC8ACF0D-0666-3A81-A42D-257F2CEA1748,Microsoft.SqlServer.Replication.TransPublication
AC99F1E0-AEFD-40BC-BE63-4535C40177A9,UndoManager Class
AC9F2F90-E877-11CE-9F68-00AA00574A4F,Microsoft Forms 2.1 FormPackage
ACA5D44D-8024-3970-BA76-67142187B6A2,Microsoft.SqlServer.Setup.SetupBootstrapWizard_WizardForm
ACA97E00-0C7D-11D2-A484-00C04F8EFB69,CrSpiral
ACB92C4B-B6B3-33BF-BDF6-9598421E3C70,Microsoft.SqlServer.Replication.FileTransferOption
ACBA09AE-E666-49D1-879E-1C522E6735D3,Microsoft.AnalysisServices.MeasureDataType
ACD453BC-C58A-44D1-BBF5-BFB325BE2D78,Microsoft MPEG-2 Audio Encoder
ACE52D03-E5CD-4B20-82FF-E71B11BEAE1D,Shell Name Space ListView
ACE575FD-1FCF-4074-9401-EBAB990FA9DE,Microsoft RDP Client Control - version 4
AD0FD418-E9F3-4AC8-BDD5-A067118D8CFB,DataDefinition Class
AD290DFE-3219-4B06-B438-FA7EA8D41F87,RemoveObjectRequest Class
AD326409-BF80-3E0C-BA6F-EE2C33B675A5,System.EntryPointNotFoundException
AD4C1B00-4BF7-422F-9175-756693D9130D,PSFactoryBuffer
AD581B00-7B64-4E59-A38D-D2C5BF51DDB3,WindowsMediaLibrarySharingServices Class
AD664904-FE8A-3217-BBF5-E6AB1D998F5F,System.Security.Permissions.HostProtectionAttribute
AD6C8934-F31B-4F43-B5E4-0541C1452F6F,WST Pager
AD763FA6-3B90-41AB-BD44-4F832BEEE55F,Windows Media Network Source Plugin
AD789702-8C0F-4719-A0BB-FABC83CDA7C5,ConditionFormula Class
AD7AE324-F5BD-4E52-8BF7-B228C23C0E95,Microsoft.AnalysisServices.ServerEdition
AD8E510D-217F-409B-8076-29C5E73B98E8,Stream Buffer Source
AD974AE2-E292-4083-A280-0342D68DAF55,Updatable Item Set
ADAB9B51-4CDD-4AF0-892C-AB7FA7B3293F,Group Policy Service User Profile Notification
ADB880A6-D8FF-11CF-9377-00AA003B7A11,HHCtrl Object
ADB9F5A4-E73E-49B8-99B6-2FA317EF9DBC,Windows ScreenSaver Properties
ADBE6DEC-9B04-4A3D-A09C-4BB38EF1351C,XAML Browser Application
ADC0BB67-E54C-3F02-93CF-6602789AF6E7,Microsoft.SqlServer.Management.Smo.Broker.RemoteServiceBinding
ADC54FB9-5F1F-419C-B8E8-C1364F6C64DA,DataSet Class
ADC6CB82-424C-11D2-952A-00C04FA34F05,Alpha
ADC6CB86-424C-11D2-952A-00C04FA34F05,DropShadow
ADC6CB88-424C-11D2-952A-00C04FA34F05,Wave
ADD18BF7-AB60-4283-A580-D7544DD255D2,AudioDeviceGraph Class
ADD36AA8-751A-4579-A266-D66F5202CCBB,Print Ordering via the Web
ADE6444B-C91F-4E37-92A4-5BB430A33340,AppEventsDHTMLConnector 1.0 Object
ADEDA98A-BDFC-4029-B6FB-991D6B468395,Microsoft.SqlServer.Replication.TransSynchronizationAgent
ADF95821-DED7-11D2-ACBE-0080C75E246E,Property Setter
AE0136E7-A691-33FF-82CC-112959CC4AEC,Microsoft.AnalysisServices.NotificationTechnique
AE03A0A5-DE98-45FF-8016-DDEFF70BCF61,SAL File
AE054212-3535-4430-83ED-D501AA6680E6,Shell Name Space ListView
AE1268D8-F06F-421D-948E-AF9D5CEE441B,ReportAppFactory Class
AE13217B-F33A-3279-89C5-9212247395D8,Microsoft.SqlServer.Management.Smo.LinkedTableType
AE1E00AA-3FD5-403C-8A27-2BBDC30CD0E1,Home Networking NAT Traversal via UPnP Configuration Manager
AE24FDAE-03C6-11D1-8B76-0080C744F389,Microsoft Scriptlet Component
AE2F948B-6F4B-30E8-9B69-366BF822B07F,Microsoft.Office.Interop.Outlook.OlWindowState
AE53ED01-CAB4-39CE-854A-8BF544EEEC35,System.Security.Cryptography.HMACSHA384
AE6BE008-07FB-400D-8BEB-337A64F7051F,TF_TransitoryExtensionUIEntry
AE861CF5-D031-395E-8EA8-F7DDC1E44D1F,Microsoft.AnalysisServices.WriteBackTableCreation
AE90E550-0443-47FB-A001-4875648D4ED3,IE WebNavigatable Implementation
AE9472BF-B0C3-11D2-8D24-00A0C9441E20,GrfCache Class
AEB16279-B750-48F1-8586-97956060175A,MF ASF Property Handler
AEB84C83-95DC-11D0-B7FC-B61140119C4A,DiskManagement.Control
AEC17CE3-A514-11D1-AFA6-00AA0024D8B6,DirectMusicSynthSink
AED6483E-3304-11D2-86F1-006008B0E5D2,Video Render Dynamic Terminal
AED6483F-3304-11D2-86F1-006008B0E5D2,Media Streaming Dynamic Terminal
AEE2420F-D50E-405C-8784-363C582BF45A,DevicePairingFolder Initialization
AEE3E4A8-EF01-4024-A0F1-809D9B096E14,Windows Media Player Encoder Helper Class
AEF1693C-839C-4066-82D6-6CC0324C9D20,Microsoft MPEG-2 Video Encoder Property Page
AEF86BDA-8ED0-4359-9392-90DBB45C65E5,ValueGridControl Class
AF02484C-A0A9-4669-9051-058AB12B9195,File Save Dialog Legacy
AF076A15-2ECE-4AD4-BB21-29F040E176D8,EnhancedStorageACT Class
AF2440F6-8AFC-47D0-9A7F-396A0ACFB43D,PSFactoryBuffer
AF279B30-86EB-11D1-81BF-0000F87557DB,Wipe
AF2AC6EE-2B16-4756-9475-F319E543EFAA,SOAPRequest Class
AF4756F4-E056-40DF-8289-CD526E0D37F5,Microsoft.AnalysisServices.FiscalYearName
AF4F6510-F982-11D0-8595-00AA004CD6D8,Registry Tree Options Utility
AF60343F-6C7B-3761-839F-0C44E3CA06DA,System.Security.Cryptography.CspParameters
AF604EFE-8897-11D1-B944-00A0C90312E1,Microsoft Common Browser Architecture
AF8C5F8A-9999-3E92-BB41-C5F4955174CD,System.IO.FileLoadException
AF9D2278-060F-4A17-99A9-5044F7F843A8,CImeProperty_JK Class
AF9F2C0D-6B9F-4E32-A94D-A3E235A31BF7,XML property store
AFA44BC8-0558-36AA-92E8-08FA8FFF6FAE,Microsoft.VisualC.CppCodeProvider
AFAAB0C4-4107-49B2-A1A3-BFFCC5EF2157,DataObject Class
AFAEF10F-1BC4-351F-886A-878A265C1862,System.Security.Policy.TrustManagerContext
AFB40FFD-B609-40A3-9828-F88BBE11E4E3,Server XML HTTP 3.0
AFB6C280-2C41-11D3-8A60-0000F81E0E4A,MPEG-2 Demultiplexer
AFBA6B42-5692-48EA-8141-DC517DCF0EF1,Server XML HTTP
AFC20920-DA4E-11CE-B943-00AA006887B4,Microsoft Forms 2.1 FontNew
AFC681CF-E82F-361A-8280-CF4E1F844C3E,System.Runtime.InteropServices.ExternalException
AFD7F94B-1627-436C-80C8-B464AA21CAD3,WMPlayer SecurityPropPage Class
AFDE87CD-55B4-3A17-AC90-527C8944FC95,Microsoft.SqlServer.Management.Nmo.NotificationField
AFE9E367-95C5-35F1-8F9C-9AC4C222AE26,Microsoft.Office.Interop.Access.AcProjectType
AFEF65AD-4577-447A-A148-83ACADD3D4B9,System.Data.SqlClient.SQLDebugging
B020B123-89B9-46C6-8509-A8BF70447FEA,PSFactoryBuffer
B0210780-89CD-11D0-AF08-00A0C925CD16,DirectSoundCapture Object
B021FF57-A928-459C-9D6C-14DED0C9BED2,PrinterQueueView Class
B0395DA5-6A15-4E44-9F36-9A9DC7A2F341,MMC IconControl class
B056521A-9B10-425E-B616-1FCD828DB3B1,PSFactoryBuffer
B05DABD9-56E5-4FDC-AFA4-8A47E91F1C9C,IVideoEncoderCodecAPIProxy
B066F8DA-B357-364C-952D-C5A6EEF58DA8,Microsoft.SqlServer.Management.Smo.RestoreActionType
B084785C-DDE0-4D30-8CA8-05A373E185BE,NSC Byte Stream Handler
B091E540-83E3-11CF-A713-0020AFD79762,File Types Page
B09355EC-A733-4C99-A2B4-B5608929FE75,Microsoft.AnalysisServices.ScalarMiningStructureColumn
B0A2AB46-F612-4469-BEC4-7AB038BC476C,WMI High Performance Cooker
B0A8F3CF-4333-4BAB-8873-1CCB1CADA48B,Drive Type Categorizer
B0AB6A3E-3558-49D3-BDA2-4BB2FD596713,PSFactoryBuffer
B0C43320-2315-44A2-B70A-0943A140A8EE,XPS Signature Manager
B0D17FC2-7BC4-11D1-BDFA-00C04FA31009,CLSID_IFontCache
B0D87B3E-4CDB-4330-BE4A-5F047190A693,KiwiSDTaskEngine.DBCleanUp
B0DCEE38-ACE1-3E1F-954A-00EE363E6776,Microsoft.SqlServer.Management.Nmo.VacuumSchedule
B0DDD260-9E44-4BF2-8602-6D9CE1D0B94F,UCM Helper Class
B0DE6792-0B28-4304-A141-F7DC37A002E1,DateFieldFormat Class
B0EDF163-910A-11D2-B632-00C04F79498E,MS TV Video Control
B0F64827-79BB-3163-B1AB-A2EA0E1FDA23,System.EnterpriseServices.Internal.ComSoapPublishError
B1027BF1-AD92-39F2-8EDC-A97BD983CF95,Microsoft.SqlServer.Management.Nmo.ApplicationDatabaseFile
B106900C-4E8D-4147-8B22-CC60C6B285A8,Windows Media Player Compositing Mixer
B11212BD-A797-4459-B8A7-5C9E7F49E1D0,IE OLE Document Property Handler
B11D16D0-E195-4CA6-BBD5-1254EC098953,6To4 Helper Class
B12AE898-D056-4378-A844-6D393FE37956,Windows ThemeUI Pages
B1325EF5-DD4D-4988-A2B3-C776AD45D0D6,Authentication UI Legacy Shutdown Dialog
B138E92F-F502-4ADC-89D9-134C8E580409,FileRecordingTerminal Class
B155BDF8-02F0-451E-9A26-AE317CFD7779,delegate folder that appears in Computer
B15B8DC0-C7E1-11D0-8680-00AA00BDCB71,SoftDist
B166BA30-EF19-4E09-95CD-833BCC318729,CustomFunctions Class
B177290B-B550-40EE-8920-2BD459A7E382,Microsoft SQL Replication Errors Collection 9.0
B18A03A3-9094-3B78-B016-769E66455A2B,Microsoft.Office.Interop.Access.AcQuitOption
B195FE25-16D9-4D1B-AD10-0701F9A5E277,SkinScrollBar Object
B196B286-BAB4-101A-B69C-00AA00341D07,PSFactoryBuffer
B1B77C00-C3E4-11CF-AF79-00AA00B67A42,DV Video Decoder
B1BDF6CB-FA26-4991-8417-E1571977DDD7,Microsoft.AnalysisServices.Account
B1E25E09-DDC9-4989-B966-C7FA86C08C16,Microsoft.AnalysisServices.MiningModelPermission
B1E29D59-A675-11D2-8302-00C04F8EE6C0,SpGrammarCompiler Class
B1E2EC26-4E3F-3A54-9B68-548ECEE7CA37,Microsoft.AnalysisServices.Optionality
B210D694-C8DF-490D-9576-9E20CDBC20BD,Color Calibration Loader
B2223B2F-EB8A-3413-A845-F1D2AF74D7E8,Microsoft.SqlServer.Replication.AgentProfileParameterInfo
B22D0C7B-1E65-4533-97FA-A7335B8BCD94,CFontManager Object
B22FE43C-D1E8-432A-A862-9F83D5F04732,DartStreams Class
B2308949-9396-32EF-91DE-2F74D055C738,Microsoft.AnalysisServices.TraceStopCause
B25F4EC5-CB5D-341A-833F-7D97F01331C3,Microsoft.VisualC.VSCodeProvider.9.0
B27B520E-46DB-4720-B9C5-5F80ACAB23A4,HomeGroup Task
B2952B16-0E07-4E5A-B993-58C52CB94CAE,CLSID_DBFolder
B297440D-E2AA-4AD1-BAF0-0CF229FA4E29,VSTOSTA Class
B29D466A-857D-35BA-8712-A758861BFEA1,Microsoft.GroupPolicy.AdmTmplEditor.GPMAdmTmplEditorManager
B2A7FD52-301F-4348-B93A-638C6DE49229,WMPSkinMngr Class
B2B4FB61-D2DD-4DDD-8001-20F98C6577EF,Microsoft Query Edit Control
B2BCFF59-A757-4B0B-A1BC-EA69981DA69E,AzAuthorizationStore Class
B2F2E083-84FE-4A7E-80C3-4B50D10D646E,Default Category Provider
B2F3A67C-29DA-4C78-8831-091ED509A475,Microsoft Network Provider
B2F586D4-5558-49D1-A07B-3249DBBB33C2,DirectSoundBufferConfig Object
B301AFFA-6FE0-4E4B-BD8C-B4CA12F99708,RecordBatchCursor Class
B3179149-2B99-48B2-B44B-11AA2034C1A3,CCNGProvider
B31C5FAE-961F-415B-BAF0-E697A5178B94,IE Microsoft Multiple AutoComplete List Container
B323F8E0-2E68-11D0-90EA-00AA0060F86C,StillImage
B32653CB-7FD5-49D6-A150-9A9E8207930D,VsmIDE.Solution
B32D3949-ED98-4DBB-B347-17A144969BBA,Sync Center Item Properties Extension
B32F4002-BB27-45FF-AF4F-06631C1E8DAD,PSFactoryBuffer
B33F0D7A-1571-4022-B710-D26E9B87DEB8,Autoplay Content Handler
B3408A2F-8DDA-1197-FBD5-2CE69A2DEFC0,"@%systemroot%\system32\eqossnap.dll,-30001"
B3408A2F-8DDA-1197-FBD5-2CE69A2DEFC1,"@%systemroot%\system32\eqossnap.dll,-30001"
B3676185-2B93-311A-B3BA-EE2B55786185,Microsoft.SqlServer.Replication.DatabaseCompatibilityLevel
B36DBAC8-99C7-3EA5-AF87-2CA4014C6DB0,Microsoft.SqlServer.Management.Smo.Schema
B398DC00-52CF-4651-B85F-5556C42A2835,FetchDirectoryItemPropertiesResult Class
B3C87F4E-DC00-449D-AADB-57A239DC0B1C,Microsoft.AnalysisServices.ActionInvocation
B3E3017E-2C78-39EC-B4C5-988E473F411A,Microsoft.SqlServer.Replication.MergeSubscription
B3E493E5-6340-4E6C-AF6C-546D7B8436F4,Microsoft.VisualBasic.UpgradeExtensions.ResUtil
B3EE7802-8224-4787-A1EA-F0DE16DEABD3,CheckerBoard
B3FD5602-EB0F-415E-9F32-75DA391D6BF9,ExecutivePlatform
B401C5EB-8457-427F-84EA-A4D2363364B0,MSVidCtl FilePlayback to Video Renderer Composition Segment
B406AC70-4D7E-3D24-B241-AEAEAC343BD9,System.MTAThreadAttribute
B4124623-FC0E-47CE-BCA9-126A6104ADA1,JournalReader Class
B413BB5F-B4AB-4F63-BFD0-F215995AA879,Microsoft Visual Studio 2008 Tools for Office Design-Time Adaptor for Excel 2007
B41DB860-8EE4-11D2-9906-E49FADC173CA,WinRAR
B4311566-D5CA-3E62-8BE8-A8F3F2255CD2,Microsoft.SqlServer.Replication.ScheduleFrequencyType
B43A0C1E-B63F-4691-B68F-CD807A45DA01,MSTSWebProxy Class
B43C4EEC-8C32-4791-9102-508ADA5EE8E7,IVideoEncoderProxy
B451ED26-AB0C-4230-B989-F2959ECDDF22,Microsoft SQL Server Merge Text Columns Conflict Resolver
B475F925-E3F7-414C-8C72-1CEE64B9D8F6,PSFactoryBuffer
B4D85BBD-C1E6-4F2B-BF43-75CB28500A08,Windows Media Player TunerHelper Class
B4F129E4-CB40-3FA8-A176-C75027D61236,Microsoft.SqlServer.Setup.SetupBootstrapWizard_ViewDetails
B4FB3F98-C1EA-428D-A78A-D1F5659CBA93,Other Users Folder
B51AF65E-B0FB-42B2-B6CC-F97EAD2A54AB,Microsoft SQL Replication Error Class  9.0
B54E38F8-17FF-3D0A-9FF3-5E662DE2055F,System.Runtime.Remoting.Metadata.W3cXsd2001.SoapNotation
B54F3741-5B07-11CF-A4B0-00AA004A55E8,VB Script Language
B54F3742-5B07-11CF-A4B0-00AA004A55E8,VB Script Language Authoring
B54F3743-5B07-11CF-A4B0-00AA004A55E8,VBScript Language Encoding
B5515D54-B037-3254-AA7F-FE50502F1993,Microsoft.SqlServer.Management.Smo.KeyEncryptionType
B5607793-24AC-44C7-82E2-831726AA6CB7,Free Space Categorizer
B5730A90-1A2C-11CF-8C23-00AA006B6814,IAMExtDevice
B57463F2-6ACE-4206-B600-CAB83A0847D2,Microsoft SQL Server Download Only Conflict Resolver
B579A7C7-A328-4EAF-A180-5F545279290B,CrystalDecisions.Data.UDTFieldInfo
B5827163-52B0-42C2-940F-F1D72CAB1251,WMPMDE NETCHANNEL ACTIVATE
B5863CEA-54D2-3D62-91F3-F46054974AAC,Microsoft.SqlServer.Management.Smo.Broker.ServiceQueue
B5866878-BD99-11D0-B04B-00C04FD91550,TypeFactory
B588B5C9-AD36-3FFD-AA35-DA8884C0F840,Microsoft.SqlServer.Management.Smo.User
B5941C86-A91E-4D3A-91E8-00E8ED8B70EB,Microsoft.AnalysisServices.RegularMeasureGroupDimension
B5965ACC-842D-4ABE-A618-9292BB3EE666,MSASR Locale Handler Class (2052)
B5A618C2-23C0-3EFE-861E-8243C8C1E384,Microsoft.SqlServer.Replication.TransPullSubscription
B5A99757-76B1-45EE-A019-3BEA803EA2F3,GenObjCollection Class
B5B99027-C2DB-3580-8969-658C6E8C5EC1,Microsoft.AnalysisServices.MemberKeysUnique
B5DFE899-9B00-47F5-99BB-E91F60A5763F,ExcelExportFormatOptions Class
B5E7A132-A7BD-11D1-84C2-00C04FC21759,Microsoft SQL Server Virtual Device Interface for Server
B5F8350B-0548-48B1-A6EE-88BD00B4A5E7,MSAA AccPropServices
B5F8FB3B-393F-4F7C-84CB-504924C2705A,PSFactoryBuffer
B5FEF89B-50E4-301F-A3CE-E9FBB88DEE82,Microsoft.SqlServer.Replication.MergeConflictCount
B6197398-DDBA-37F6-8368-DD809EB42A80,Microsoft.Office.Interop.Outlook.OlImportance
B61A666D-2EBC-3D5C-AEF9-678FDF07FD11,Microsoft.AnalysisServices.AssemblyReferencesHelper
B62883D8-7EE3-360F-B6DD-87964E7A0D65,Microsoft.SqlServer.Management.Smo.DeviceType
B64016F3-C9A2-4066-96F0-BD9563314726,BDA Tuning Model DVB-Satellite Tuning Space
B64D7795-C416-4D9B-931A-C45688DB5C8D,ModifyFilterRequest Class
B6680A1F-32E1-4109-A678-41A586E18683,SearchReportRecordRequest Class
B66834C6-2E60-11CE-8748-524153480004,Tab Property Page Object
B699E5E8-67FF-4177-88B0-3684A3388BFB,UpdateSearcher Class
B6B04F24-88EB-3914-A474-A6678E5F8052,Microsoft.AnalysisServices.AggregationInstanceDimension
B6B76795-A470-3354-8268-2FABD6559E91,Microsoft.SqlServer.Management.Smo.DataFile
B6C292BC-7C88-41EE-8B54-8EC92617E599,WIA Device Manager 2
B6DC98B1-0BEC-45E1-B2E4-3A2D943F0BE4,CDPAPIProvider
B6EB52D5-BB1C-3380-8BCA-345FF43F4B04,System.Security.Cryptography.DESCryptoServiceProvider
B6F9C8AE-EF3A-41C8-A911-37370C331DD4,Administrative Templates (Computers)
B6F9C8AF-EF3A-41C8-A911-37370C331DD4,Administrative Templates (Users)
B708457E-DB61-4C55-A92F-0D4B5E9B1224,MMCViewExt 1.0 Object
B7131FEC-DBF7-3063-B5E6-5F10D43C5A39,Microsoft.AnalysisServices.QueryNotification
B71B50CA-3EE5-3021-848B-64C94C05C9F4,Microsoft.SqlServer.Setup.SetupBootstrapWizard_WizardForm+pageEnum
B71E484D-93ED-4B56-BFB9-CEED5134822B,Microsoft.JScript.Vsa.VsaEngine
B720A0B5-E7AC-4E1C-93C6-65E32C933D5E,BooleanFieldFormat Class
B722BCCD-4E68-101B-A2BC-00AA00404770,Microsoft Office 9
B72F8FD8-0FAB-4DD9-BDBF-245A6CE1485B,QueryParser Class
B7558B84-78FF-4786-9EC4-5526CAFFA9B6,FormulaFunctionCatalog Class
B756136C-7711-314E-9837-4A8CB2718FEA,Microsoft.SqlServer.Replication.ReplicationType
B75AC000-9BDD-11D0-852C-00C04FD8D503,ADs Access Control Entry Object
B76AD54C-51A2-4230-B516-2CCAA95F8D29,Enable the Desktop Window Manager tree item callback object for sysdm.cpl
B76F2594-6867-4E8A-B314-FA8372C31760,Microsoft.AnalysisServices.CalculationProperty
B77B1CBF-E827-44A9-A33A-6CCFEEAA142A,ShellItemArray Shell Namespace helper
B77C4C36-0154-4C52-AB49-FAA03837E47F,CLSID_PublicationServicesServer
B7BBD408-F09C-4AA8-B65E-A00B8FE0F0B9,Windows Theme Preview API
B7C0F3F6-C0D2-49B7-83D4-AFFF00EE1B4D,Microsoft SQL Server Replication Remote Distribution Agent 9.0
B7EFF951-E52F-45CC-9EF7-57124F2177CC,SmartDocument Class
B801CA65-A1FC-11D0-85AD-444553540000,Adobe Acrobat Document
B80AB0A0-7416-11D2-9EEB-006008039E37,MJPEG Compressor
B81CB5ED-E654-399F-9698-C83C50665786,System.Runtime.InteropServices.OptionalAttribute
B81FF171-20F3-11D2-8DCC-00A0C9B00525,Type name parser and builder
B83F172F-5DA6-4E6E-979A-79AA01E5BF6F,KiwiSDTaskEngine.MailMessage
B851220D-8265-3709-ABA0-725CDD2A06FD,Microsoft.Office.Interop.Outlook.OlNetMeetingType
B8558612-DF5E-4F95-BB81-8E910B327FB2,Sync Center (Private)
B85EA052-9BDD-11D0-852C-00C04FD8D503,ADs Access Control List Object
B861A2D8-5FC9-3E75-8606-17FE9386AF40,Microsoft.SqlServer.Management.UI.Separator
B87BEB7B-8D29-423F-AE4D-6582C10175AC,Video Mixing Renderer
B888FC95-8C8D-4C70-9BB6-DA1360218667,Device SDK Installer Class
B890AF56-AC8C-11D1-8CB7-00C04FC3261D,CLBDTDispenser Class
B8967F85-58AE-4F46-9FB2-5D7904798F4B,Property System
B89F9346-716B-3087-976B-589E7972063D,Microsoft.AnalysisServices.MemberUniqueNameStyle
B8BE1E19-B9E4-4EBB-B7F6-A8FE1B3871E0,Microsoft Windows Font IExtractImage Handler
B8CDCB65-B1BF-4B42-9428-1DFDB7EE92AF,Compressed (zipped) Folder Context Menu
B8E2F3AE-FACF-3D38-91B5-FE103EFBCAB8,Microsoft.SqlServer.Management.Smo.PartitionFunctionParameter
B9162A23-45F9-47CC-80F5-FE0FE9B9E1A2,Bidi Spooler APIs
B91A4DB4-3630-11DC-9EAA-00161718CF63,Burn command invocation
B933A196-7829-3C4C-AF9A-B4C7766F30DB,dao.UpdateCriteriaEnum
B946C2FB-3EC6-4ACC-899D-00C5B9298B1B,FpStructureModification Class
B958F73C-9BDD-11D0-852C-00C04FD8D503,ADs Security Descriptor Object
B95BA645-3B09-3668-9671-A89B496A328F,Microsoft.AnalysisServices.ReadSourceDataAccess
B96F67A2-30C2-47E8-BD85-70A2C948B50F,GradientWipe
B9815375-5D7F-4CE2-9245-C9D4DA436930,CLSID_PreviewEmail
B9931692-A2B3-4FAB-BF33-9EC6F9FB96AC,TF_LangBarItemMgr
B9A09F18-45AB-4F09-A117-A4ADDA8FA8C8,SmartDocument Class
B9B61A03-CAA7-43BB-B859-ACD26D73B3F7,CLSID_ResultHandlerFactory
B9D7DFD8-43B0-4D72-9D7E-1D1352B99196,Microsoft.AnalysisServices.CubeAttribute
B9E84FFD-AD3C-40A4-B835-0882EBCBAAA8,UPnPDevices Class
B9F8AC3E-0F71-11D2-B72C-00C04FB6BD3D,Ks IBasicAudio Interface Handler
BA126AD8-2166-11D1-B1D0-00805FC1270E,Network Group Policies for NLA Class
BA126AE0-2166-11D1-B1D0-00805FC1270E,Shared Access Connection Manager
BA126AE1-2166-11D1-B1D0-00805FC1270E,Shared Access Connection Manager Enumerated Connection
BA126AE2-2166-11D1-B1D0-00805FC1270E,Shared Access Connection
BA126E01-2166-11D1-B1D0-00805FC1270E,Connection Manager LUA Inproc Object
BA126F01-2166-11D1-B1D0-00805FC1270E,Connection Manager LUA Host Object
BA13EFC1-EE74-37A6-BE65-CE0806576BC8,Microsoft.SqlServer.Replication.ReplicationDatabase
BA7D3BE0-1517-4383-8567-2CBD4FF08444,SQLFunction Class
BA818CE5-B55F-443F-AD39-2FE89BE6191F,Function Instance Collection Class
BA8C584B-209C-4D54-8BB1-8AB5F1DCA18E,ActiveSkin 4.3 Control
BA9BB214-D930-4206-8F8F-BF0F1EAA4A6B,PSFactoryBuffer
BA9FCBAC-3AE4-46BF-B7BA-669498CCC8DE,CPreferredTIPState Class
BAA94581-C092-425C-B4D3-7B5EE0BAC3C4,Windows Media Player WMEncProfile2 Class
BAAF5EAB-BAA3-3E9F-89B4-5EE19CCDA4F2,Microsoft.AnalysisServices.DependencyType
BAB3BE56-6280-3BB0-A5B9-266523B4BED1,Microsoft.SqlServer.Management.Smo.Broker.MessageTypeMapping
BACF5C8A-A3C7-11D1-A760-00C04FB9603F,Software installation
BAE4D665-4EA1-11D3-8BDA-00600893B1B6,DirectMusicSegTriggerTrack
BAE86DDD-DC11-421C-B7AB-CC55D1D65C44,PSFactoryBuffer
BAEA47D0-3181-46DA-86EF-0E41EEAD1844,Strings Class
BAEABA89-5A0B-4A80-9F30-647782FE2BA3,TabStops Class
BAEACC9A-3488-4CC1-B51D-A90B933548B8,ValueGridOnIRowset Class
BB07BACD-CD56-4E63-A8FF-CBF0355FB9F4,EventSystem.EventObjectChange2
BB0D7187-3C44-11D2-BB98-3078302C2030,CfgComp Class
BB18C7A0-2186-4BE0-97D8-04847B628E02,WpcProviderSupport Class
BB2D41DF-7E34-4F06-8F51-007C9CAD36BE,WlanAdhoc LUA
BB44391D-6ABD-422F-9E2E-385C9DFF51FC,DxtCompositor Class
BB530C63-D9DF-4B49-9439-63453962E598,Encoder Feature Segment
BB678467-D325-3B33-AE4E-ED7A1A8D7978,Microsoft.SqlServer.Management.Smo.DatabaseDdlTrigger
BB6BC25A-21A1-487F-ACC8-672DFB3362EE,GenericRequest Class
BB6DF56B-CACE-11DC-9992-0019B93A3A84,Background Intelligent Transfer Control Class 4.0
BB847B8A-054A-11D2-A894-0000F8084F96,CLSID_IPropFindRequest
BB89EB37-081E-4F5D-BA35-8D636BB47440,MSASR Locale Handler Class (1028)
BB8A63E1-328A-3991-A53C-BEE07A5568EA,Microsoft.SqlServer.Management.Smo.MasterKey
BB918E32-2A5C-4986-AB40-1686A034390A,Plug-in Terminal Class
BBC40082-8ABB-4DDD-B1C6-4EE0A9A5DB52,WMPlayer PlaylistPropPage Class
BBD8C065-5E6C-4E88-BFD7-BE3E6D1C063B,Virtual Factory for Power Options Control Panel
BBEC4F81-C2BC-43A7-BD95-9738EE9B6CCA,WMPlayer DVDPropPage Class
BBEEA841-0A63-4F52-A7AB-A9B3A84ED38A,MP3 Decoder DMO
BC08386A-9952-40CD-BA50-9541D64A4B4E,PSFactoryBuffer
BC1F4B6F-13AB-4239-8C79-D6DCADC52BAA,VMware HostDeviceInfos Class
BC271022-28CD-468A-BBB0-EF7091D8625E,Connecting Progress Page Class
BC29A660-30E3-11D0-9E69-00C04FD7C15B,WDM Streaming VPE Property Set Interface Handler
BC48B32F-5910-47F5-8570-5074A8A5636A,Sync Results Delegate Folder
BC5062B6-79E8-3F19-A87E-F9DAF826960C,System.Runtime.Remoting.Services.EnterpriseServicesHelper
BC5C57AB-91E2-312A-BE66-6DDD76884381,Microsoft.SqlServer.Management.Smo.FullTextIndexColumn
BC65FB43-1958-4349-971A-210290480130,Ncd Property Page
BC94D813-4D7F-11D2-A8C9-00AA00A71DCA,SdoService Class
BCB67D4D-2096-36BE-974C-A003FC95041B,System.Runtime.CompilerServices.CallConvStdcall
BCD697F5-7ED3-3456-A836-2ACFB125656A,Microsoft.Office.Interop.Outlook.OlItemType
BCDE0395-E52F-467C-8E3D-C4579291692E,MMDeviceEnumerator class
BCEA735B-4DAC-4B71-9C47-1D560AFD2A9B,DfsShellAdmin Class
BCED617B-EC03-420B-8508-977DC7A686BD,WSMan Automation Class
BD0D38E4-74C8-4904-9B5A-269F8E9994E9,ImageProcess Class
BD472F60-27FA-11CF-B8B4-444553540000,Compressed (zipped) Folder Right Drag Handler
BD4F77B3-70B0-4464-83A5-785F205B823B,InkTablet Class
BD57A9B2-4E7D-4892-9107-9F4106472DA4,Broker Class
BD69ECAA-AE5C-40D0-B968-7848F3778F56,DHCP Module Helper Class
BD752719-4106-48F2-81C9-B084F59ADD58,Rowset Class
BD77DB03-CB84-39CA-9B46-6EEAAD59F76D,Microsoft.SqlServer.Management.Nmo.ContentFormatterArgument
BD7A2E7B-21CB-41B2-A086-B309680C6B7E,"@%systemroot%\system32\mssvp.dll,-112"
BD84B380-8CA2-1069-AB1D-08000948F534,Microsoft Windows Font Folder
BD84B381-8CA2-1069-AB1D-08000948F534,PANOSE Core Mapper
BD96C556-65A3-11D0-983A-00C04FC29E33,RDS.DataControl
BD96C556-65A3-11D0-983A-00C04FC29E36,RDS.DataSpace
BDA61140-40CC-4211-8451-034F4F93EB0C,ModifyAliasRequest Class
BDA7BEE5-85F1-3B66-B610-DDF1D5898006,System.FieldAccessException
BDB57FF2-79B9-4205-9447-F5FE85F37312,Internet Explorer Add-on Installer
BDBF047F-97CF-3F64-8CCF-54299913F5AE,Microsoft.Office.Interop.Access.AcCloseSave
BDC224CD-8541-41FB-B457-B90BC60F9AE4,Microsoft.AnalysisServices.QueryNotificationCollection
BDCD53F1-0FA0-30FE-8DB8-697044609174,Microsoft.Office.Interop.Outlook.OlDownloadState
BDD5C3D8-D881-33E6-968F-C424FF194BD4,Microsoft.SqlServer.Replication.ArticleOptions
BDE9EE7C-329F-4FCF-BA7A-F8C6E9B4579D,DUI Shell View Frame
BDF23680-C1E5-11D2-9EF7-006008039E37,Pin Property
BDFEE05A-4418-11DD-90ED-001C257CCFF1,Mbn ConnectionProfile Manager
BDFEE05B-4418-11DD-90ED-001C257CCFF1,Mbn Interface Manager
BDFEE05C-4418-11DD-90ED-001C257CCFF1,Mbn Connection Manager
BE09F473-7FEB-11D2-9962-00C04FA309D4,CLSID_MigrateMessageStore
BE2AA16D-082D-3B59-83B1-04EB69F60FFB,Microsoft.SqlServer.Management.Nmo.NotificationClass
BE6D7E2F-AE93-4389-95C0-0B9689338C80,Microsoft.AnalysisServices.StandardAction
BE8E0170-72DC-11D2-952A-0060081840BC,Stretch Property Page
BEA461C4-2D29-3CBD-85CD-8B5B73F5B38F,Microsoft.SqlServer.Management.Smo.LinkedServer
BEE89B4B-5761-4C8B-8906-E7DD321BBE60,Microsoft.VisualStudio.Tools.Applications.DesignTime.HostUpgradeHelper
BEECAAB2-90B2-352E-A14E-AA713CD98DCC,dao.EditModeEnum
BF0639FC-4354-3CBD-BA98-633EEDA8FAFF,Microsoft.SqlServer.Management.Nmo.HostedEventProvider
BF208219-0A7F-11D2-A6DE-00400541EFEE,ServiceMill Control
BF27441E-CDCD-4659-AEBE-06F6E069714E,Screen Capture Filter Task Page
BF29A3A2-D2BF-4A22-96CC-9ACEB0F94CBA,Policy for Glass tree item callback object for sysdm.cpl
BF426F7E-7A5E-44D6-830C-A390EA9462A3,DocWrap Class
BF50B68E-29B8-4386-AE9C-9734D5117CD5,IShellFolder marshaler app compat stub
BF5872FE-4C71-4526-AE70-A8E29062FA1A,Microsoft.AnalysisServices.ReportingWeekToMonthPattern
BF5CB148-7C77-4D8A-A53E-D81C70CF743C,AD RMS Rights Policy Template Management (Manual) Task Handler
BF641D1C-29FD-4721-B3B8-48D92D35F7DF,CLSID_QueryFactoryWithOptions
BF87B6E0-8C27-11D0-B3F0-00AA003761C5,Capture Graph Builder
BF87B6E1-8C27-11D0-B3F0-00AA003761C5,Capture Graph Builder 2
BF981FDD-B743-11D1-A69A-00C04FB9988E,MachineSettings Class
BFA4D240-373C-36E3-80E7-7EFAED40972C,Microsoft.AnalysisServices.ConnectionType
BFAD62EE-9D54-4B2A-BF3B-76F90697BD2A,IE Shell Rebar BandSite
BFC880F1-7484-11D0-8309-00AA00B6015C,Download Site Manager
BFCB2C6D-04AA-4FB9-BC72-58E1AF64BE39,Nap Server Management class
BFCD4A0C-06B6-4384-B768-0DAA792C380E,UIAnimationTimer
BFCEBF62-85FE-31F0-971E-5B1241E9E587,Microsoft.SqlServer.Replication.ValidationMethod
BFD468D2-D0A0-4BDC-878C-E69C2F5B435D,CLSID_PreviewUrl
BFD6C433-4B17-4F6D-A93C-B03FCC4E586E,WPD PnPX Association Manager Class
BFE18E9C-6D87-4450-B37C-E02F0B373803,AutomaticUpdates Class
BFFFE80E-6200-3BBB-9808-E6172870B031,Microsoft.Office.Interop.Outlook.OlOutlookBarViewType
C0154795-2B4C-30F0-BC60-A55585657FCC,Microsoft.SqlServer.Replication.ScriptOptions
C016A313-9606-36D3-A823-33EBF5006189,System.IO.PathTooLongException
C01B9BA0-BEA7-41BA-B604-D0A36F469133,SystemInformation Class
C02F29F0-DFCA-4DC1-8B80-ED3216E1B5E0,SpTtsFormatConverter Class
C03880A5-0B5E-39AD-954A-CE0DCBD5EF7D,System.AppDomainManager
C03E8500-781E-49A1-8190-CE902D0B2CE7,Connection to work options Page
C03E8511-781E-49A1-8190-CE902D0B2CE7,RAS Dialup CTI Hook Page (non-UI)
C03E8512-781E-49A1-8190-CE902D0B2CE7,Dialup CTI Connection Retry Page
C03E8513-781E-49A1-8190-CE902D0B2CE7,RAS Dialup Connection Info Page
C03E8521-781E-49A1-8190-CE902D0B2CE7,RAS Dialup CTW Hook Page (non-UI)
C03E8522-781E-49A1-8190-CE902D0B2CE7,Dialup CTW Connection Retry Page
C03E8523-781E-49A1-8190-CE902D0B2CE7,RAS Dialup (CTW) Connection Info Page
C03E8524-781E-49A1-8190-CE902D0B2CE7,RAS Dialup (CTW) User Info Page
C03E8531-781E-49A1-8190-CE902D0B2CE7,RAS VPN Check Internet Connection
C03E8532-781E-49A1-8190-CE902D0B2CE7,RAS VPN Hook Page (non-UI)
C03E8533-781E-49A1-8190-CE902D0B2CE7,RAS VPN Connection Info Page
C03E8534-781E-49A1-8190-CE902D0B2CE7,RAS VPN User Info Page
C03E8541-781E-49A1-8190-CE902D0B2CE7,RAS PPPoE Hook Page (non-UI)
C03E8542-781E-49A1-8190-CE902D0B2CE7,RAS PPPoE Connection Info Page
C03E8551-781E-49A1-8190-CE902D0B2CE7,Incoming Connection Check Devices Page
C03E8552-781E-49A1-8190-CE902D0B2CE7,RAS Incoming Connection Hook Page (non-UI)
C03E8553-781E-49A1-8190-CE902D0B2CE7,Incoming Connection Users Page
C03E8554-781E-49A1-8190-CE902D0B2CE7,Incoming Connection Devices Page
C03E8555-781E-49A1-8190-CE902D0B2CE7,Incoming Connection Network Page
C03E8556-781E-49A1-8190-CE902D0B2CE7,Incoming Connection Save Page
C03E8557-781E-49A1-8190-CE902D0B2CE7,Incoming Connection Summary Page
C03E8561-781E-49A1-8190-CE902D0B2CE7,RAS New Connections Page
C03E8565-781E-49A1-8190-CE902D0B2CE7,RAS Connection To Work Testing Page Class
C03E8566-781E-49A1-8190-CE902D0B2CE7,RAS Connection To Internet Testing Page Class
C03E8568-781E-49A1-8190-CE902D0B2CE7,RAS Connection To Work Finish Page Class
C03E8569-781E-49A1-8190-CE902D0B2CE7,RAS Connection To Internet Finish Page Class
C03E8571-781E-49A1-8190-CE902D0B2CE7,VANUI RAS Connect Page Class
C03E8572-781E-49A1-8190-CE902D0B2CE7,VANUI RAS Disconnect Page Class
C03E8581-781E-49A1-8190-CE902D0B2CE7,Set up a new connection
C03E8582-781E-49A1-8190-CE902D0B2CE7,Set up a new virtual network connection (VPN)
C03E8583-781E-49A1-8190-CE902D0B2CE7,Set up a new dialup connection
C03E8584-781E-49A1-8190-CE902D0B2CE7,Set up a new dialup connection (Internet)
C03E8585-781E-49A1-8190-CE902D0B2CE7,Set up a new broadband connection
C03E8586-781E-49A1-8190-CE902D0B2CE7,Incoming Connections Task Class
C03E8591-781E-49A1-8190-CE902D0B2CE7,XWizard Factory Generated Class
C03E8592-781E-49A1-8190-CE902D0B2CE7,XWizard Factory Generated Class
C043B12C-A450-367B-9AF5-1996EB3EABFB,Microsoft.AnalysisServices.MeasureGroupAttributeType
C047C5A9-C407-4A1E-AD7F-11D0861344B7,L2Sec Helper Class
C04D65CF-B70D-11D0-B188-00AA0038C969,Multi Language String
C08FEABD-F37C-3BDC-A5C1-443F66C5E2D4,Microsoft.SqlServer.Management.Smo.Restore
C0932C62-38E5-11D0-97AB-00C04FC2AD98,SQLOLEDB Error Lookup
C0A374B9-BAC2-40D4-8360-0CEC965DCC3A,ReportObjects Class
C0A4145B-E627-40E3-AECC-FD392DC9B959,XWizard Factory Generated Class
C0A63B86-4B21-11D3-BD95-D426EF2C7949,ComponentOne FlexGrid 7.1 (Light)
C0AA878E-97A5-44DF-B7EF-2E732F7B2FEC,TC IME7 Handwriting Applet
C0B35746-EBF5-11D8-BBE9-505054503030,PSFactoryBuffer
C0B3C446-3032-4016-926F-9BAE48BEBFBE,IMOfferRA Class
C0B4E2F3-BA21-4773-8DBA-335EC946EB8B,File Save Dialog
C0BC4B4A-A406-4EFC-932F-B8546B8100CC,UPnPServices Class
C0D4C1AF-3DC4-3AE2-9BF5-2B54060EE0D9,Microsoft.SqlServer.Replication.PublicationAccess
C0DCC3A6-BE26-4BAD-9833-61DFACE1A8DB,Network Center LUA
C0E13E61-0CC6-11D1-BBB6-0060978B2AE6,Data Driven Cleaner
C100BE9A-D33A-4A4B-BF23-BBEF4663D017,WCN Discovery Provider Class
C100BEA3-D33A-4A4B-BF23-BBEF4663D017,WCN Discovery Object
C100BEB7-D33A-4A4B-BF23-BBEF4663D017,WCN Autorun Handler
C100BEBB-D33A-4A4B-BF23-BBEF4663D017,WCN Elevation Helper
C10B4771-4DA0-11D2-A2F5-00C04F86FB7D,Winmgmt MOF Compiler
C120DE80-FDE4-49F5-A713-E902EF062B8A,MF MP3 Property Handler
C1243CA0-BF96-11CD-B579-08002B30BFEB,Plain Text filter
C1282A7B-9455-48DC-BBBB-46C2EB525AF5,WMPlayer VizResolutionPropPage Class
C13FD5BC-377A-33FB-9113-7F8A194D4F02,Microsoft.SqlServer.Management.Smo.AttachOptions
C15E6BF0-6351-4588-AC4F-EF7D5EC8C16E,WMPlayer LibraryPropPage Class
C15F253F-B77A-38A6-85DF-19640E3BCEAF,Microsoft.Office.Interop.Outlook.OlDisplayType
C169CC11-1EC1-4847-9C0D-D2F2D80D07CF,Microsoft WBEM Smart Object Marshaler
C181D26B-C32D-4D8F-9FD5-B3DA5D9BD18E,Microsoft.AnalysisServices.AnalysisState
C19FBD0E-7663-44EA-8265-74130671A1D6,OpenSearch Description Location Creator
C1ABB475-F198-39D5-BF8D-330BC7189661,System.Security.Cryptography.FromBase64Transform
C1C2D4BE-38A4-45D4-9ED8-D05E18A1EF9E,AdvancedReportSource Class
C1CA50FE-640E-4F22-8CEE-1875D312006D,CrystalDecisions.ReportAppServer.DataSetConversion.AdoNetDataSetWrapper
C1EE01F2-B3B6-4A6A-9DDD-E988C088EC82,CActiveIMMAppEx
C1F01C60-4ED4-34C6-B72B-D7A232B35657,Microsoft.AnalysisServices.AmoException
C1F400A0-3F08-11D3-9F0B-006008039E37,Sample Grabber
C1F400A4-3F08-11D3-9F0B-006008039E37,Null Renderer
C1F63D0C-4CAE-4907-BE74-EEB75D386ECB,PSFactoryBuffer
C20447FC-EC60-475E-813F-D2B0A6DECEFE,Extensible Eventing Service
C206F324-BB45-4765-93FF-3BCA7306FF2E,CommonLayoutDefinition
C20CE506-5DA9-4B9C-9662-D88BD30E10A1,PrinterQueueViewJobExtension Class
C20EC90E-FACD-4D6D-91B5-E085B72125D3,Crystal Favorites Normal File
C21355C1-3052-35E7-A919-1B233F578BF4,Microsoft.SqlServer.Replication.InitialSyncType
C21B45B8-5D76-4575-BA27-54823098C491,IE Microsoft Docking Bar Property Bag
C23FC28D-C55F-4720-8B32-91F73C2BD5D1,SpPhraseInfoBuilder Class
C255459A-9332-35F0-8EC7-70F065332C82,Microsoft.SqlServer.Management.Smo.IndexOperation
C2566514-DD44-4C6C-AAAD-FBD2F18D8DEE,Property Set Storage In Memory Object
C260BF5F-5B40-3C37-AF14-5B8753F6A3D2,Microsoft.AnalysisServices.MeasureGroupDimensionBinding
C2743A13-8F2C-31F8-89AF-0A42B233B480,Microsoft.SqlServer.Management.Smo.IndexEnableAction
C2796011-81BA-4148-8FCA-C6643245113F,Network Tray SSO
C27F6B1D-FE0B-45E4-9257-38799FA69BC8,UsbCeip
C282DDAD-08B1-494E-951F-D32B89024142,DXP Properties parser
C2953F8C-B5D4-4DC5-943F-BEB7C4EE9AC5,PropertyBag Class
C2B136E2-D50E-405C-8784-363C582BF43E,DeviceCenter Initialization
C2C0B7B6-76A1-40A3-9139-687504F3AC72,ExcelViewDocument Class
C2C4F00A-720E-4389-AEB9-E9C4B0D93C6F,InformationCardElementBehaviorFactory Class
C2D2C3A4-9A7E-11DA-8BF7-0007E95EAD8D,SBF File
C2E88C2F-6F5B-4AAA-894B-55C847AD3A2D,WindowsUpdateAgentInfo Class
C2E9B951-60F5-4230-B9BA-692B7C0E8D85,ParameterValueInfos Object
C2FBB630-2971-11D1-A18C-00C04FD75D13,Microsoft CopyTo Service
C2FBB631-2971-11D1-A18C-00C04FD75D13,Microsoft MoveTo Service
C2FEEEAC-CFCD-11D1-8B05-00600806D9B6,Wbem Scripting Last Error
C30ABD41-7B5A-3D10-A6EF-56862E2979B6,System.Runtime.Remoting.Messaging.OneWayAttribute
C3131F59-BBC8-4BEF-992D-0FC31F2B010F,FetchDirectoryItemChildrenRequest Class
C32218AD-BD69-35DE-AB4D-B518D0460ACB,Microsoft.SqlServer.Management.Nmo.Distributor
C3278E90-BEA7-11CD-B579-08002B30BFEB,Null filter
C330DE32-29C7-4CF2-9807-74BCB5486A37,Nap Client WMI Provider Class
C3701884-B39B-11D1-9D68-00C04FC30DF6,OleInstall Class
C37EBFA1-6E3A-411B-923B-4A6B37416F2F,Microsoft.VisualStudio.OfficeTools.Controls.VSTOContainerControl
C39E156D-F621-48CF-B0EE-9C47C430543B,Windows Media Player WMEncFileTransferSourcePropertyPage Class
C3BDF740-0B58-11D2-A484-00C04F8EFB69,CrBarn
C3C39131-B182-4801-B437-6D1E65B72F57,Shell User Accounts
C3E5D3D2-1A03-11CF-942D-008029004347,System Monitor General Properties
C3E5D3D3-1A03-11CF-942D-008029004347,System Monitor Graph Properties
C40235C4-776E-3409-A4C3-F9BE8D636B5C,Microsoft.SqlServer.Replication.AgentJobHistoryInfo
C4050BC4-29E1-4C8F-BF6E-6EBAD21E0673,HomeGroup Printer Monitor
C40D66A0-E90C-46C6-AA3B-473E38C72BF2,Folder Redirection Editor
C41D0B30-A518-3093-A18F-364AF9E71EB7,System.Runtime.Remoting.Metadata.W3cXsd2001.SoapNegativeInteger
C41FA05C-8A7A-3157-8166-4104BB4925BA,System.Security.Cryptography.CryptographicUnexpectedOperationException
C4217741-8301-421B-8998-13AE7E4CECEB,ReorderObjectRequest Class
C437AB2E-865B-321D-BA15-0C8EC4CA119B,System.Runtime.CompilerServices.NativeCppClassAttribute
C442A40A-EF2C-496E-AED9-24C865DF2738,Microsoft.AnalysisServices.PerspectiveDimension
C4457F51-993A-4B98-A19B-EC2B4F0DA087,AppLocker Configuration Tool
C447080C-D0C3-48AE-B31E-BB3E93591C69,WMEnc DV Timecode Reader
C45268A2-FA81-4E19-B1E3-72EDBD60AEDA,MSVidCtl Enhanced Video Renderer(DX10) Segment
C47195EC-CD7A-11D1-8EA3-00C04F9900D7,SysColorCtrl class
C47A41B7-B729-424F-9AF9-5CB3934F2DFA,WinSAT Query OEM Customization Object
C4934A0B-7D40-388F-9003-0C51BC8753FA,Microsoft.SqlServer.Replication.VerifyResolverSignatureOption
C498F2D9-A77C-3D4B-A1A5-12CC7B99115D,System.Runtime.Remoting.Metadata.W3cXsd2001.SoapNmtoken
C49E32C6-BC8B-11D2-85D4-00105A1F8304,Windows Management Instrumentation Backup and Recovery
C4BBEDB4-E9B9-4E41-8FE1-0786480A2173,CL2TPDiagHelper Object
C4BF2784-AE00-41BA-9828-9C953BD3C54A,MSVidCtl CC to Video Renderer Composition Segment
C4C4C481-0049-4E2B-98FB-9537F6CE516D,Encrypt
C4C4C482-0049-4E2B-98FB-9537F6CE516D,Decrypt
C4C4C483-0049-4E2B-98FB-9537F6CE516D,Properties
C4C4C491-0049-4E2B-98FB-9537F6CE516D,Tags
C4C4C492-0049-4E2B-98FB-9537F6CE516D,Tags
C4C4C493-0049-4E2B-98FB-9537F6CE516D,Tags
C4C4C4F1-0049-4E2B-98FB-9537F6CE516D,Encrypt/Tag
C4C4C4F2-0049-4E2B-98FB-9537F6CE516D,Decrypt/Tag
C4C4C4F3-0049-4E2B-98FB-9537F6CE516D,XDS Codec
C4CF3D5D-883E-475C-B654-166F2C0202B4,ExpressionValue Class
C4D2D8E0-D1DD-11CE-940F-008029004347,System Monitor Control
C4D6E899-E38A-4838-9188-0B98EE3175E6,ProgrammabilityManager Class
C4D77430-755D-4E19-A6E1-AA8CA5E0E7BC,TipTsfData Class
C4D81942-0607-11D2-A392-00E0291F3959,Big Switch
C4D81943-0607-11D2-A392-00E0291F3959,Smart Recompressor
C4D9E910-04D1-4C61-B1A5-012A2DE3E8ED,FpStats Class
C4EC38BD-4E9E-4B5E-935A-D1BFF237D980,Explorer Travel Band
C51B83E5-9EDD-4250-B45A-DA672EE3C70E,Restore Default Libraries Command
C523F39F-9C83-11D3-9094-00104BD0D535,AcrobatAccess Class
C529C7EF-A3AF-45F2-8A47-767B33AA5CC0,Network Diagnostics Framework
C52FF1FD-EB6C-42CF-9140-83DEFECA7E29,InkObjectXP Class
C531D9FD-9685-4028-8B68-6E1232079F1E,BDA Tuning Model DVB Cable Locator
C541E7F5-97D9-4059-B222-6F15DD109304,SpecifiedGroupOptions Class
C5433140-B108-3C04-A4B3-C82CD36DEE33,Microsoft.Office.Interop.Outlook.OlSortOrder
C5599E1B-FC7B-4883-9FF4-581BBAEF8DBA,Bluetooth FD Provider Proxy
C561816C-14D8-4090-830C-98D994B21C7B,MathInputControl Class
C5621364-87CC-4731-8947-929CAE75323E,PSFactoryBuffer
C5702CCC-9B79-11D3-B654-00C04F79498E,Input Devices Collection Class
C5702CCD-9B79-11D3-B654-00C04F79498E,Output Devices Collection Class
C5702CCE-9B79-11D3-B654-00C04F79498E,Video Renderers Collection Class
C5702CCF-9B79-11D3-B654-00C04F79498E,Audio Renderers Collection Class
C5702CD0-9B79-11D3-B654-00C04F79498E,Features Collection Class
C5702CD6-9B79-11D3-B654-00C04F79498E,Custom Composition Segment from Legacy Analog Tv Tuner Device Segment to Data Services Feature Segment
C57A6066-66A3-4D91-9EB9-41532179F0A5,AppSuggestedLocations
C57D4C9B-DD0E-4897-977F-9BDE61B19068,GroupOptions Class
C58BD103-E87F-4B78-A0FA-7A5C95970EE2,AudioRateConvert Class
C5A40261-CD64-4CCF-84CB-C394DA41D590,Video Thumbnail Extractor
C5B19592-145E-11D3-9F04-006008039E37,DxtKey Class
C5C5C5F0-3ABC-11D6-B25B-00C04FA0C026,XDSToRat Class
C5C5C5F1-3ABC-11D6-B25B-00C04FA0C026,EvalRat Class
C5C903FF-25E4-3C1F-A03D-94DB509CE944,Microsoft.SqlServer.Replication.DistributionDatabase
C5EFD803-50F8-43CD-9AB8-AAFC1394C9E0,IE OpenService Activity Manager
C605507B-9613-4756-9C07-E0D74321CB1E,CLSID_HomeGroupCtrl
C6170826-F218-46A8-9D91-5871F503D8AB,ReportAppSession Class
C624BA95-FBCB-4409-8C03-8CCEEC533EF1,UPnPService Class
C62A69F0-16DC-11CE-9E98-00AA00574A4F,Microsoft Forms 2.0 Form
C62F7AAE-1E84-3F76-A77B-1CD9932682BD,Microsoft.SqlServer.Management.Smo.ServerPermissionInfo
C63382BE-7933-48D0-9AC8-85FB46BE2FDD,Default Folder Menu
C6365470-F667-11D1-9067-00C04FD9189D,Gradient DXSurface
C63D3D85-D38D-4832-AD93-35FAE8997AD5,DevExpress.Xpo.Design.AddXPOClassWizardVB
C647B5C0-157C-11D0-BD23-00A0C911CE86,AVI mux Property Page
C64B9B66-E53D-4C56-B9AE-FEDE4EE95DB1,Condition History Class
C666E115-BB62-4027-A113-82D643FE2D99,MPEG-2 Sections and Tables
C68411EA-1396-48F3-AF98-B7F657E35C20,Autoplay Device Handler
C6A66F01-5791-11D6-A9BE-0001023E685F,Coverage Document
C6B14B32-76AA-4A86-A7AC-5C79AAF58DA7,BDA Tuning Model DVB Tuning Space
C6B400E2-20A7-4E58-A2FE-24619682CE6C,Microsoft AC3 Encoder
C6CC0D21-895D-49CC-98F1-D208CD71E047,Internet Explorer Settings Broker
C6CC49B0-CE17-11D0-8833-00A0C903B83C,CertGetConfig Class
C6E13343-30AC-11D0-A18C-00A0C9118956,IAMVideoCompression
C6E13344-30AC-11D0-A18C-00A0C9118956,IAMDroppedFrames
C6E13350-30AC-11D0-A18C-00A0C9118956,IAMAnalogVideoDecoder
C6E13360-30AC-11D0-A18C-00A0C9118956,IAMVideoProcAmp
C6E13370-30AC-11D0-A18C-00A0C9118956,IAMCameraControl
C6E2F586-DB91-4B1F-B6FC-EFD81498CFF6,Microsoft.AnalysisServices.CellPermission
C707F6A6-A1F3-45D7-99AA-A2B9491E84AD,CLSID_PublicationServices
C70EB77F-EFD4-4678-A27B-BF1648F30D04,DirectMusic Script Source Code Loader
C71566F2-561E-11D1-AD87-00C04FD8FDFF,Microsoft WBEM Universal Refresher
C72163C5-752F-4E81-B527-8853E56E1A9E,CrystalGridControl Class
C72BE2EC-8E90-452C-B29A-AB8FF1C071FC,FunctionDiscovery Class
C73F6F30-97A0-4AD1-A08F-540D4E9BC7B9,CLSID_AutoListPropertyStore
C747044A-9D00-4588-B922-2C33E50A7826,Microsoft.AnalysisServices.KeyErrorAction
C7657C4A-9F68-40FA-A4DF-96BC08EB3551,Photo Thumbnail Provider
C76B435D-86C2-30FD-9329-E2603246095C,System.Runtime.Remoting.Metadata.SoapParameterAttribute
C78A4622-A033-4DAB-94E8-43DE54B461F4,RecoveryTasks Class
C795D2FE-7776-11D8-9070-00065B840D9C,Microsoft DDS 80
C79A574C-63BE-44B9-801F-283F87F898BE,SpWaveFormatEx Class
C79D1575-B8C6-4862-A284-788836518B97,Windows Display Settings
C7B6C04A-CBB5-11D0-BB4C-00C04FC2F410,IndexServer Simple Command Creator
C7B9C313-2FD4-4384-8571-7ABC08BD17E5,Microsoft.JScript.COMMethodInfo
C7CA6167-2F46-4C4C-98B2-C92591368971,New Library Menu Handler
C8059EB6-D2FC-4ECF-A15F-AF427F5E4DB6,Feeds Background Sync
C8126C91-11D3-3EDD-B925-90E1C1616E52,Microsoft.AnalysisServices.DataSourceIsolation
C812D6AF-9548-3802-9A93-EAD93736BB5E,Microsoft.SqlServer.Management.UI.MultiExceptionMessageBox
C827F149-55C1-4D28-935E-57E47CAED973,Shell Web Wizard Host Object
C8764A3F-9443-3075-88C2-E07E968525D2,Microsoft.AnalysisServices.UnknownMemberBehavior
C8805E72-CFC2-48E8-9619-FE7D6446D9CB,Microsoft.VisualStudio.TestTools.TestProjectWizards.TestProjectWizard
C89AC250-E18A-4FC7-ABD5-B8897B6A78A5,System.EnterpriseServices.RegistrationHelperTx
C89E334C-E65F-4156-842E-EA89CEC71DEA,WFP and IPsec Helper Class
C8B522CB-5CF3-11CE-ADE5-00AA0044773D,MSDASQL
C8B522CC-5CF3-11CE-ADE5-00AA0044773D,MSDASQL ErrorLookup
C8B522CD-5CF3-11CE-ADE5-00AA0044773D,MSDASQL Enumerator
C8B522CF-5CF3-11CE-ADE5-00AA0044773D,Microsoft OLE DB Error Collection Service
C8B522D0-5CF3-11CE-ADE5-00AA0044773D,Microsoft OLE DB Root Enumerator
C8B522D1-5CF3-11CE-ADE5-00AA0044773D,Microsoft OLE DB Data Conversion Library
C8BF8EE0-28C3-35A7-879E-EA9CEEE4D6A3,Microsoft.AnalysisServices.GroupingBehavior
C8C97725-C948-4720-BF0F-E3C2273BFB7D,Library Initialization Handler
C8D67948-7572-4F46-914F-9299797F81D3,SectionAreaFormatConditionFormulas Class
C8E18F00-94A5-45BF-950D-1C0823DD878E,ChangeReportObjectBoundsRequest Class
C8E6F269-B90A-4053-A3BE-499AFCEC98C4,User Account Control Check Provider
C90250F3-4D7D-4991-9B69-A5C5BC1C2AE6,PSFactoryBuffer
C917995A-68E3-3A0F-8021-F1AD4AFC090C,Microsoft.SqlServer.Replication.NetworkType
C91EBB50-0ADF-30B6-A437-702FB34F6781,Microsoft.Office.Interop.Outlook.OlTaskStatus
C9298EEF-69DD-4CDD-B153-BDBC38486781,State of verb Empty Recycle Bin
C947D50F-378E-4FF6-8835-FCB50305244D,SyncInfrastructure Class
C96401CC-0E17-11D3-885B-00C04F72C717,Folder
C96401CF-0E17-11D3-885B-00C04F72C717,OCX
C96401D1-0E17-11D3-885B-00C04F72C717,HTML
C9732BF6-C000-3AB2-9078-3AAC1FE529AC,Microsoft.Office.Interop.Outlook.OlMailingAddress
C9B39F76-A988-367A-961F-2C2C5F36C611,Microsoft.SqlServer.Management.Smo.SqlDataType
C9BC92DF-5B9A-11D1-8F00-00C04FC2C17B,ComponentDataImpl Class
C9D41CFF-8E6F-4B56-8ECE-954822852B48,Microsoft.AnalysisServices.RelationshipType
C9D849E0-FBF6-4C26-B1EC-B5D5B4E3F29D,Microsoft MPEG-2 Audio Encoder Property Page
C9E37C15-DF92-4727-85D6-72E5EEB6995A,SpUncompressedLexicon Class
C9EDD55C-EBFE-391E-9B6A-42C9D04AE474,Microsoft.SqlServer.Management.Smo.LinkedServerLogin
C9F0A842-3CE1-338F-A1D4-6D7BB397BDAA,System.Runtime.Remoting.Metadata.W3cXsd2001.SoapDay
C9F5FE02-F851-4EB5-99EE-AD602AF1E619,StreamBufferSource
C9F61CBD-287F-3D24-9FEB-2C3F347CF570,System.RankException
CA0AC604-8EF2-448A-AE97-62A2C2CC3C46,SpDMOAudioIn Class
CA0F511A-FAF2-4942-B9A8-17D5E46514E8,Microsoft.JScript.COMFieldInfo
CA22F5B1-E06F-4A2B-94FC-21E87FE53781,GameUpdateTask Class
CA2AF3B4-C15E-412B-B453-557746675FB7,WmiPerf Instance Provider
CA34FE0A-5722-43AD-AF23-05F7650257DD,ADPCM ACM Wrapper MFT
CA3590F3-F5D4-4FE6-AC10-71E18300A5DB,Microsoft Visual Studio for Application Design Time Engine Director
CA35CB3D-0357-11D3-8729-00C04F79ED0D,Microsoft.IE.Manager
CA3FDCA2-BFBE-4EED-90D7-0CAEF0A1BDA1,PSFactoryBuffer
CA4FC24B-C65C-11D1-AA6F-000000000000,Dart Tcp Control
CA554A15-4410-45C9-B5C1-20DE052D9CD3,VsApartmentLoader Class
CA805B13-468C-3A22-BF9A-818E97EFA6B7,System.Runtime.InteropServices.SEHException
CA81B096-1D6F-4635-956E-F08C0B2EC342,Windows Media Player WMEncImageSource Class
CA8A9780-280D-11CF-A24D-444553540000,Adobe PDF Reader
CA9AFCC0-C5E9-3BEE-B58D-EEEF7B9ADB09,Microsoft.Office.Interop.Access.AcImeMode
CA9F8727-31DF-41D2-975C-887D84903967,SqlcmSnapin Class
CAA817CC-0C04-4D22-A05C-2B7E162F4E8F,System.EnterpriseServices.Internal.SoapServerVRoot
CAAFDD83-CEFC-4E3D-BA03-175F17A24F91,Stream Buffer Recording Control Object
CAB8523F-473C-317C-B70F-15C36CE63133,Microsoft.SqlServer.Replication.ArticleConflict
CAE80521-F685-11D1-AF32-00C04FA31B90,CLSID_OENote
CAEC7D4F-0B02-3579-943F-821738EE78CC,System.Runtime.Remoting.Metadata.W3cXsd2001.SoapMonth
CB0FC8E5-686A-478B-A252-FDECF8E167B7,scanprofilemgr class
CB0FD847-E935-39F4-B10E-3039EB02742D,Microsoft.SqlServer.Management.Smo.TerminationClause
CB1DFE3A-EDFF-4D1F-867D-8ADB02926F4B,OpenSearch Description Create Search Connector Verb Handler
CB25220C-76C7-4FEE-842B-F3383CD022BC,EnhancedStorageSilo Class
CB295954-22BF-4446-B173-4B3FC0930737,Microsoft.AnalysisServices.AggregationDesignDimension
CB2F6723-AB3A-11D2-9C40-00C04FA30A3E,Microsoft Common Language Runtime Meta Data
CB39A782-E5E4-11D1-8CC0-00C04FC3261D,RegDBCompensator Class
CB445657-116F-11D8-941D-00065B83EE53,PSFactoryBuffer
CB46E850-FC2F-11D2-B126-00805FC73204,PSFactoryBuffer
CB6E2B90-25FA-4F08-B46C-696F5A2B6CA5,SppWmiTokenActivationSigner
CB79EB21-EEA3-3E28-AE6F-939E553943B0,Microsoft.Office.Interop.Access.AcCommand
CB8555CC-9128-11D1-AD9B-00C04FD8FDFF,WbemAdministrativeLocator Class
CBA9E78B-49A3-49EA-93D4-6BCBA8C4DE07,Mpeg43 Decoder DMO
CBD30858-AF45-11D2-B6D6-00C04FBBDE6E,TV: Pluggable Protocol
CBEAA915-4D2C-3F77-98E8-A258B0FD3CEF,System.ContextMarshalException
CBFBF434-9927-458A-B177-7D20F83E486F,Workflow Expression Evaluator Class
CC1101F2-79DC-11D2-8CE6-00A0C9441E20,MediaLocator Class
CC19079B-8272-4D73-BB70-CDB533527B61,HNetCfg.FwProducts
CC20C6DF-A054-3F09-A5F5-A3B5A25F4CE6,System.DuplicateWaitObjectException
CC23F537-18D4-4ECE-93BD-207A84726979,MSVidCtl FilePlayback to Audio Renderer Composition Segment
CC48A47F-EFD6-4925-A515-28C40C5A78B6,MSASR Locale Handler Class (1041)
CC55EE92-FE67-43C9-95E7-E646918A4A04,Enhanced Storage Command Handler
CC58E280-8AA1-11D1-B3F1-00AA003761C5,Smart Tee Filter
CC58E281-8AA1-11D1-B3F1-00AA003761C5,DirectX Transform Wrapper
CC5BBEC3-DB4A-4BED-828D-08D78EE3E1ED,JScript Compact Profile (ECMA 327)
CC6EEFFB-43F6-46C5-9619-51D571967F7D,Web Publishing Wizard
CC77F5F3-222D-3586-88C3-410477A3B65D,System.NonSerializedAttribute
CC785860-B2CA-11CE-8D2B-0000E202599C,MPEG Audio Decoder Property Page
CC7BFB42-F175-11D1-A392-00E0291F3959,Video Effect (1 input) Class Manager
CC7BFB43-F175-11D1-A392-00E0291F3959,Video Effect (2 input) Class Manager
CC829A2F-3365-463F-AF13-81DBB6F3A555,BDA Tuning Model Channel ID Tuning Space
CC9072AB-C000-49D8-A5AA-00266C8DBB9B,Microsoft WBEM _IWbemEnumMarshaling Enumerator Helper
CCA22CF4-59FE-11D1-BBFF-00C04FB97FDA,Thai_Default Word Breaker Resources
CCAA63AC-1057-4778-AE92-1206AB9ACEE6,StreamBufferRecordingAttributes
CCB1D8CB-D39F-41C9-B793-0196214BDC4E,IMECFM
CCB4EC60-B9DC-11D1-AC80-00A0C9034873,PDPO Class
CCF306AE-33BD-3003-9CCE-DAF5BEFEF611,System.OutOfMemoryException
CCF8E609-21C8-3A83-81F8-A622991E7577,Microsoft.SqlServer.Replication.MergeSessionStatus
CD000001-8B95-11D1-82DB-00C04FB1625D,CDOMessage Class
CD000002-8B95-11D1-82DB-00C04FB1625D,CDOConfiguration Class
CD000004-8B95-11D1-82DB-00C04FB1625D,CDO DropDirectory class
CD000005-8B95-11D1-82DB-00C04FB1625D,SMTP OnArrival Script Host Sink Class
CD000006-8B95-11D1-82DB-00C04FB1625D,NNTP OnPost Script Host Sink Class
CD000007-8B95-11D1-82DB-00C04FB1625D,NNTP OnPostFinal Script Host Sink Class
CD000008-8B95-11D1-82DB-00C04FB1625D,SMTPConnector Class
CD000009-8B95-11D1-82DB-00C04FB1625D,NNTPPostConnector Class
CD000010-8B95-11D1-82DB-00C04FB1625D,NNTPFinalConnector Class
CD000011-8B95-11D1-82DB-00C04FB1625D,NNTPEarlyConnector Class
CD000012-8B95-11D1-82DB-00C04FB1625D,NNTP OnPostEarly Script Host Sink Class
CD12A3CE-9C42-11D2-BEED-0060082F2054,ClientNetManager Class
CD184336-9128-11D1-AD9B-00C04FD8FDFF,WbemAuthenticatedLocator Class
CD1ABFC8-6C5E-4A8D-B90B-2A3B153B886D,Microsoft WBEM _IWbemConfigureRefreshingSvc Configure Refreshing Services Factory
CD3AA379-93F4-421B-9802-AEAB68B06771,RdpVideoSink Class
CD3AFA70-B84F-48F0-9393-7EDC34128127,APPLICATION__X_MPLAYER2 Moniker Class
CD3AFA71-B84F-48F0-9393-7EDC34128127,APPLICATION__X_MS_WMZ Moniker Class
CD3AFA72-B84F-48F0-9393-7EDC34128127,AUDIO__AIFF Moniker Class
CD3AFA73-B84F-48F0-9393-7EDC34128127,AUDIO__BASIC Moniker Class
CD3AFA74-B84F-48F0-9393-7EDC34128127,AUDIO__MID Moniker Class
CD3AFA76-B84F-48F0-9393-7EDC34128127,AUDIO__MP3 Moniker Class
CD3AFA77-B84F-48F0-9393-7EDC34128127,AUDIO__MPEG Moniker Class
CD3AFA78-B84F-48F0-9393-7EDC34128127,AUDIO__MPEGURL Moniker Class
CD3AFA7A-B84F-48F0-9393-7EDC34128127,AUDIO__SCPLS Moniker Class
CD3AFA7B-B84F-48F0-9393-7EDC34128127,AUDIO__WAV Moniker Class
CD3AFA7C-B84F-48F0-9393-7EDC34128127,AUDIO__MP4 Moniker Class
CD3AFA7D-B84F-48F0-9393-7EDC34128127,AUDIO__VND_DLNA_ADTS Moniker Class
CD3AFA83-B84F-48F0-9393-7EDC34128127,AUDIO__X_MS_WAX Moniker Class
CD3AFA84-B84F-48F0-9393-7EDC34128127,AUDIO__X_MS_WMA Moniker Class
CD3AFA88-B84F-48F0-9393-7EDC34128127,VIDEO__AVI Moniker Class
CD3AFA89-B84F-48F0-9393-7EDC34128127,VIDEO__MPEG Moniker Class
CD3AFA8F-B84F-48F0-9393-7EDC34128127,VIDEO__X_MS_ASF Moniker Class
CD3AFA90-B84F-48F0-9393-7EDC34128127,VIDEO__X_MS_ASF_PLUGIN Moniker Class
CD3AFA92-B84F-48F0-9393-7EDC34128127,VIDEO__X_MS_WM Moniker Class
CD3AFA93-B84F-48F0-9393-7EDC34128127,VIDEO__X_MS_WMX Moniker Class
CD3AFA94-B84F-48F0-9393-7EDC34128127,VIDEO__X_MS_WMV Moniker Class
CD3AFA95-B84F-48F0-9393-7EDC34128127,VIDEO__X_MS_WVX Moniker Class
CD3AFA96-B84F-48F0-9393-7EDC34128127,APPLICATION__X_WMPLAYER Moniker Class
CD3AFA97-B84F-48F0-9393-7EDC34128127,AUDIO__3GPP Moniker Class
CD3AFA98-B84F-48F0-9393-7EDC34128127,AUDIO__3GPP2 Moniker Class
CD3AFA99-B84F-48F0-9393-7EDC34128127,VIDEO__MP4 Moniker Class
CD3AFA9A-B84F-48F0-9393-7EDC34128127,VIDEO__QUICKTIME Moniker Class
CD3AFA9B-B84F-48F0-9393-7EDC34128127,AUDIO__VND_MPEG_TTS Moniker Class
CD6C7868-5864-11D0-ABF0-0020AF6B0B7A,CTreeView Control
CD773740-B187-4974-A1D5-E0FF91372277,CrossProcessClientOutput Class
CD8534F7-B1CE-4A6B-B7CD-AA4AE578A20A,LicensingStatusData Class
CD8743A1-3736-11D0-9E69-00C04FD7C15B,Overlay Mixer
CDA42200-BD88-11D0-BD4E-00A0C911CE86,Filter Mapper2
CDA8ACB0-8CF5-4F6C-9BA2-5931D40C8CAE,FaxServer Class
CDBD8D00-C193-11D0-BD4E-00A0C911CE86,CMediaPropertyBag
CDBEC9C0-7A68-11D1-88F9-0080C7D771BF,Event Class
CDC32574-7521-4124-90C3-8D5605A34933,Windows Media Player Burn Audio CD Handler
CDC70043-D56B-3799-B7BD-6113BBCA160A,System.MissingMemberException
CDC82860-468D-4D4E-B7E7-C298FF23AB2C,ShellItemArray Shell Namespace helper
CDFA7117-B2A4-3A3F-B393-BC19D44F9749,System.Runtime.Remoting.Metadata.W3cXsd2001.SoapAnyUri
CE0B0428-208C-4405-971F-75EF2AF51C00,Microsoft.VSWizards.Deploy.SetupWizard_9_0
CE18D836-AAFD-32DD-A9FC-6AB5BAF4CF5C,Microsoft.SqlServer.Management.Smo.ForeignKeyColumn
CE292861-FC88-11D0-9E69-00C04FD7C15B,VideoPort Object
CE32ABF6-475D-41F6-BF82-D27F03E3D38B,HashedData Class
CE39D6F3-DAB7-41B3-9F7D-BD1CC4E92399,WCF/COM+ Integration Service Moniker
CE3D376A-D012-42C7-A963-5FFCDF9CD285,Microsoft Visual Web Developer 12.0 ActiveX Param Tags Property Page
CE510457-55EC-4F86-91BE-323BC91AC34F,Shell User Domain Enumeration Object
CE69CC1E-1EC0-4847-9C0D-D2F2D80D07CF,Microsoft WBEM Message Service
CE6C93D5-A42D-426A-BF28-BA036318C825,ReportInfo Class
CE8C2323-1A48-3B83-B84F-DED76648CA02,Microsoft.Office.Interop.Access.AcDataTransferType
CECBC0EE-78D9-41E6-BCF1-BC222BB224BA,TrueCrypt class
CEDC01C7-59FE-11D1-BBFF-00C04FB97FDA,Thai_Default Stemmer Resources
CEE6D356-C785-4266-8F20-72470E32CAC7,Microsoft.AnalysisServices.RefreshType
CEEE3B62-8F56-4056-869B-EF16917E3EFC,"Microsoft IMAPI v2, .ISO Image Manager utility"
CEEFEA1B-3E29-4EF1-B34C-FEC79C4F70AF,New Shortcut Wizard
CEFF45EE-C862-41DE-AEE2-A022C81EDA92,CLSID_SeparateSingleProcessExplorerHost
CF0F2F7C-F7BF-11D0-900D-00C04FD9189D,MtStream Class
CF154B3F-E9CF-3DCC-AAFE-545F236C468D,RedGate.Profiler.Engine.ServiceApplicationDefinition
CF1BF3B6-7AD0-4410-996B-C78EAFCD3269,Windows Markup File
CF2CF428-325B-48D3-8CA8-7633E36E5A32,AD RMS Rights Policy Template Management (Automated) Task Handler
CF3D2E50-53F2-11D2-960C-00C04F8EE628,SpMMAudioIn Class
CF49D4E0-1115-11CE-B03A-0020AF0BA770,AVI Decompressor
CF4CC405-E2C5-4DDD-B3CE-5E7582D8C9FA,WbemDefaultPathParser
CF67796C-F57F-45F8-92FB-AD698826C602,.contact shell context menu
CF8F7FCF-94FE-3516-90E9-C103156DD2D5,System.Runtime.Serialization.Formatters.InternalRM
CF948561-EDE8-11CE-941E-008029004347,System Monitor Data Properties
CFB16474-0A2E-48DC-88CE-8C0ADB7E5E46,Windows Media Player Device Options Property Page
CFBFAE00-17A6-11D0-99CB-00C04FD64497,Microsoft Url Search Hook
CFC399AF-D876-11D0-9C10-00C04FC99C8E,Msxml
CFC3A3C2-1C5F-4731-900E-22035E539FCD,Lightweight XMLProvider Replication Component
CFC3E395-C99B-4F96-A491-1046DF7DF760,vbAccelerator Grid Control
CFCCC7A0-A282-11D1-9082-006008059382,Darwin App Publisher
CFF49D53-EE51-49F2-A807-7E3DF4EA36E3,WSecEdit Local Security Settings Class
CFF9990B-6414-43F1-A526-14EA5EEAFBDA,Library Share Engine
D020E2EA-780D-4FF1-9EDC-26F163FDEA48,FontColorConditionFormulas Class
D02A75A0-0644-3A0C-AFDB-5CC2709BC1F1,Microsoft.SqlServer.Replication.HeterogeneousTable
D02AAC50-027E-11D3-9D8E-00C04F72D980,Collection of all the available BDA Tuning Model Tuning Space objects on this system
D02B1F72-3407-48AE-BA88-E8213C6761F1,Administrative Templates (Computers)
D02B1F73-3407-48AE-BA88-E8213C6761F1,Administrative Templates (Users)
D032FDC6-3736-4AF0-BE08-6F6E52979BBD,New Network category Status Page
D049DC2B-82C3-3350-A1CC-BF69FEE3825E,System.Runtime.Remoting.Metadata.W3cXsd2001.SoapTime
D04D550D-1EA8-4E37-830E-700FEA447688,ProgramPublisher
D0565000-9DF4-11D1-A281-00C04FCA0AA7,EventSystem.EventObjectChange
D08C7CC6-6773-4D6F-8A01-549728842256,CellModeller Class 10.5
D090A6FE-AB5D-3B83-B1B3-2A120B090ED9,Microsoft.Office.Interop.Access.AcCurrentView
D092388E-6D29-43C9-8C74-B49CA5785474,Microsoft Visual Web Developer 12.0 Editor
D0DBB315-0577-499A-A320-468C4A5E04F5,ModifyResultFieldRequest Class
D0E55F9F-0021-42FE-A1DB-C41F5B564EFE,RASMapi Class
D1153582-5FE5-420C-9604-C6C958D1F4FA,Crystal Decisions DTS Options 10.5
D13B741D-051F-322F-93AA-1367A3C8AAFB,System.Runtime.Remoting.Metadata.W3cXsd2001.SoapNcName
D13E3F25-1688-45A0-9743-759EB35CDF9A,AcquisitionManager Class
D14E3180-11FD-11CE-B841-00AA004CD6D8,Microsoft Forms 2.1 Picture
D160F4B9-FF05-3265-BB30-F130D36603CF,Microsoft.Office.Interop.Outlook.OlRecurrenceState
D16151A9-8206-425C-8431-089CE0BFAEA9,RowsetMetaData Class
D1621129-45C4-41AD-A1D1-AF7EAFABEEDC,WIA Default UI
D1698320-77BD-4776-96FD-C3C8D71E57E2,SkinLabel 4.3 Control
D169C14A-5148-4322-92C8-754FC9D018D8,rtf persistent handler for mapi email
D16B87DE-029E-4C85-92C8-ED8BBC5E882C,Microsoft Embedded Search Gatherer Inline Notification
D17D1D6D-CC3F-4815-8FE3-607E7D5D10B3,Text to Speech Control Panel
D194B2A9-EDC8-3D3A-9983-CFDB73DBCA88,Microsoft.SqlServer.Management.Smo.TransactionTypes
D19A00C4-A7F9-4E14-A5E1-D060B7EB57F3,VCProjectEngine Class
D1C5A1E7-CC47-4E32-BDD2-4B3C5FC50AF5,Slide
D1E5C5AF-21FB-11D9-ADCD-00065B840D9C,Microsoft DDSform 80 2.1 Font
D1EB6D20-8923-11D0-9D97-00A0C90A43CB,DirectPlay Object
D1FE6762-FC48-11D0-883A-3C8B00C10000,DXTransformFactory Class
D21037CF-A424-3F40-A5E3-4BC803C7E9A8,Microsoft.SqlServer.Management.Nmo.ProtocolDefinition
D215781D-019E-4FA0-903D-0CDCDE13A4F5,Winmgmt MOF Compiler OOP
D23B90D0-144F-46BD-841D-59E4EB19DC59,WMVideo9 Encoder DMO
D23D2F41-1D69-3E03-A275-32AE381223AC,System.Runtime.Serialization.FormatterConverter
D2423620-51A0-11D2-9CAF-0060B0EC3D39,XML Parser
D243B905-F69F-3035-BF95-42C3F72DF6A1,Microsoft.AnalysisServices.ProactiveCachingAggregationStorage
D245D11D-C3DD-4D75-9AF0-C90DB5094BCB,Microsoft.AnalysisServices.CubeDimension
D2543232-5D71-3A46-BDBA-9CCB3DFAB09D,Microsoft.SqlServer.Management.Smo.Certificate
D2548BF2-801A-36AF-8800-1F11FBF54361,System.Security.Cryptography.MD5CryptoServiceProvider
D269BF5C-D9C1-11D3-B38F-00105A1F473A,WBEM Scripting Refresher
D26AA4A5-92AD-48DB-8D59-95EF0DCE6939,CMigrationPlugin Object
D26C7A0A-83A0-48D3-9174-529DB999B4A4,PSFactoryBuffer
D272330E-5A4C-4F59-B311-C3A9F80DFD5C,VsmIDE.DTE
D27CDB6E-AE6D-11CF-96B8-444553540000,Shockwave Flash Object
D27CDB70-AE6D-11CF-96B8-444553540000,Macromedia Flash Factory Object
D28787CF-B448-4F71-86ED-6395AAD45E32,PacketSink Class
D2AC2881-B39B-11D1-8704-00600893B1BD,DirectMusicPerformance
D2AC2882-B39B-11D1-8704-00600893B1BD,DirectMusicSegment
D2AC2883-B39B-11D1-8704-00600893B1BD,DirectMusicSegmentState
D2AC2884-B39B-11D1-8704-00600893B1BD,DirectMusicGraph
D2AC2885-B39B-11D1-8704-00600893B1BD,DirectMusicTempoTrack
D2AC2886-B39B-11D1-8704-00600893B1BD,DirectMusicSeqTrack
D2AC2887-B39B-11D1-8704-00600893B1BD,DirectMusicSysExTrack
D2AC2888-B39B-11D1-8704-00600893B1BD,DirectMusicTimeSigTrack
D2AC288A-B39B-11D1-8704-00600893B1BD,DirectMusicStyle
D2AC288B-B39B-11D1-8704-00600893B1BD,DirectMusicChordTrack
D2AC288C-B39B-11D1-8704-00600893B1BD,DirectMusicCommandTrack
D2AC288D-B39B-11D1-8704-00600893B1BD,DirectMusicStyleTrack
D2AC288E-B39B-11D1-8704-00600893B1BD,DirectMusicMotifTrack
D2AC288F-B39B-11D1-8704-00600893B1BD,DirectMusicChordMap
D2AC2890-B39B-11D1-8704-00600893B1BD,DirectMusicComposer
D2AC2892-B39B-11D1-8704-00600893B1BD,DirectMusicLoader
D2AC2894-B39B-11D1-8704-00600893B1BD,DirectMusicBandTrack
D2AC2896-B39B-11D1-8704-00600893B1BD,DirectMusicChordMapTrack
D2AC2897-B39B-11D1-8704-00600893B1BD,DirectMusicAuditionTrack
D2AC2898-B39B-11D1-8704-00600893B1BD,DirectMusicMuteTrack
D2C13906-51EF-454E-BC67-A52475FF074C,SpW3CGrammarCompiler Class
D2C8A9D8-1258-309C-A131-A14166A127FB,Microsoft.SqlServer.Replication.SubscriptionBackupInformation
D2D139E3-B6CA-11D1-9F31-00C04FC29D52,Replica Class
D2D79DF5-3400-11D0-B40B-00AA005FF586,IVolumeClient_PSFactory
D2D79DF7-3400-11D0-B40B-00AA005FF586,IDMNotify_PSFactory
D2E0FE7F-D23E-48E1-93C0-6FA8CC346474,UpdateInstaller Class
D2E7041B-2927-42FB-8E9F-7CE93B6DC937,ColorDataProxy
D2E86C4F-EA06-4A89-BF00-B49706DB46E6,DDO Resource Info
D2EA46A7-C2BF-426B-AF24-E19C44456399,Microsoft RDP Client Control - version 7
D2EAA715-DAC7-4771-AF5C-931611A1853C,WmiSinkDemultiplexor Class
D2ED260C-38F1-4ABE-8B2B-D4A088C54416,PSFactoryBuffer
D30236AB-E4EB-4AD4-A910-1B3EF625EF4E,CrystalDecisions.VSDesigner.CodeGen.ReportCodeGenerator
D3059912-22B5-3147-A780-C54329699225,Microsoft.SqlServer.Management.Smo.Mail.MailAccount
D3069A1E-151A-4BD0-A49E-9278F826D9E9,IndentAndSpacingFormat Class
D30BCC65-60E8-11D1-A7CE-00A0C913F73C,DirectMusicTemplate
D34A6CA6-62C2-4C34-8A7C-14709C1AD938,Common Places FS Folder
D34BD150-6D84-443E-83EE-04C7682377E4,Unsecured Net Connect Control Class
D3588AB0-0781-11CE-B03A-0020AF0BA770,AVI/WAV File Source
D3667F1E-CCB8-4A69-99DF-59A2B2A6753F,Windows SideShow Device Configuration Helper
D36D2090-4DF3-4BD4-A22F-0D91975F7964,SpMSSemanticInterpretation Class
D38406DA-E8AA-484B-B80D-3D3DBDCC2FB2,PDFShellInfo2 Class
D39E7BDD-7D05-46B8-8721-80CF035F57D7,CivicAddress Report Class
D3C86D56-03A1-42D5-AF4C-1B612BE90448,CLSID_TryHarderItemFactory
D3DCB472-7261-43CE-924B-0704BD730D5F,WS Discovery Provider Class
D3E34B21-9D75-101A-8C3D-00AA001A1652,Paintbrush Picture
D40439C3-E7F5-3595-885E-170DDEFEF5D0,Microsoft.SqlServer.Replication.ReplicationMonitor
D4161E90-ACA2-33FB-AE6F-6712CB20C555,Microsoft.SqlServer.Replication.QueueOption
D41969A6-C394-34B9-BD24-DD408F39F261,System.Resources.MissingSatelliteAssemblyException
D4205C71-95FB-3804-8C0F-E924EAA07533,Microsoft.SqlServer.Management.Smo.ExecutionStatus
D423B8F9-AD32-3D54-98D9-215D08891480,dao.RelationAttributeEnum
D42D5E20-42CF-4D5B-AD48-08AC68793304,Microsoft.AnalysisServices.CellPermissionAccess
D4480A50-BA28-11D1-8E75-00C04FA31A86,Add Network Place
D450A8A1-9568-45C7-9C0E-B4F9FB4537BD,Installed Updates
D4588135-793D-4407-BAA9-A8A489242A64,PSFactoryBuffer
D4BAE5EB-A5B5-3728-BC2F-109EB8218EB2,Microsoft.Office.Interop.Outlook.OlTaskResponse
D4D8DE94-B9E5-34A5-A886-ECE7F6AEDB3E,Microsoft.SqlServer.Management.Smo.WrongPropertyValueException
D4EFF9CD-16DE-446E-83C5-9537543CF4A1,Set User Defaults Control Panel
D4F01ADA-979C-491E-BAC3-CD3C0E7BCF82,Online Id Filter
D4F4D30B-0B29-4508-8922-0C5797D42765,WIA Default Segmentation Filter
D4F557AA-0D9B-30A6-82C1-3AEEAEF01FD1,Microsoft.SqlServer.Management.Smo.FullTextCatalog
D5057FA3-045C-413B-A2F5-9C785BA55303,Microsoft.AnalysisServices.StorageMode
D51BD5A1-7548-11CF-A520-0080C77EF58A,Wave Parser
D51BD5A2-7548-11CF-A520-0080C77EF58A,MIDI Parser
D51BD5A3-7548-11CF-A520-0080C77EF58A,Multi-file Parser
D51BD5A5-7548-11CF-A520-0080C77EF58A,File stream renderer
D524927D-6C08-46BF-86AF-391534D779D3,Internet Explorer Maintenance - RSoP
D54EEE56-AAAB-11D0-9E1D-00A0C922E6EC,Microsoft InfoTech IStorage for Win32 Files
D5687DB4-6FFF-384C-AA02-780A801B0905,Microsoft.SqlServer.Management.UI.OperationStatus
D5753BBB-C5A8-4F50-9D81-210BAB0C5FB6,Mpeg-2 Stats
D58960BA-2EF3-4910-9E34-C911B1710180,ShellTravelLog
D5978620-5B9F-11D1-8DD2-00AA004ABD5E,SENS Network Events
D5978630-5B9F-11D1-8DD2-00AA004ABD5E,SENS Logon Events
D5978640-5B9F-11D1-8DD2-00AA004ABD5E,SENS OnNow Events
D5978650-5B9F-11D1-8DD2-00AA004ABD5E,SENS Logon2 Events
D59BE175-2ED0-4C54-BE3D-CDAA9F3214C8,VSWFVBFlavor Class
D5AB5662-131D-453D-88C8-9BBA87502ADE,Microsoft.ManagementConsole.Advanced.FrameworkSnapInFactory
D5CB383D-99F4-3C7E-A9C3-85B53661448F,System.Reflection.CustomAttributeFormatException
D5DE8D20-5BB8-11D1-A1E3-00A0C90F2731,VBPropertyBag
D604B4B5-686B-4304-9613-C4F82B527B10,Microsoft SQL Server Maximum Conflict Resolver
D60795C3-F2A5-45B1-A731-2516E7EAB8EB,NAP Helper Class
D6108DC8-FBAC-426E-8A3C-1BCA926E5805,Enable transparent glass tree item callback object for sysdm.cpl
D62F82E4-A9BC-305B-870F-687CABDC29E8,Microsoft.SqlServer.Management.Smo.BackupDevice
D63A1416-FCEC-4431-862F-E8056223DD03,Windows Photo Viewer DropTarget
D63AA156-D534-4BAC-9BF1-55359CF5EC30,Sync Center User Profile Notification Handler
D63C23C5-53E6-48D5-ADDA-A385B6BB9C7B,CIEInetcplRasBroker
D6636A59-84BB-4356-A528-5FBEEDD14F4A,Microsoft.AnalysisServices.TimeAttributeBinding
D66949A0-C766-48D7-B2C6-4A85382BE9C1,MSASR Locale Handler Class (3082)
D66D6F99-CDAA-11D0-B822-00C04FC9B31F,Multi Language ConvertCharset
D6791A63-E7E2-4FEE-BF52-5DED8E86E9B8,Portable Devices Menu
D682C4BA-A90A-42FE-B9E1-03109849C423,StreamBufferComposeRecordingObj
D68AF00A-29CB-43FA-8504-CE99A996D9EA,Microsoft WBEM (non)Standard Marshaling for IWbemServices
D69DFEBB-841C-3542-A09A-22E7C7A7E3DC,Microsoft.SqlServer.Management.Smo.ServiceQueueEventSet
D69E0717-DD4B-4B25-997A-DA813833B8AC,AudioLimiter Class
D6A60F76-F121-40E7-88A8-605BE6CE1EB5,Microsoft SQL Server Upload Only Conflict Resolver
D6AD10F3-70AB-41E1-96B3-4C36E35D333C,SpRecoMaster Class
D6AFE216-3106-4E91-953F-FFA26064C8EE,Nap Config Write Class
D6B5A891-EFA1-32BA-9158-74B47AA1124D,Microsoft.SqlServer.Replication.MergePublication
D6D2034D-5F67-30D7-9CC5-452F2C46694F,System.TypeUnloadedException
D6E88812-F325-4DC1-BBC7-23076618E58D,TsfManager Class
D6EBC66B-8921-4193-AFDD-A1789FB7FF57,PSFactoryBuffer
D6F8EC75-A388-47DE-BA3A-903B12A38E86,PSFactoryBuffer
D6FEDB1D-CF21-4BD9-AF3B-C5468E9C6684,MMCVersionInfo 1.0 Object
D7053240-CE69-11CD-A777-00DD01143C57,Microsoft Forms 2.0 CommandButton
D707877E-4D9C-11D2-8784-F6E920524153,User Property Pages
D722AF63-6A0D-4E37-BD40-CF6FAC79A83C,WMPDMCCoreServices Class
D728AF0C-62CB-422A-BD49-82EBD87EC175,VsaIDE.Solution
D72C5BEC-646B-4A9A-AA54-B4B49800FD3A,Fields Class
D73733C8-CC80-11D0-B225-00C04FB6C2F5,FaxServer Class
D739F326-6B36-4683-B859-DE64F230F422,Microsoft.AnalysisServices.PerspectiveMeasure
D7422932-D323-37DC-B14B-B3A03C87A401,Microsoft.AnalysisServices.ProcessingGroup
D7468114-DC2B-464C-83F8-DD33513DEE47,Microsoft.AnalysisServices.BackupLocation
D74A07B1-EA36-4F32-A85A-9777A4AE12AA,PSFactoryBuffer
D74D613D-F27F-311B-A9A3-27EBC63A1A5D,System.Threading.Mutex
D76334CA-D89E-4BAF-86AB-DDB59372AFC2,MSVidCtl CC to Audio Renderer Composition Segment
D76A991F-1873-3F9B-BD2E-477C3CDF2E13,Microsoft.Office.Interop.Access.AcFormatConditionOperator
D76E2820-1563-11CF-AC98-00AA004C0FA9,AVI Compressor
D795FE63-852D-48D4-82CB-0E44B83775D7,Microsoft.AnalysisServices.IncrementalProcessingNotificationCollection
D798DC67-50C5-39E8-912C-B1A9EACA95A3,Microsoft.SqlServer.Replication.ReplicationWarnings
D7B70EE0-4340-11CF-B063-0020AFC2CD35,DirectDraw Object
D7C1AEB5-10F2-48CB-A182-F7EF79C51B19,WSD Publisher
D7C543ED-80B4-328E-8E6F-FF0F9EB5D809,Microsoft.AnalysisServices.XmlaWarningCollection
D7E4BFE2-F36C-4B31-BA1A-A10B5AA3F178,QESession Class
D7FCB63B-5C55-11D1-8F00-00C04FC2C17B,SnapinAboutImpl Class
D8013EEF-730B-45E2-BA24-874B7242C425,System.EnterpriseServices.Internal.Publish
D8013EF1-730B-45E2-BA24-874B7242C425,System.EnterpriseServices.Internal.IISVirtualRoot
D8013FF1-730B-45E2-BA24-874B7242C425,System.EnterpriseServices.Internal.GenerateMetadata
D82BE2B0-5764-11D0-A96E-00C04FD705A2,IShellFolderBand
D846579E-3BA9-4E8A-9C81-445ABDF8954F,FieldRangeEditor Class
D84FA0C2-B0B3-4470-9345-75DB0EC5A83A,Universal Delegate Folder
D851F103-8C90-4321-AFF0-58BA5BD421C2,SharedAccess Notification Sink
D863C8D0-19B0-405B-8277-88A115020FA9,KiwiSubtmr.KiwiCTimer
D8872739-DF50-4ED5-B8A7-F03DCD0DCD5A,PSFactoryBuffer
D88EC52B-8D57-49E1-9EB3-4D267D68A2AE,Bluewire Elevated Unpairing Handler
D896905A-32A1-4BB9-96DA-4B8941A15EF0,Microsoft.AnalysisServices.AttributeTranslation
D8A4F3EB-E7EC-3620-831A-B052A67C9944,System.Runtime.Remoting.Metadata.W3cXsd2001.SoapQName
D8BA20DF-BF3C-3C5A-B498-BFE5FB4D79A0,Microsoft.SqlServer.Management.Smo.MissingObjectException
D8BD090D-3F39-45FD-B29A-7FC62C2E59C3,ExtTransport2 Class
D8BF32A2-05A5-44C3-B3AA-5E80AC7D2576,DrawingAttributes Class
D8E78E43-D8D6-4E57-8AD4-2164254C16D5,VSD TcpTransportConnect Transport
D8FB5BC0-3376-340F-ADE5-BB17D4932486,Microsoft.SqlServer.Replication.ReplicationAgentSchedule
D9035152-6B1F-33E3-86F4-411CD21CDE0E,System.Security.Cryptography.RSACryptoServiceProvider
D912F8CF-0396-4915-884E-FB425D32943B,Property Helper Object
D9144DCD-E998-4ECA-AB6A-DCD83CCBA16D,Enhanced Storage Icon Overlay Handler Class
D93D71F8-7E7C-40D4-83AF-2ADA2FA3C63E,VsWizard Class
D94D3947-7CDA-40B0-B897-A4E6D5166697,Microsoft.AnalysisServices.DimensionBinding
D957171F-4BF9-4DE2-BCD5-C70A7CA55836,Interval Class
D969A300-E7FF-11D0-A93B-00A0C90F2719,New Menu Handler
D978F0CB-DEBA-4388-83BE-D3E106E02A4F,CardSpaceIETokenProvider Class
D9950D41-0AC8-3A51-8E0F-FB3EAA893525,Microsoft.SqlServer.Management.Nmo.ProtocolField
D9B3211D-E57F-4426-AAEF-30A806ADD397,Shell Library API
D9B6D3BB-7CFF-4142-8447-E099248E9938,Microsoft.AnalysisServices.TraceEventClass
D9B858B4-627C-44C2-B118-699E9DE06566,ReportPartNavigationResult Class
D9BB4CEE-B87A-47F1-AC92-B08D9C7813FC,BDA Tuning Model Digital Cable Tuning Space
D9F6EE60-58C9-458B-88E1-2F908FD7F87C,SpDataKey Class
D9F9C262-6231-11D3-8B1D-00C04FB6BD3D,WM ASF Writer Properties
DA19B0F4-3CAA-46C5-9B06-A3E92E597E5E,BlobFieldObject Class
DA317BE2-1A0D-37B3-83F2-A0F32787FC67,System.Reflection.TargetParameterCountException
DA4E3DA0-D07D-11D0-BD50-00A0C911CE86,ActiveMovie Filter Categories
DA67B8AD-E81B-4C70-9B91-B417B5E33527,Windows Search Shell Service Object
DA825E1B-6830-43D7-835D-0B5AD82956A2,DirectPlay8Server Object
DA93E903-C843-11D2-A084-00C04F8EF9B5,SpGramCompBackEnd Class
DAA132BF-1170-3D8B-A0EF-E2F55A68A91D,System.Security.Cryptography.TripleDESCryptoServiceProvider
DAA92564-78C8-40A3-96D2-9115A76B8F29,WPD Settings Completion Page Class
DAC3E52D-C480-48D9-8D89-23691EA32029,Microsoft.AnalysisServices.MiningStructurePermission
DAC9F469-0C67-4643-9258-87EC128C5941,SREngine Class
DAF95313-E44D-46AF-BE1B-CBACEA2C3065,CLSID_StartMenuProviderFolder
DAFB2462-2A5B-3818-B17E-602984FE1BB0,System.NotSupportedException
DAFD8210-5711-4B91-9FE3-F75B7AE279BF,DirectSoundGargleDMO
DB13821E-9835-3958-8539-1E021399AB6C,System.Runtime.Remoting.ServerException
DB17C295-0EBA-45C7-B426-EBC4E3C193DB,Microsoft.AnalysisServices.PerspectiveMeasureGroup
DB1F9035-ACC7-4F04-9DEF-4902A49BCD10,Microsoft.AnalysisServices.XmlSerializationException
DB28392A-656D-49DF-A252-7A87611A75DA,SpecialField Class
DB34D5DC-D41A-482E-A5EF-8FA0F88761DA,Hex Workshop Shell Extension
DB49BBEB-C744-49F8-81AC-AF97669D4CB0,PrinterStatusHTMLViewExtension Class
DB49EE98-EF7A-4BE7-B7DF-A043A31C08C7,Microsoft.VisualBasic.UpgradeSnippet.Connect
DB4F3FA7-5A08-4100-95DE-B46DF509B902,Legacy View Available Networks Task Class
DB5D1FF4-09D7-11D1-BB10-00C04FC9A3A3,FILEMGMT 1.0 Object
DB5D1FF5-09D7-11D1-BB10-00C04FC9A3A3,SvcVwr 1.0 Object
DB6EFB73-5153-43B7-8078-C6FFC4C0238C,CLSID_CheckCompositionCycles
DB797690-40E0-11D2-9BD5-0060082AE372,Xceed Zip Control
DBB52A4B-7AB0-37A5-AC1F-6CBD462A6CB4,dao.CursorDriverEnum
DBC85A2C-C0DC-4961-B6E2-D28B62C11AD4,GameStatistics Class
DBFCA500-8C31-11D0-AA2C-00A0C92749A3,DiskManagement.SnapInComponent
DBFDB1D0-04A4-4315-B15C-F874F6B6E90B,CLSID_DbgAutoAttach
DC06C2CC-28F4-41D0-AB97-7C78561AC9DC,Microsoft.AnalysisServices.DataItem
DC0C0FE7-0485-4266-B93F-68FBF80ED834,Microsoft DVBC Network Provider
DC1C5A9C-E88A-4DDE-A5A1-60F82A20AEF7,File Open Dialog
DC30EE41-6651-3B3B-BA2A-5A1136D83A92,Microsoft.SqlServer.Management.Smo.Index
DC5DA001-7CD4-11D2-8ED9-D8C857F98FE3,"Cor Remote Loader, CorLoad, CorLoad 1"
DC626A64-D684-4627-83CB-44420ABDBD1A,SpSharedRecoInst Class
DC651A43-0720-4A2B-9971-BD2EF1329A3D,IE Component Categories conditional cache daemon
DC6EFB56-9CFA-464D-8880-44885D7DC193,Adobe PDF Preview Handler for Vista
DC79A5C8-CCAD-4698-9034-C4C8068011C5,PSFactoryBuffer
DC7A02CD-2E47-406C-BA5A-B08EC00C4238,MAPISendMailServer
DC923725-0FDD-45E1-AE74-EA09182E739B,Microsoft WBEM Wbem Token Cache
DCB00C01-570F-4A9B-8D69-199FDBA5723B,NetworkListManager
DCBCA92E-7DBE-4EDA-8B7B-3AAEA4DD412B,Quarantine Private QEC Binding class
DCBD6FA8-032F-11D3-B5B1-00C04FC324A1,speechtextservice class
DCCC0BED-6066-11D1-8C13-00C04FD8D503,Microsoft Organization Extension
DCD6A29E-3377-4AAC-9293-5C7E12CA5430,DateTimeFieldFormat Class
DCED8DB0-11A5-4B16-AB9D-4E28CA38C99F,Advanced Configuration Dialog
DCF33DF4-B510-439F-832A-16B6B514F2A7,Microsoft WBEM _IWbemRefresherMgr Refresher Cache Factory
DD06A84F-83BD-4D01-8AB9-2389FEA0869E,Dot11 AdHoc Manager
DD13DE77-D3BA-42D4-B5C6-7745FA4E2D4B,MotionBlur
DD313E04-FEFF-11D1-8ECD-0000F87A470C,User Assist
DD373F1A-7227-4E3C-9AFB-98C288CF1956,Quarantine EnforcementClient Connection class
DD4570BB-F7D2-4D1B-8FF7-E37504E8FC27,Microsoft.AnalysisServices.AggregationAttribute
DD468E14-AF42-4D63-8908-EDAC4A9E67AE,Create and edit Wireless policies
DD5856E5-8151-3334-B8E9-07CB152B20A4,System.Runtime.Remoting.Channels.ClientChannelSinkStack
DD5CF606-9EA7-49E1-8E82-B789E4443B4F,MS-IME HandWriting Applet
DD75716E-B42E-4978-BB60-1497B92E30C4,text persistent handler for mapi email
DDACB012-DB3A-432E-807D-66A0A3C7DFFE,Microsoft.SqlServer.Setup.SetupExceptionMessageBox
DDB469AA-5361-38A5-8216-788F01559F82,Microsoft.SqlServer.Management.Smo.TableEventSet
DDC0EED2-ADBE-40B6-A217-EDE16A79A0DE,GenericFilter
DDD136CE-517B-11D2-AD03-00105A17B608,Dart System Class
DDECE4B2-979F-4CDB-9F58-B036FE5A510C,Firewall Control Panel
DDF80B10-1300-436A-ACC8-E8EFF1AB8CB1,Microsoft.AnalysisServices.Hierarchy
DE010DA1-289B-4232-8CD0-5112DCA6A7B3,Microsoft Virtual Disk Service Basic Provider
DE1A703B-AB06-3E8C-BA54-00BEFFA31099,Microsoft.SqlServer.Management.Smo.ServerEventSet
DE2D022D-2480-43BE-97F0-D1FA2CF98F4F,PropertyKeyCollection Class
DE32EFB2-4A56-11D1-AA89-00008612DCF1,Visual Quantify version of VBA Event Monitor.
DE32EFB3-4A56-11D1-AA89-00008612DCF1,PureCoverage version of VBA Event Monitor.
DE47D9CF-0107-3D66-93E9-A8ACB06B4583,System.Runtime.Remoting.Metadata.W3cXsd2001.SoapDuration
DE75D012-7A65-11D2-8CEA-00A0C9441E20,DxtJpeg Class
DE77BA04-3C92-4D11-A1A5-42352A53E0E3,Home Group Member Status
DE815B00-9460-4F6E-9471-892ED2275EA5,RecoManager Class
DE88C160-FF2C-11D1-BB6F-00C04FAE22DA,JetEngine Class
DE9C1288-0F09-40FF-BA84-7F19279FA74B,Idenity Listener CLSID
DEA8AFA0-CC85-11D0-9CE2-0080C7221EBD,Create and edit Internet Protocol Security policies
DEA8AFA1-CC85-11D0-9CE2-0080C7221EBD,Create and edit Internet Protocol Security policies
DEA8AFA2-CC85-11D0-9CE2-0080C7221EBD,Create and edit Internet Protocol Security policies
DEB01010-3A37-4D26-99DF-E2BB6AE3AC61,IVolumeClient4_PSFactory
DEB49E86-082D-32F1-A27F-A8613CD69102,Microsoft.SqlServer.Replication.ReplicationUserDefinedAggregate
DEC24088-EBEA-4190-86D3-159C259037E6,Crystal ActiveX Report Viewer Cursor Selection 10.5
DECBDC16-E824-436E-872D-14E8C7BF7D8B,RtpObject Class
DED71D6F-1EE7-4EB9-BBE6-DCEA216FE71F,SCRQueryTrimmer Class
DEE35070-506B-11CF-B1AA-00AA00B8DE95,Microsoft.Jet.OLEDB.4.0
DEE35071-506B-11CF-B1AA-00AA00B8DE95,Microsoft Jet 4.0 OLE DB Provider Error Lookup
DF0B3D60-548F-101B-8E65-08002B2BD119,PSSupportErrorInfo
DF2FCE13-25EC-45BB-9D4C-CECD47C2430C,CUri
DF30358B-F480-338E-AC08-92E0ACDA476A,Microsoft.AnalysisServices.MdxScript
DF31D7A3-E6EF-40C1-B2BB-F67151C63324,TableLinks Class
DF3C5EDD-029A-31A1-BA90-96B6A118E0F0,Microsoft.SqlServer.Replication.TracerToken
DF9A3464-A58D-429C-AD5B-D5244A1DDA6A,CrystalDecisions.Data.XMLSchemaReaderFieldInfo
DFA14C43-F385-4170-99CC-1B7765FA0E4A,WpcNotificationsMonitor
DFA22B8E-E68D-11D0-97E4-00C04FC2AD98,SQLOLEDB Enumerator
DFAD1EF6-73F2-4C70-B146-38908D8C2043,Crystal Favorites Custom File
DFBBDBF8-18DE-49B8-83DC-EBC727C62D94,SideShowKeyCollection Class
DFBC8609-D77F-3512-98BC-CF3FBCEF034F,Microsoft.SqlServer.Management.Smo.Agent.JobCategory
DFC76A6B-4873-458C-AB00-40B1FC028001,VMXCreator Class
DFC8BDC0-E378-11D0-9B30-0080C7E9FE95,MSDAOSP
DFCB3BDD-51BE-416D-9E6C-3655EBB2845D,Microsoft.AnalysisServices.DimensionAttribute
DFD181E0-5E2F-11CE-A449-00AA004A803D,Microsoft Forms 2.0 ScrollBar
DFD74844-990B-4410-9DA0-2848EFA85D14,WMPlayer ClipPropPage Class
DFD888A7-A6B0-3B1B-985E-4CDAB0E4C17D,System.Diagnostics.SymbolStore.SymLanguageVendor
DFE49CFE-CD09-11D2-9643-00C04F79ADF0,Cabview Data Object
DFFACDC5-679F-4156-8947-C5C76BC0B67F,delegate folder that appears in Users Files Folder
DFFFAE4D-F0CF-46CD-9586-FE891237AB8A,ComponentServicesExtensionSnapin Class
E027B01B-B480-3587-8271-A74C13DB328E,Microsoft.AnalysisServices.TraceEventSuccess
E0393303-90D4-4A97-AB71-E9B671EE2729,VDS ProxyStub
E03E85B0-7BE3-4000-BA98-6C13DE9FA486,ConditionFactory Class
E052CA1C-6EA4-3901-A1A2-3D6C8D643F93,Microsoft.Office.Interop.Access.AcPrintRange
E052D38C-942E-3610-A3B1-25FF7C429460,Microsoft.Office.Interop.Outlook.OlViewType
E05592E4-C0B5-11D0-A439-00A0C9223196,Plug In Distributor: IKsQualityForwarder
E07A1EB4-B9EA-3D7D-AC50-2BA0548188AC,Microsoft.CLRAdmin.CCommandHistory
E09EE6AC-FEF0-41AE-9F77-3C394DA49849,Microsoft Visual Studio Data DSRef Object
E0B04416-0C51-3B98-8421-ADD06843A2A9,Microsoft.SqlServer.Replication.RegisteredSubscriber
E0CA5340-4534-11CF-B952-00AA0051FE20,HTML filter
E0CBC546-8950-43DD-99A9-A418DB7DD0B5,Could Not Connect Page Class
E0EDDBF5-FA75-3E76-BA57-73294A9CFD64,Microsoft.SqlServer.Management.Smo.SmoExceptionType
E0F158E1-CB04-11D0-BD4E-00A0C911CE86,WaveOut and DSound Class Manager
E0FA581D-2188-11D2-A739-00C04FA377A1,Provider Binder for DS OLE DB Provider
E10F6C3A-F1AE-4ADC-AA9D-2FE65525666E,PSIProfileNotify
E1150CE9-5BD4-4044-8FE9-98CF40137A41,AudioProcessor Class
E126B7DD-1C3B-4821-B861-A6DA9CE6F096,ImeCommonAPIClassFactory_JPN_Desktop_V1 Class
E137B0D0-7A93-11D2-8CEA-00A0C9441E20,DxtJpegPP Class
E13B6686-3F39-11D0-96F6-00A0C9191601,DiskManagement.SnapIn
E13B6688-3F39-11D0-96F6-00A0C9191601,DiskManagement.DataObject
E13EF4E4-D2F2-11D0-9816-00C04FD91972,Menu Site
E16C0593-128F-11D1-97E4-00C04FB9618A,Simple File-based Log
E16C0594-128F-11D1-97E4-00C04FB9618A,ARIES Log Recovery Engine
E182C5D2-0EF7-11D3-AE90-00C04F79DC6D,RSWTSInfo Class
E18AF75A-08AF-11D3-B64A-00C04F79498E,Custom Composition Segment from Legacy Analog Tv Tuner Device Segment to Standard Video Renderer Device Segment
E1B80FC6-067A-3F3D-BB8D-8DB281AA44FE,Microsoft.SqlServer.Replication.MergeExchangeType
E1BA41AD-4A1D-418F-AABA-3D1196B423D3,SDChangeObj Class
E1C5D730-7E97-4D8A-9E42-BBAE87C2059F,DeviceManager Class
E1DE74AD-C368-4104-ADB1-57D00577247A,WLAN Media Manager
E1F1A0B8-BEEE-490D-BA7C-066C40B5E2B9,Microsoft DTV-DVD Audio Decoder
E20543B9-F785-4EA2-981E-C4FFA76BBC7C,SideShowSession Class
E2085F28-FEB7-404A-B8E7-E659BDEAAA02,UPnPDeviceFinder Class
E20870E2-3AD1-4B64-87BE-5AD5F17A53F0,rtf persistent handler for mapi email
E2183960-9D58-4E9C-878A-4ACC06CA564A,Microsoft DocProp Custom Draw Multi-Value Property Control
E2385648-BFC1-4A3E-AF75-81FB6CFDDC7C,SyncResultSink Class
E2403E98-663B-4DF6-B234-687789DB8560,RTF Filter
E2448508-95DA-4205-9A27-7EC81E723B1A,SBE2 Sink
E2472373-B1C2-333D-975F-8EAA89350A20,Microsoft.SqlServer.Management.Smo.RegisteredServers.RegisteredServer
E2510970-F137-11CE-8B67-00AA00A3F1A6,AVI mux
E25E57E9-DA9C-4A35-A0D8-CFB5EA6AF7E6,Advanced Audit Policy Configuration
E26B366D-F998-43CE-836F-CB6D904432B0,RealTimeStylus Class
E28DD8A6-E9BC-4D3E-A7F7-BC9644138CE2,SkinTab Object
E2A4E630-7AD8-44F0-B6EE-D36EA4C6EB94,Network Diagnostics Client Interface Wrapper
E2AE5372-5D40-11D2-960E-00C04F8EE628,SpNotifyTranslator Class
E2B3C97F-6AE1-41AC-817A-F6F92166D7DD,HNetCfg.FwPolicy2
E2E5A310-ECED-444F-81D7-ACCA6AC8A1A8,Win32_TpmProvider Class
E2E760C5-BF0D-4241-BFD6-6D0AAB648AC9,IE WS Change Notify
E2FB4720-F45F-4A3C-8CB2-2060E12425C3,MF AVI Property Handler
E302CB55-5F9D-41A3-9EF3-61827FB8B46D,PSFactoryBuffer
E30629D1-27E5-11CE-875D-00608CB78066,Audio Renderer
E30629D2-27E5-11CE-875D-00608CB78066,Audio Capture Filter
E31E87C4-86EA-4940-9B8A-5BD5D179A737,RevealTrans
E345F35F-9397-435C-8F95-4E922C26259E,CLSID_StartMenuPathCompleteProviderFolder
E34CAC99-7D61-4DB3-97BC-0BB6B9D84BC1,PacketX Class
E363D661-68A6-470F-AE1C-A96E36F9B9CD,Areas Class
E37A73F8-FB01-43DC-914E-AAEE76095AB9,WTVFile Property Handler
E37E2028-CE1A-4F42-AF05-6CEABC4E5D75,Shell Icon Handler for Application References
E37EF07F-8266-448B-8059-C2B35BAFE0CF,SnapinState Class
E38DA416-8050-3786-8201-46F187C15213,System.Security.XmlSyntaxException
E38FD381-6404-4041-B5E9-B2739258941F,Certificate Class
E3916D76-8D28-3B63-A3B0-BEAA778B749B,Microsoft.SqlServer.Replication.CreationScriptOptions
E3A4E5CA-55B2-4A06-B1AB-8FBECC7BCA4B,Authentication UI Terminal Services Bump Dialog
E3D5D93C-1663-4A78-A1A7-22375DFEBAEE,InkTransform Class
E3E1D967-0829-48AC-B3AD-C5AE4CA171C4,SQLXMLX.1
E3E478D6-A2F2-4791-89A3-21F5C78DC3EC,File enumerator helper
E413D040-6788-4C22-957E-175D1C513A34,Sync Center Conflict Delegate Folder
E4206432-01A1-4BEE-B3E1-3702C8EDC574,Line 21 Decoder 2
E423AF7C-FC2D-11D2-B126-00805FC73204,RemoteHelper Class
E429B25A-E5D3-4D1F-9BE3-0C608477E3A1,Table Driven Text Input Processor
E436EBB1-524F-11CE-9F53-0020AF0BA770,System Clock
E436EBB2-524F-11CE-9F53-0020AF0BA770,Filter Mapper
E436EBB3-524F-11CE-9F53-0020AF0BA770,Filter Graph
E436EBB5-524F-11CE-9F53-0020AF0BA770,File Source (Async.)
E436EBB6-524F-11CE-9F53-0020AF0BA770,File Source (URL)
E436EBB7-524F-11CE-9F53-0020AF0BA770,IPersistMoniker Plug In Distributor
E436EBB8-524F-11CE-9F53-0020AF0BA770,Filter Graph no thread
E44E5D18-0652-4508-A4E2-8A090067BCB0,Default Programs command object for Start menu
E44E9428-BDBC-4987-A099-40DC8FD255E7,Execute Unknown
E46787A1-4629-4423-A693-BE1F003B2742,MF WAV Property Handler
E474E05A-AB65-4F6A-827C-218B1BAAF31F,MF Video Mixer
E4796550-DF61-448B-9193-13FC1341B163,Property Store
E48B2549-D510-4A76-8A5F-FC126A6215F0,CLSID_AntiPhishingBrowserSolution
E493BCC1-D96B-42BA-86E8-8BD8CB85B832,VLCollection Class
E4961E69-EC85-41BE-8C65-863189A1886B,Microsoft.VisualStudio.Tools.Applications.ProgrammingModel.HostItem
E49741E9-93A8-4AB1-8E96-BF4482282E9C,System Monitor Appearance Properties
E4979309-7A32-495E-8A92-7B014AAD4961,VMR ImageSync 9
E4A64BF7-FD3F-303D-BA57-40E0D135009A,Microsoft.SqlServer.Replication.MessageStatus
E4BCAC13-7F99-4908-9A8E-74E3BF24B6E1,DirectSoundCapture 8.0 Object
E4C06411-8932-375C-874E-C8362D095AA6,Microsoft.AnalysisServices.ProactiveCachingInheritedBinding
E4C1D9A2-CBF7-48BD-9A69-34A55E0D8941,DirectPlay8 NAT Resolver Object
E5309F08-2822-42EE-837A-2E4DDF6BB2E2,FetchReportObjectInfoRequest Class
E5364D4D-E704-4E9E-B663-EFE84803F9A4,ReportClientDocumentFactory Class
E54E1E51-C7FF-3DEA-B0B7-F564408F6AE8,Microsoft.Office.Interop.Access.AcFindField
E569BDE7-A8DC-47F3-893F-FD2B31B3EEFD,Browser Application State
E5899C7C-0FC7-499E-A262-174FD692DC9F,CCAPIProvider
E598560B-28D5-46AA-A14A-8A3BEA34B576,Windows Photo Viewer Video Verbs
E5B4EAA0-B2CA-11CE-8D2B-0000E202599C,MPEG Video Decoder Property Page
E5B8E079-EE6D-4E33-A438-C87F2E959254,Location Class
E5BD9E78-AD37-400C-8B0D-51AED497E116,Version Class
E5C78592-B7E3-4342-B0B4-76CAB354F6C0,SaveAsDataDocumentRequest Class
E5CA59F5-57C4-4DD8-9BD6-1DEEEDD27AF4,Microsoft InkEdit Control
E5CB7A31-7512-11D2-89CE-0080C792E5D8,Microsoft Common Language Runtime Meta Data
E5FAE3B3-1AC8-4BD3-87E6-48EFF509DDAA,Nap Certificate Relying Party class
E60687F7-01A1-40AA-86AC-DB1CBF673334,SUSInternal Class 1.0
E63DE750-3BD7-4BE5-9C84-6B4281988C44,Windows Search Scope Rule
E640F415-539E-4923-96CD-5F093BC250CD,SideShowPropVariantCollection Class
E6442437-6C68-4F52-94DD-2CFED267EFB9,CLSID_TrayDesktopBand
E67EB721-9442-47E3-A031-65F83E350431,SQLLogonInfoRequest Class
E69FD98D-7EBE-4C01-BFED-67B4E4616A49,Browser Thread Handshake
E6C59778-D6C9-4FE2-B580-02B47FDB8F7C,CommunicationAdapterFactory Class
E6D15108-8D35-4CD3-B9AB-E4FA4DF71352,Microsoft.VisualStudio.OfficeTools.Controls.UnmanagedWrapper.dll
E6D78900-BB40-4039-9C54-593A242B65DA,PSFactoryBuffer
E6E73D20-0C8A-11D2-A484-00C04F8EFB69,CrZigzag
E6EE9AAC-F76B-4947-8260-A9F136138E11,IE Shell Band Site Menu
E70C92A9-4BFD-11D1-8A95-00C04FB951F3,CLSID_StoreNamespace
E71B4063-3E59-11D2-952A-00C04FA34F05,Shadow
E71B7585-2DAB-4B4D-AFCD-743F60983F1C,ConnectionDirManager allows you to access the data sources under the connection directories on the server.  The data sources in each connection directory are grouped in hierarchical format for easy access.
E724B749-18D6-36AB-9F6D-09C36D9C6016,System.Text.StringBuilder
E74E57B0-6C6D-44D5-9CDA-FB2DF5ED7435,CCertProvider
E755468C-02F5-4D96-8487-3BE68FFE633A,Elevated Object Factory Server Manager
E77026B0-B97F-4CBB-B7FB-F4F03AD69F11,Tuning Model Xml Serialization Utility
E772BBE6-CB52-3C19-876A-D1BFA2305F4E,System.Runtime.Serialization.Formatters.SoapMessage
E77BDC83-0AD9-4530-A58F-6E088E3AE017,TCPIPCommunicationAdapter Class
E77CC89B-7401-4C04-8CED-149DB35ADD04,WindowsParentalControls Class
E786FB32-B659-3D96-94C4-E1A9FC037868,System.ExecutionEngineException
E796B63B-D4E0-3A06-AE5E-5055AC1233C0,Microsoft.SqlServer.Replication.ValidateType
E7B2FB72-D728-49B3-A5F2-18EBF5F1349E,PSFactoryBuffer
E7D1C5DD-8DE6-3CCA-BA82-6B12DDCFC666,Microsoft.SqlServer.Replication.AuthenticationMethod
E7D574D5-2E51-3400-9FB6-A058F2D5B8AB,System.EnterpriseServices.Internal.ClientRemotingConfig
E7DE9B1A-7533-4556-9484-B26FB486475E,Network Map
E7E4BC40-E76A-11CE-A9BB-00AA004AE837,Shell DocObject Viewer
E7E66D47-2367-47BC-A2F0-7F6D807FE08A,Source Depot Utilities Object
E7E6A098-87CE-420D-91AE-413312AC8FA6,Windows Firewall Helper Class
E7E97E92-915E-444F-8311-320183BE720F,RecordBatch Class
E7F34D0A-582E-4A48-98BA-6E58AAA3AD4C,Sensors PropertyPage Host
E80F29B3-CF70-4F1F-9957-79D1A8548302,TableJoin Class
E810CEE7-6E51-4CB0-AA3A-0B985B70DAF7,StrokeBuilder Class
E8140D53-6535-46A5-B8A1-DA6C571DA9B9,Quarantine SoH Protocol constructor class
E8167EE2-AB45-4BAA-BD03-12590436D789,CLSID_COE7Import
E81AAE08-1C96-4F9B-BF04-A47CD18BB4EA,FpwGroup Class
E822F35C-DDC2-3FB2-9768-A2AEBCED7C40,System.Runtime.Remoting.Services.TrackingServices
E82491FC-2234-4FFC-BC73-D05B27FF3B0F,SciTech .NET Memory Profiler
E82A2D71-5B2F-43A0-97B8-81BE15854DE8,ShellLink for Application References
E8449642-5520-36C2-859D-E2983EE468AC,dao.SetOptionEnum
E84B34F6-4617-4B31-B80E-A4C2805EA78B,ObjectFactory Class
E866DFE7-0177-43C7-8673-4E487E2A85F7,Microsoft.AnalysisServices.RestoreLocation
E8715F6A-40B0-4710-A7E6-75B0450FF48B,ModifyObjectRequest Class
E8852AF4-CC40-3FBE-A9E2-B5CF615D0B75,Microsoft.SqlServer.Management.Smo.PropertyCannotBeRetrievedException
E88DCCE0-B7B3-11D1-A9F0-00AA0060FA31,CompressedFolder
E8978DA6-047F-4E3D-9C78-CDBE46041603,PDF Filter
E89A5827-6798-4F7B-B67A-8E15D5397CA8,VSD Connection Manager Server
E8BC0A7A-EA71-4263-8CDA-94F388B8ED10,SQLNCLI Error Lookup
E8CC4CBE-FDFF-11D0-B865-00A0C9081C1D,MSDAORA
E8CC4CBF-FDFF-11D0-B865-00A0C9081C1D,MSDAORA ErrorLookup
E8D71CAE-A435-4EFE-89F5-D382FB6AEA3B,InProcCommunicationAdapter Class
E8F6D677-D671-419A-88B2-0D0CB7067CCD,OlapGridObject Class
E8FA45D6-EE84-4A08-A3F7-9B0BD13FC461,Microsoft.AnalysisServices.DatabasePermission
E8FC596C-3F78-4535-8122-E2C98A2A9A82,SectionExpertResult Class
E9148312-A9BF-3A45-BBCA-350967FD78F5,System.BadImageFormatException
E916B6B2-22BD-4AFC-B337-D3D9FB27670E,AudioCopy Class
E9218AE7-9E91-11D1-BF60-0080C7846BC0,SdoMachine Class
E9225296-C759-11D1-A02B-00C04FB6809F,DispatchMapper Class
E930D6C1-3445-3038-9C22-C7C90D24921A,Microsoft.Office.Interop.Outlook.OlFlagStatus
E93D8FAF-10F2-49FD-9F27-139B54871168,FontColor Class
E94137E0-92ED-4579-9251-18AF2A08CCD1,Tablet Tip Soft Keyboard Skin Class
E947A0B0-D47F-3AA3-9B77-4624E0F3ACA4,System.Runtime.CompilerServices.IDispatchConstantAttribute
E9495B87-D950-4AB5-87A5-FF6D70BF3E90,Security Center
E9513610-F218-4DDA-B954-2C7E6BA7CABB,InstallShield InstallDriver
E95139A2-BEC5-443C-A719-0516B4F0379F,SciTech .NET Memory Profiler
E9670BCB-ECBE-3EF6-8578-6F9E0A53FB44,Microsoft.SqlServer.Management.Smo.Agent.TargetServerGroup
E96767E0-7EAA-45E1-8E7D-64414AFF281A,File Prop Sheet Page Helper
E96F5460-09CE-4F46-88B1-F4B6B4A8E252,Windows Media Player Transcode Files Cache Cleanup Handler
E974D26D-3D9B-4D47-88CC-3872F2DC3585,XPS Object Factory
E97CED00-523A-4133-BF6F-D3A2DAE7F6BA,Sensor Class
E9970FA4-B6AA-11D9-B032-000D56C25C27,IAS SDO Helper Class
E9A6AB1B-0C9C-44AC-966E-560C2771D1E8,DrawAttrsXP Class
E9C56CB1-433A-415A-B6E2-589C3B949ED7,SQLFunctionCatalog Class
E9D55102-9683-11D2-BA68-0040053687FE,Dart Strings Class
E9F4EBAB-D97B-463E-A2B1-C54EE3F9414D,Net Scheme Handler
EA022610-0748-4C24-B229-6C507EBDFDBB,CLSID_HomeGroupCtrlServer
EA2C6B24-C590-457B-BAC8-4A0F9B13B5B8,User Account Control Settings
EA30C654-C62C-441F-AC00-95F9A196782C,GestureRecognizer Class
EA4A0A43-1C8F-4C7B-A4B1-28ECBD96BA8C,Nap Config Read class
EA502722-A23D-11D1-A7D3-0000F87571E3,Group Policy Object
EA678830-235D-11D2-A8B6-0000F8084F96,CLSID_IPropPatchRequest
EA72D00E-4960-42FA-BA92-7792A7944C1D,Run as different user context menu handler
EA8B451C-5A19-49CF-BC5E-98ACCCA49EF3,Library Factory
EA91E968-EF93-4FF1-86F3-75CC93416DF2,Active SSCE Replication Object
EAA78D4A-20A3-3FDE-AB72-D3D55E3AEFE6,System.TimeoutException
EAAF6456-6E4A-3805-AB7B-CD0B4FA245E4,Microsoft.Office.Interop.Outlook.OlDefaultFolders
EAB22AC3-30C1-11CF-A7EB-0000C05BAE0B,Microsoft Web Browser Version 1
EAC4DBFD-A9D2-4CC4-9EF0-CF32C1CF5171,"The ReportDefController2 is used to add, modify, and remove the report objects that are defined in the Report Definition Model Library, and to apply a style to the report."
EAC8A024-21E2-4523-AD73-A71A0AA2F56A,WbemQuery
EAE50EB0-4A62-11CE-BED6-00AA00611080,Microsoft Forms 2.0 TabStrip
EAE826D3-ECB5-49FF-BC55-7B318E78C6DD,Dot3BalloonHandler Class
EB082BA1-DF8A-46BE-82F3-35BF9E9BE52F,Quarantine Agent Management class
EB124705-128B-40D4-8DD8-D93ED12589A4,WPL property store
EB29F2BC-A843-4C09-9355-03E58D51EC29,VBUpgradeEngine Class
EB4D075A-65C0-476B-956C-C605EADE03F7,DemuxRender
EB4FE330-2044-3EA8-A48C-65708D580065,RedGate.Profiler.VSAddin.Connect
EB65FDBB-493E-3DF8-BC3A-FCD9ACFC93F2,Microsoft.SqlServer.Management.Smo.BackupTruncateLogType
EB6B4457-F013-4E5A-9B05-1D44E4D6FAEB,HomeGroup Sharing Hosted Listener
EB79D51C-7F27-46F6-A089-43DD46C6D6F3,Microsoft.AnalysisServices.ComAssembly
EB87E1BD-3233-11D2-AEC9-00C04FB68820,WbemStatusCode
EBAA029C-01C0-32B6-AAE6-FE21ADFC3E5D,System.Security.VerificationException
EBB08C45-6C4A-4FDC-AE53-4EB8C4C7DB8E,TF_LangBarMgr
EBE4FFB8-E607-432F-8E49-E6B9A566A481,Crystal Favorites Store
EBF2320A-2502-11D3-8BD1-00600893B1B6,DirectMusic Script AutoImp SegmentState
EBFE7BA0-628D-11D2-AE0F-006097B01411,DirectPlay8 WSock TCPIP Provider Object
EC00BA63-C73A-4679-AC8D-69366C766989,SBE Stats - receiver side
EC04D82C-AA59-4BA4-96B1-27BE3FF05E00,VSTO Mime Handler
EC2EC911-E047-4810-9535-6CAFE1ADC3AD,SkinFreeForm Object
EC3DAC94-DF80-3017-B381-B13DCED6C4D8,System.Globalization.ThaiBuddhistCalendar
EC529B00-1A1F-11D1-BAD9-00609744111A,WDM Streaming VPE VBI Property Set Interface Handler
EC714DD2-9A7F-4E79-A28D-4AAF7BCD4E18,ServerAgentInfo Class
EC7B94B7-C0AA-3236-B072-86B9384CD7A8,Microsoft.Office.Interop.Outlook.OlEditorType
EC9846B3-2762-4A6B-A214-6ACB603462D2,HNetCfg.FwAuthorizedApplication
EC9BA17D-60B5-462B-A6D8-14B89057E22A,Barn
ECAA98ED-811D-4B29-9BF4-DA4D2D8E8221,ReportDefinition Class
ECABAFAA-7F19-11D2-978E-0000F8757E2A,Activity Property Unmarshal Class
ECABAFAB-7F19-11D2-978E-0000F8757E2A,SecurityEnvoy
ECABAFAC-7F19-11D2-978E-0000F8757E2A,Transaction Property Unmarshal Class
ECABAFAD-7F19-11D2-978E-0000F8757E2A,NonRootTransactionEnvoy
ECABAFAE-7F19-11D2-978E-0000F8757E2A,sca Class
ECABAFAF-7F19-11D2-978E-0000F8757E2A,ClassFactory Activator Class
ECABAFB0-7F19-11D2-978E-0000F8757E2A,obja Class
ECABAFB1-7F19-11D2-978E-0000F8757E2A,stapa Class
ECABAFB2-7F19-11D2-978E-0000F8757E2A,vca Class
ECABAFB3-7F19-11D2-978E-0000F8757E2A,User Context Object
ECABAFB4-7F19-11D2-978E-0000F8757E2A,User Context Properties Association Object
ECABAFB5-7F19-11D2-978E-0000F8757E2A,PoolMgr Class
ECABAFB6-7F19-11D2-978E-0000F8757E2A,Object Pool Activator Class
ECABAFB7-7F19-11D2-978E-0000F8757E2A,Contruction Activator Class
ECABAFB9-7F19-11D2-978E-0000F8757E2A,COM+ Instance Tracking Component
ECABAFBC-7F19-11D2-978E-0000F8757E2A,COM+ Event Notification Server
ECABAFC0-7F19-11D2-978E-0000F8757E2A,cfw Class
ECABAFC2-7F19-11D2-978E-0000F8757E2A,Queued Components Recorder
ECABAFC3-7F19-11D2-978E-0000F8757E2A,QC Listener Class
ECABAFC4-7F19-11D2-978E-0000F8757E2A,Queued Components Player
ECABAFC6-7F19-11D2-978E-0000F8757E2A,New Moniker
ECABAFC7-7F19-11D2-978E-0000F8757E2A,Queue Moniker
ECABAFC9-7F19-11D2-978E-0000F8757E2A,QC Queue Administration Class
ECABAFCA-7F19-11D2-978E-0000F8757E2A,COM+ QC Dead Letter Queue Listener Starter
ECABAFCB-7F19-11D2-978E-0000F8757E2A,QC Marshal Interceptor Class
ECABAFCC-7F19-11D2-978E-0000F8757E2A,Partition Property Unmarshal Class
ECABAFCD-7F19-11D2-978E-0000F8757E2A,Tracking Info Collection Unmarshal Class
ECABAFCE-7F19-11D2-978E-0000F8757E2A,Tracking Info Object Unmarshal Class
ECABAFCF-7F19-11D2-978E-0000F8757E2A,EventRegistrar Class
ECABAFD0-7F19-11D2-978E-0000F8757E2A,Soap Activator Class
ECABAFD1-7F19-11D2-978E-0000F8757E2A,System.EnterpriseServices.Internal.ClrObjectFactory
ECABAFD3-7F19-11D2-978E-0000F8757E2A,ObjWrapperMarshaler Class
ECABB0A8-7F19-11D2-978E-0000F8757E2A,COM+ Services GetSecurityCallContext
ECABB0AA-7F19-11D2-978E-0000F8757E2A,Byot Server Extended Object
ECABB0AB-7F19-11D2-978E-0000F8757E2A,MTSEvents Class
ECABB0AC-7F19-11D2-978E-0000F8757E2A,MTSLocator Class
ECABB0BD-7F19-11D2-978E-0000F8757E2A,CrmClerk Class
ECABB0BE-7F19-11D2-978E-0000F8757E2A,CrmRecoveryClerk Class
ECABB0BF-7F19-11D2-978E-0000F8757E2A,MessageMover Class
ECABB0C0-7F19-11D2-978E-0000F8757E2A,DispenserManager
ECABB0C3-7F19-11D2-978E-0000F8757E2A,ComEvents.ComServiceEvents
ECABB0C4-7F19-11D2-978E-0000F8757E2A,Debug Dump Server
ECABB0C5-7F19-11D2-978E-0000F8757E2A,Partition Moniker
ECABB0C6-7F19-11D2-978E-0000F8757E2A,ComEvents.ComSystemAppEventData
ECABB0C7-7F19-11D2-978E-0000F8757E2A,SOAP Moniker
ECABB0C8-7F19-11D2-978E-0000F8757E2A,CServiceConfig Class
ECC82A10-B731-3A01-8A17-AC0DDD7666CF,System.Security.HostProtectionException
ECCDF543-45CC-11CE-B9BF-0080C87CDBA6,DfsShell Class
ECD32AEA-746F-4DCB-BF68-082757FAFF18,DynamicRenderer Class
ECD4FC4D-521C-11D0-B792-00A0C90312E1,Shell Rebar BandSite
ECD4FC4E-521C-11D0-B792-00A0C90312E1,Shell Band Site Menu
ECD4FC4F-521C-11D0-B792-00A0C90312E1,Menu Desk Bar
ECE71064-011D-45B7-AEF2-3B626985E937,CPropertyObject Class
ECF03A32-103D-11D2-854D-006008059367,MyDocs Drop Target
ECF5BF46-E3B6-449A-B56B-43F58F867814,Identity Store Profile Notification
ED0BC45C-2438-31A9-BBB6-E2A3B5916419,System.Runtime.CompilerServices.CallConvFastcall
ED1D0FDF-4414-470A-A56D-CFB68623FC58,Play with Windows Media Player
ED228FDF-9EA8-4870-83B1-96B02CFE0D52,Games Explorer
ED233797-F47D-475E-9FCA-3D549E4DDAA4,EhTraceProvider Class
ED4EE0AF-A34C-3369-BBFC-A6B60AFB8B42,Microsoft.AnalysisServices.ReadDefinitionAccess
ED50FC29-B964-48A9-AFB3-15EBB9B97F36,printhood delegate folder
ED6AE9CF-AD35-46B7-AC30-3F8B9EB5349F,TryHarderFactory
ED72F0D2-B701-4C53-ADC3-F2FB59946DD8,ProtectedModeAPI
ED7A2AF3-977C-3FF6-BD56-9DB567B4B4C4,Microsoft.SqlServer.Replication.CommandOptions
ED7BA470-8E54-465E-825C-99712043E01C,All Tasks
ED81C073-1F84-4CA8-A161-183C776BC651,Lat/Long Report Class
ED85D8E1-85D3-3818-AD81-1CFCB792F72F,Microsoft.SqlServer.Management.Smo.Agent.JobSchedule
ED8C108E-4349-11D2-91A4-00C04F7969E8,XML HTTP Request
ED9D80B9-D157-457B-9192-0E7280313BF0,Compressed (zipped) Folder DropHandler
EDB5F444-CB8D-445A-A523-EC5AB6EA33C7,Share Manager
EDBA2AAC-8A00-4EED-A2E4-74BFB760BE10,SkinFrame Object
EDBDC8F6-2A58-3F1F-969E-51D0A4619E9B,Microsoft.SqlServer.Management.Smo.SmoException
EDC3B258-25B0-45A1-80FC-7C8E0ED1E874,Microsoft.AnalysisServices.DrillThroughAction
EDD32700-83FA-4D07-BA33-FF790D99C13A,ReportClientDocumentState Class
EDD36029-D753-4862-AA5B-5BCCAD2A4D29,Property Store Collection
EDD749DE-2EF1-4A80-98D1-81F20E6DF58E,PLAP Logon Provider Filter
EDEA94BD-C63C-4775-A7D9-894B2F325D74,XmlSerializer Class
EDF6970E-4557-4BC5-86C2-C7E52A06B27F,PSFactoryBuffer
EE09B103-97E0-11CF-978F-00A02463E06F,Scripting.Dictionary
EE0B9CA0-A81E-11D3-9BD1-0080C7150A74,DirectMusicAudioPath
EE0BDDFA-8373-4CC4-85D8-0618E453187C,IE History Search Protocol Handler
EE24A2C3-3AA2-33DA-8731-A4FCC1105813,System.Security.Policy.GacInstalled
EE2E9CE0-0FE1-4EEA-8F30-E4728B56F183,Category Drop Target
EE4DA6A4-8C52-4A63-BBB8-97C93D7E1B6C,APPLICATION__X_MS_WMD Moniker Class
EE5A151A-AD2A-4CEE-AD65-228B59F5B4AD,PSFactoryBuffer
EE5B9E68-63EE-38E6-879B-37CEC40CC961,Microsoft.SqlServer.Management.Smo.Agent.AlertCategory
EE5EE47E-6D29-448F-B2D2-F8E632DB336A,Microsoft.SqlServer.Replication.MergeSynchronizationAgent
EE6C4910-7F25-3541-8FBD-A871D2F95C40,Microsoft.Office.Interop.Access.AcImportXMLOption
EE7B5FAC-9C8A-4BA2-9460-EAABFCE17570,Microsoft SQL Server Replication Distribution Agent 9.0
EE832CE3-06CA-33EF-8F01-61C7C218BD7E,System.Globalization.HijriCalendar
EE87FC61-B507-4499-8DAF-F21EDA680E6C,Microsoft.AnalysisServices.ReportParameterCollection
EE8E4870-A889-4DC4-969F-F38F707F4AC2,CTaskCondition
EE96F4E1-377E-315C-AEF5-874DC8C7A2AA,System.Security.Cryptography.RSAPKCS1KeyExchangeDeformatter
EEA0C191-DDA8-4656-8FC4-72BDEDBA8A78,Library Property Store
EEAB0B1C-A547-4A8E-8071-B4A4ADDAEFD9,QueryDefinitionOptions Class
EEBD2F15-87EE-4F93-856F-6AD7E31787B3,CPartitionSetContextMenu Class
EEBEACC0-D281-4557-A0F4-B2193F86B1EA,Net Connect Page Class
EEC5DCCA-05DC-4B46-8AF7-2881C1635AEA,System.ServiceModel.Internal.TransactionBridge
EEC6993A-B3FD-11D2-A916-00C04FB98638,Microsoft USB PID Class Driver
EEC97550-47A9-11CF-B952-00AA0051FE20,HTML File persistent handler
EED36461-9EA5-11D3-9BD1-0080C7150A74,DirectMusicWaveTrack
EEF05C76-5C98-3685-A69C-6E1A26A7F846,System.Security.SecurityException
EEF145A8-5946-492D-9422-032C1178B04F,Microsoft.AnalysisServices.MiningStructure
EF011F79-4000-406D-87AF-BFFB3FC39D57,DirectSoundCompressorDMO
EF114C90-CD1D-484E-96E5-09CFAF912A21,DirectSoundDistortionDMO
EF1C0450-0B48-4384-94AE-D1CB35641F86,Categorizer Factory
EF210C6D-EED1-40E2-A942-F2D1776DB18F,TableJoins Class
EF24F689-14F8-4D92-B4AF-D7B1F0E70FD4,System.EnterpriseServices.Internal.AppDomainHelper
EF3E932C-D40B-4F51-8CCF-3F98F1B29D5D,DirectSoundEchoDMO
EF411752-3736-4CB4-9C8C-8EF4CCB58EFE,SpObjectToken Class
EF43ECFE-2AB9-4632-BF21-58909DD177F0,Folder Customization Tab
EF4D1E1A-1C87-4AA8-8934-E68E4367468D,WebCheck
EF5600BF-A16D-4E3D-B319-0CC165B75612,Notify Visual Studio Debugger/Profiler of cross-thread calls
EF5DB4C2-9312-422C-9152-411CD9C4DD84,PortableDeviceService Class
EF636390-F343-11D0-9477-00C04FD36226,OLE DB Rowset Proxy
EF636391-F343-11D0-9477-00C04FD36226,OLE DB Rowset Server
EF636392-F343-11D0-9477-00C04FD36226,OLE DB Row Proxy
EF636393-F343-11D0-9477-00C04FD36226,OLE DB Row Server
EF7ADE45-652C-3AB8-B9A3-432394079D2B,Microsoft.Office.Interop.Outlook.OlTrackingStatus
EF7E0655-7888-4960-B0E5-730846E03492,psfactorybuffer
EF8AD2D1-AE36-11D1-B2D2-006097DF8C11,Global Folder Settings
EF985E71-D5C7-42D4-BA4D-2D073E2E96F4,DirectSoundI3DL2ReverbDMO
EFB23A09-A867-4BE8-83A6-86969A7D0856,PSFactoryBuffer
EFB4A0CB-A01F-451C-B6B7-56F02F77D76F,GenericRecognizer Class
EFB92EFB-9236-4BD7-B60D-51D1C7D1C87A,Framing Layer Helper Class
EFC9AFB9-DF56-3A8B-86DC-A795843C06BC,Microsoft.SqlServer.Management.Smo.ApplicationRole
EFCA3D92-DFD8-4672-A603-7420894BAD98,DirectSoundFlangerDMO
EFDE11AB-3458-4626-AD9E-61C5A30B6E63,SQLStatementResult Class
EFE3FA02-45D7-4920-BE96-53FA7F35B0E6,BDA Tuning Model DVB Terrestrial 2 Locator
EFE6629C-81F7-4281-BD91-C9D604A95AF6,DirectSoundChorusDMO
EFEA49A2-DDA5-429D-8F42-B23B92C4C347,PSFactoryBuffer
F00B4404-F8F1-11CE-A5B6-00AA00680C3F,WBEM PerfMon Instance Provider
F00CA7A7-4B8D-3F2F-A5F2-CE4A4478B39C,System.Runtime.Remoting.Metadata.W3cXsd2001.SoapEntity
F0152790-D56E-4445-850E-4F3117DB740C,Remote Sessions CPL Extension
F0285374-DFF1-11D3-B433-00C04F8ECD78,ConsolePower Class
F0291081-E87C-4E07-97DA-A0A03761E586,Drawing
F02C1A0D-BE21-4350-88B0-7367FC96EF3C,Computers and Devices
F03F71DB-C313-4338-B733-522B5EABACBB,TimeFieldFormatConditionFormulas Class
F04CC277-03A2-4277-96A9-77967471BDFF,Sync Center Conflict Properties Extension
F056D291-A2AB-45F7-8EE4-40454493B351,Windows SideShow PropertyPage Host
F07F3920-7B8C-11CF-9BE8-00AA004B9986,Microsoft Office Filter
F087771F-D74F-4C1A-BB8A-E16ACA9124EA,Background Intelligent Transfer Control Class 1.5
F088DE73-BDD0-4E3C-81F8-6D32F4FE9D28,Stretch
F08C5AC2-E722-4116-ADB7-CE41B527994B,Bluetooth Authentication Agent SSO
F0D96671-A5CE-4854-AE49-6835742D232F,Infragistics Panel Control 4.0
F0E0FD1D-1257-4B4A-BD45-38C86D2F970C,Microsoft.AnalysisServices.AttributeBindingType
F114AE61-1331-4238-92C9-BBE330AF25FD,Factoid Class
F12A463D-AC10-4A56-8FB7-2F4498EA24F3,Microsoft.AnalysisServices.RestoreFolder
F12FDE6A-9394-3C32-8E4D-F3D470947284,System.Reflection.AssemblyName
F1390A9A-A3F4-4E5D-9C5F-98F3BD8D935C,Sync Setup Delegate Folder
F14DAB4D-99E3-36E9-81CB-6C67B56AF3F6,Microsoft.SqlServer.Replication.DistributionArticle
F17E8672-C3B4-11D1-870B-00600893B1BD,DirectMusicSignPostTrack
F1A3E985-DF49-346E-B5F3-9CDA4E385B72,Microsoft.SqlServer.Management.Smo.LogFile
F1BD1079-9F01-4BDC-8036-F09B70095066,psfactorybuffer
F1C3BF79-C3E4-11D3-88E7-00902754C43A,System.Runtime.InteropServices.TypeLibConverter
F1CA3CE9-57E0-4862-B35F-C55328F05F1C,Windows Activation Technologies ActiveX Control
F1E752C3-FD72-11D0-AEF6-00C04FB6DD2C,DocConfig 1.0 Object
F1EBA909-6621-346D-9CE2-39F266C9D011,System.Runtime.InteropServices.ComImportAttribute
F1ED7D4C-F863-4DE6-A1CA-7253EFDEE1F3,AppIdPolicyHandler Class
F20487CC-FC04-4B1E-863F-D9801796130B,Sync Center Shell Service Object (Internal)
F20DA720-C02F-11CE-927B-0800095AE340,Package
F20ECC53-FD52-4375-9328-EC59F9E07154,SOAPREPLISAPI
F2102C37-90C3-450C-B3F6-92BE1693BDF2,Windows Security Center ISV API
F2178671-871E-4014-A0E4-E444C7E43E31,Connections Class
F21A1400-8119-3BCD-949B-260164FC7A2B,Microsoft.SqlServer.Management.Smo.UrnCollection
F22F5E05-585C-4DEF-8523-6555CFBC0CB3,CTocEntry
F235CE7D-B143-4D4F-AD93-64E48D53A5FB,CLSID_KnownAutoListManager
F2468580-AF8A-11D0-8212-00C04FC32C45,AuStream Class
F2472B49-5214-4D3A-A662-04F09250D694,WlanDlgNonUIFinishPage Class
F253A009-7337-3B79-836A-84C571E5DCCA,Microsoft.SqlServer.Management.Nmo.DeliveryChannel
F25E9F57-2FC8-4EB3-A41A-CCE5F08541E6,CPenIMX Class
F26A669A-BCBB-4E37-ABF9-7325DA15F931,AutoPlayVerb
F270C64A-FFB8-4AE4-85FE-3A75E5347966,ADs Security Utility Object
F2C3FAAE-C8AC-11D0-BCDB-00C04FD8D5B6,DsPropertyPages.OU
F2C4CDB0-2714-42AD-A948-2ED958A322E3,WorkspaceResTypeRegistry Class
F2CF5485-4E02-4F68-819C-B92DE9277049,&Links
F2E275A1-34AB-3768-A425-58D2D4BE5CC9,Microsoft.AnalysisServices.ProactiveCachingIncrementalProcessingBinding
F2E35B26-61C4-4B85-B6EE-2682C828A318,SetSectionVisibilityByTypeRequest Class
F2FEF310-38F8-3550-80C2-80960329B29B,Microsoft.SqlServer.Management.Smo.ServerTraceEventSet
F31091EA-B0A8-11D6-B6FC-005056C00008,CmiFactory Class
F3364BA0-65B9-11CE-A9BA-00AA004AE837,Shell File System Folder
F3368374-CF19-11D0-B93D-00A0C90312E1,OrderListExport
F35048FE-8ACC-372B-9616-E6472961DE2C,Microsoft.AnalysisServices.Cardinality
F36425EB-3C78-33C6-9771-F9BB2CD2E95E,Microsoft.AnalysisServices.WriteAccess
F371728A-6052-4D47-827C-D039335DFE0A,Mpeg4 Decoder DMO
F37AFD4F-E736-4980-8650-A486B1F2DF25,Windows_Search_OutlookToolbar
F37C5810-4D3F-11D0-B4BF-00AA00BBB723,Security Shell Extension
F3834A2B-19CF-4A90-BE1D-ECC410D9DA09,Sky Software FolderView ActiveX Control 6.1
F3A12E08-EDE9-4160-8B51-334D982A9AD0,EnvelopedData Class
F3B4F2E9-CCCC-49AA-B0B2-2C4A02E69A37,TabTipUI Class
F3BDFAD3-F276-49E9-9B17-C474F48F0764,CQueryWinSAT Class
F3CC4CA3-22C2-40EC-AC3C-89D8A43373B0,Include the selected folder in a library.
F3D06E7C-1E45-4A26-847E-F9FCDEE59BE0,Copy as Path Menu
F3D3F924-11FC-11D3-BB97-00C04F8EE6C0,SpCFGEngine Class
F3F26EAB-C774-4773-B104-21B9168EA22B,MultiFieldRangeEditor Class
F407D01A-0BCB-4591-9BD6-EA4A71DF0799,CHT Language model
F414C260-6AC0-11CF-B6D1-00AA00BBBB58,JScript Language
F414C261-6AC0-11CF-B6D1-00AA00BBBB58,JScript Language Authoring
F414C262-6AC0-11CF-B6D1-00AA00BBBB58,JScript Language Encoding
F42D5532-D9D1-3F12-8D9F-7B00E47C8A80,Microsoft.AnalysisServices.ScriptOptions
F447B69E-1884-4A7E-8055-346F74D6EDB3,Resampler DMO
F46316E4-FB1B-46EB-AEDF-9520BFBB916A,Dynamic Storage Object
F476D31D-D783-4651-8B91-62091653EBC0,DevExpress.ExpressApp.TemplateWizard.ExpressAppWinCSSolutionWizard
F476D31D-D783-4651-8B91-62091653EBC1,DevExpress.ExpressApp.TemplateWizard.ExpressAppWinVBSolutionWizard
F49C559D-E9E5-467C-8C18-3326AAE4EBCC,Microsoft.SQLSERVER.CE.OLEDB.3.5
F4C43D49-6D74-47F3-A408-5FA29AD34BCC,XRUserControlHostCtl Class
F4D36777-EAED-4CC5-9FE7-827BE5190B20,Microsoft Feeds Scheduler
F4D8C39A-F43D-42B4-9BDF-4E48D3044BA0,Name Resolution Policy
F5078F19-C551-11D3-89B9-0000F81FE221,XML Parser
F5078F31-C551-11D3-89B9-0000F81FE221,XML Parser 3.0
F5078F32-C551-11D3-89B9-0000F81FE221,XML DOM Document 3.0
F5078F33-C551-11D3-89B9-0000F81FE221,Free Threaded XML DOM Document 3.0
F5078F34-C551-11D3-89B9-0000F81FE221,XML Schema Cache 3.0
F5078F35-C551-11D3-89B9-0000F81FE221,XML HTTP 3.0
F5078F36-C551-11D3-89B9-0000F81FE221,XSL Template 3.0
F5078F39-C551-11D3-89B9-0000F81FE221,XML Data Source Object 3.0
F5078F3F-C551-11D3-89B9-0000F81FE221,XML Moniker 3.0
F5078F40-C551-11D3-89B9-0000F81FE221,XML Document 3.0
F5078F41-C551-11D3-89B9-0000F81FE221,XML Island 3.0
F507F854-308B-401E-A1B7-B55BA6BA679A,Association Property Handler
F515306D-0156-11D2-81EA-0000F87557DB,Emboss
F515306E-0156-11D2-81EA-0000F87557DB,Engrave
F5175861-2688-11D0-9C5E-00AA00A45957,Subscription Folder
F51C7B23-6566-424C-94CF-2C4F83EE96FF,MS TTSEngine Class
F55212E3-65B6-367E-90A8-84CF42C031F8,Microsoft.Office.Interop.Access.AcSendObjectType
F55E23C3-AD2D-4933-B2EB-C98C19808618,ParameterValue Object
F562A2C8-E850-4F05-8E7A-E7192E4E6C23,PSFactoryBuffer
F56F6FDD-AA9D-4618-A949-C1B91AF43B1A,Action Center Shell Service Object
F581D1CF-61B2-417A-A36A-E81361F27E17,CrystalDecisions.Data.XMLSchemaReaderTableInfo
F5852DE0-2804-4520-B27B-FD7C85034FFF,Microsoft Visual Web Developer 12.0 Editor Internal
F59AA553-8309-46CA-9736-1AC3C62D6031,Device Display Status Manager
F59D514C-F200-319F-BF3F-9E4E23B2848C,System.Runtime.Remoting.Metadata.W3cXsd2001.SoapBase64Binary
F5AD720F-40C7-450D-9071-59B1F6D0AD1E,OperatorFilterItem Class
F5BEE4C6-8739-3AEA-8635-DE202E738C94,Microsoft.SqlServer.Management.Smo.ViewEventSet
F5C4C881-BFB3-35FB-BEBC-B9806CD0E284,Microsoft.Office.Interop.Outlook.OlMailRecipientType
F5D121ED-C8AC-11D0-BCDB-00C04FD8D5B6,DsPropertyPages.User
F5D121EE-C8AC-11D0-BCDB-00C04FD8D5B6,DsPropertyPages.Group
F5D121EF-C8AC-11D0-BCDB-00C04FD8D5B6,DsPropertyPages.Domain
F5D121F0-C8AC-11D0-BCDB-00C04FD8D5B6,DsPropertyPages.Contact
F5D121F3-C8AC-11D0-BCDB-00C04FD8D5B6,DsPropertyPages.Volume
F5D121F4-C8AC-11D0-BCDB-00C04FD8D5B6,DsPropertyPages.Computer
F5E692D9-8A87-349D-9657-F96E5799D2F4,System.IO.MemoryStream
F5F75737-2843-4F22-933D-C76A97CDA62F,Microsoft WMI Provider Subsystem Decoupled Basic Event Provider
F60163CE-2B8D-458D-AB2C-40F215767514,CLSID_IndexScopeFiller
F6129336-48D9-34C2-B874-29B9F657ECD4,Microsoft.SqlServer.Management.Smo.RoleTypes
F6166DAD-D3BE-4EBD-8419-9B5EAD8D0EC7,ShellItemArray Shell Namespace helper
F618C514-DFB8-11D1-A2CF-00805FC79235,Catalog2 Class
F61FFEC1-754F-11D0-80CA-00AA005B4383,BandProxy
F62D062C-4732-44D2-BD62-124B8AE1657C,WMPlayer PluginsPropPage Class
F64A6DA6-E8AF-4B7B-BCA8-847AE765D538,CrossProcessClientInputEndpoint class
F64F39F4-E155-35BB-8700-FE932FED2D7C,dao.ParameterDirectionEnum
F6506EF5-FBD7-4237-85D3-E3E66B1CAD9D,Microsoft.AnalysisServices.Command
F6594A6D-D57F-4EFD-B2C3-DCD9779E382E,PDF Persistent Handler
F66A6818-F490-431B-8CA4-4CFDA287327B,MSTTS LTS Class
F6914A11-D95D-324F-BA0F-39A374625290,System.DivideByZeroException
F6B13BA7-D626-45E5-82C5-26E596114DC0,WFP Clients Extensible Helper Class
F6B6768F-F99E-4152-8ED2-0412F78517FB,System.EnterpriseServices.Internal.SoapServerTlb
F6B7CD08-8ED4-4586-B77D-BE0CDC3F6304,ByteArray Class
F6B96EDA-1A94-4476-A85F-4D3DC7B39C3F,DvbSiParser Class
F6D90F11-9C73-11D3-B32E-00C04F990BB4,XML DOM Document
F6D90F12-9C73-11D3-B32E-00C04F990BB4,Free Threaded XML DOM Document
F6D90F14-9C73-11D3-B32E-00C04F990BB4,XML Data Source Object
F6D90F16-9C73-11D3-B32E-00C04F990BB4,XML HTTP
F72A76A0-EB0A-11D0-ACE4-0000C0CC16BA,KsDataTypeHandlerVideo2
F72A76E0-EB0A-11D0-ACE4-0000C0CC16BA,KsDataTypeHandlerVBI
F73C1438-71B4-4D91-AD13-1F889A03AC67,PSFactoryBuffer
F744E496-1B5A-489E-81DC-FBD7AC6298A8,Microsoft PenInputPanel Control
F748B5F0-15D0-11CE-BF0D-00AA0044BB60,Microsoft Forms 2.1 Toolbox
F74EFA8E-F053-4E19-8843-0CD017775714,FpMetaInfo Class
F77C0A7D-7395-45C5-BDFC-B096BF6C4DA0,Bluewire Paired Devices Menu
F77D9C1C-5AFF-4341-B028-57F7510AA91C,CLSID_AssociationListExtender
F792BEEE-AEAF-4EBB-AB14-8BC5C8C695A8,Media Foundation MP2demux
F79C0ABE-AE7B-4246-92BE-F0653403ED4F,InsertSpecialFieldRequest Class
F7A4F1DA-96C3-4BCF-BEB3-1D9FFDE89EE9,ComCacheCleanup 1.0 Object
F7AFD75B-BF8C-4A11-BDB9-04AD66182F84,MF Video Presenter 2
F7B9271E-46D8-4B6A-B5CF-E6A4F7F49732,Alternates Class
F7C0039A-4762-488A-B4B3-760EF9A1BA9B,PortableDeviceFTM Class
F7F4A1B6-8E87-452F-A2D7-3077F508DBC0,RandomDissolve
F7FFE0A0-A4F5-44B5-949E-15ED2BC66F9D,MSScreen 9 encoder DMO
F80608CB-5A88-4046-9E4B-3C1BB368F2DA,WMPDMCPlaylist Class
F8075831-E301-41EC-9190-20FB67D6C5B4,SearchResultValueGrid Class
F81B1B56-7613-4EE4-BC05-1FAB5DE5C07E,MF MPEG-4 Property Handler
F81E9010-6EA4-11CE-A7FF-00AA003CA9F6,Shell extensions for sharing
F82B4EF1-93A9-4DDE-8015-F7950A1A6E31,Sync Registration
F8383852-FCD3-11D1-A6B9-006097DF5BD4,Progress Dialog
F8388A40-D5BB-11D0-BE5A-0080C706568E,Infinite Pin Tee Filter
F83CBF45-1C37-4CA1-A78A-28BCB91642EC,CD Audio Burning Hook
F83DAC1C-9BB9-4F2B-B619-09819DA81B0E,IE Registry Tree Options Utility
F846884E-4DAE-37D0-A873-DA58162865DE,Microsoft.SqlServer.Replication.LightPublication
F85C8C6C-C8DF-3DCC-9D47-55A5689E952D,Microsoft.SqlServer.Management.Smo.Month
F85D5D94-6851-44F7-BB3A-BFD0949ABF1D,Tree property value cache
F8735EDF-0671-3C96-A7AA-7787BEFE48E8,Microsoft.SqlServer.Management.Smo.SymmetricKeyEncryption
F87B28F1-DA9A-4F35-8EC0-800EFCF26B83,SPPUIObjectInteractive Class
F885120E-3789-4FD9-865E-DC9B4A6412D2,IARPUninstallStringLauncher
F89E9E58-BD2F-4008-9AC2-0F816C09F4EE,SoftKbdIMX Class
F8B8412B-DEA3-4130-B36C-5E8BE73106AC,CLSID_PreviewHtml
F8BE2AD5-4E99-3E00-B10E-7C54D31C1C1D,System.NotImplementedException
F8C2AB3B-17BC-41DA-9758-339D7DBF2D88,Previous Versions Results Folder
F8D253D9-89A4-4DAA-87B6-1168369F0B21,UpdateServiceManager Class
F8FB6E07-55E6-4BB9-96BC-2393A039CEE7,UIGlobalNotify Class
F90FE5FE-E88B-4578-9C81-79210FD53D41,Infrastructure Adapter Page Selection  Class
F91B9ABC-985B-4C04-B5E7-9C7099FC2CDA,CADProvider
F91D96C7-8509-4D0B-AB26-A0DD10904BB7,CMpeg2Stream
F92DA18B-FD4E-33CF-913D-DEE39889A641,Microsoft.SqlServer.Management.Smo.CollectionNotAvailableException
F92E8C40-3D33-11D2-B1AA-080036A75B03,Display TroubleShoot CPL Extension
F935DC22-1CF0-11D0-ADB9-00C04FD58A0B,Windows Script Host Shell Object
F935DC26-1CF0-11D0-ADB9-00C04FD58A0B,Windows Script Host Network Object
F93AF8D1-6716-3C68-8208-3EABA1B15C2B,Microsoft.Office.Interop.Outlook.OlJournalRecipientType
F94985D5-29F9-4743-9805-99BC3F35B678,MSM Merge Module COM Object
F9589E81-524C-3278-ADA0-AC5CD8370040,Microsoft.SqlServer.Management.Smo.UserDefinedAggregateParameter
F963C5CF-A659-4A93-9638-CAF3CD277D13,DVD State
F975AF2C-9A51-4AF0-91EA-06038698CE38,DirectPlay8 Diagnostics Object
F9769A06-7ACA-4E39-9CFB-97BB35F0E77E,BDA Tuning Model Auxiliary Inputs Tuning Space
F979439C-48B7-4525-AB0E-EEE06439227A,Windows Media Player WMEncPrivatePluginConnector Class
F97B8A60-31AD-11CF-B2DE-00DD01101B85,Stretch
F97D4D52-84A3-4E63-9353-EA325C338AE8,PSFactoryBuffer
F9A7AB61-C0BC-490E-A7FE-BFF26B327A3F,OpenSearch Result Context Menu
F9A874B6-F8A8-4D73-B5A8-AB610816828B,Terminal Services Connection Manager Class
F9AE8980-7E52-11D0-8964-00C04FD611D7,MSIDXS
F9AE8981-7E52-11D0-8964-00C04FD611D7,MSIDXS ErrorLookup
F9B189D7-228B-4F2B-8650-B97F59E02C8C,Microsoft TextInputPanel Object
F9BCB2F0-7DF0-4A39-932E-BDEF29DFB16B,Authentication UI Session Control
F9DB5320-233E-11D1-9F84-707F02C10627,PDF Shell Extension
F9EBBF2D-0C5D-4BF1-AE24-A30F7796D178,PSFactoryBuffer
F9EFBEC2-4302-11D2-952A-00C04FA34F05,Light
F9F4D292-87F5-4E2D-98A1-590391932490,Windows Media Player WMEncBasicEdit Class
FA0B54D5-F221-3648-A20C-F67A96F4A207,System.Runtime.Remoting.Metadata.W3cXsd2001.SoapId
FA10746C-9B63-4B6C-BC49-FC300EA5F256,Enhanced Video Renderer
FA19EF6D-8FF0-4EA0-A45C-D95ECE8399E3,DeviceEmulatorManager Class
FA3E1D55-16DF-446D-872E-BD04D4F39C93,CUserPropPages Class
FA4B375A-45B4-4D45-8440-263957B11623,Microsoft DVBS Network Provider
FA4ECB00-AD7B-4E7D-BB72-1335E9C06E8B,SQL Active Scripting Host
FA5FE7C5-6A1D-4B11-B41F-F959D6C76500,Microsoft MPEG-2 Media Foundation Media Sink
FA734ED0-0B35-47BD-8584-C2973F93D31B,Microsoft.AnalysisServices.MembersWithData
FA77A74E-E109-11D0-AD6E-00C04FD8FDFF,WBEM Registry Event Provider
FA79C76A-E3F2-4054-BCAE-E86EE728F342,Microsoft.AnalysisServices.KeyErrorLimitAction
FA7C375B-66A7-4280-879D-FD459C84BB02,WebDVD Adminitration class
FA8A68B2-C864-4BA2-AD53-D3876A87494B,StreamBufferConfig
FAA99115-B330-37B6-A0C8-7FD2E268B9AD,Microsoft.SqlServer.Management.Smo.InvalidVersionSmoOperationException
FAB24754-0440-439B-A223-B1D360062D1D,Dhcp Quarantine Enforcement Client Callback Component
FAB438CF-3D70-450E-85C5-10B4ABC07D6D,Microsoft.AnalysisServices.ProcessingMode
FABD3F7B-573B-476C-929F-D49251894739,Microsoft.VisualStudio.OfficeTools.Designer2007.VSTDocumentDesigner
FABD6EA5-AE10-4E7A-B83B-5F07ACC84214,WPD Settings Review Page Class
FAC1D9C0-0296-11D1-A840-00A0C92C9D5D,DiskManagement.SnapInAbout
FAC67227-E178-4FAB-9FEA-B4E77D3DBE7D,Video Extension Class
FACFD311-88A5-3FD7-8E35-273A4DE711BE,Microsoft.SqlServer.Replication.SubscriptionBackupDeviceType
FAEB54C4-F66F-4806-83A0-805299F5E3AD,Microsoft Feeds Manager (scripting)
FAF53CC4-BD73-4E36-83F1-2B23F46E513E,VssEvent
FB05BD95-07DA-4E76-99A4-649C73E19F33,Microsoft.AnalysisServices.TimeBinding
FB479C02-9EC4-4FED-8599-DEBE037452CB,Shell Hardware Mixed Content Handler Cancelled
FB4CDF30-A741-421D-BCFA-6CC530D053FB,Microsoft.SQLLITE.MOBILE.OLEDB.3.0
FB64825E-498C-45E8-ADD4-37E0C4FC68A6,SBE Stats - Mpeg2 Video Stream Analysis
FB74F625-7D25-4455-B840-7B870B5B9322,Windows Media SDK MSB Source Plugin
FB860C3B-7B27-4E13-B7D2-A434CA163458,ReportPartID Class
FBAB033B-CDD0-4C5E-81AB-AEA575CD1338,Certificates Class
FBE5C2F7-027E-4033-AFCD-FAA04AF9BE8D,Authentication UI Background Dialog
FBEB8A05-BEEE-4442-804E-409D6C4515E9,ShellFolder for CD Burning
FBEBB71B-A592-4880-B096-9429EBE119DB,Extensible L2Sec Helper Class
FBF23B40-E3F0-101B-8488-00AA003E56F8,Internet Shortcut
FC042757-46DC-4757-B452-FEB27A5462C4,ConnectionDirectory Class
FC13A7D5-E2B3-37BA-B807-7FA6238284D5,System.Security.Cryptography.SHA1CryptoServiceProvider
FC220AD8-A72A-4EE8-926E-0B7AD152A020,MXXMLWriter
FC43119B-8F68-3746-A086-F69A7F114536,Microsoft.SqlServer.Management.Smo.SmoApplication+SqlServerRegistrations
FC47060E-6153-4B34-B975-8E4121EB7F3C,DirectPlay8 Thread Pool Object
FC48CC30-4F3E-4FA1-803B-AD0E196A83B1,AccClientDocMgr Class
FC5B8A24-DB05-4A01-8388-22EDF6C2BBBA,Bidi Spooler APIs
FC5DA953-B3E3-4040-83E0-8F7A353D4EB6,SubreportLink Class
FC715823-C5FB-11D1-9EEF-00A0C90347FF,Internet Explorer Maintenance
FC772AB0-0C7F-11D3-8FF2-00A0C9224CF4,BDA MPEG2 Transport Information Filter
FC7E047A-81A9-39E2-80FA-8CDB402D668C,Microsoft.SqlServer.Management.Smo.ExtendedStoredProcedure
FC9892BE-8229-347B-B2FD-31645D987EBB,Microsoft.Office.Interop.Access.AcSearchDirection
FC9A797B-B8B7-3442-B415-55A954A6E04E,Microsoft.SqlServer.Replication.ResynchronizeType
FC9FA247-C458-4522-A057-FCD408AC1F5D,CRVSConfigWebFile Class
FCC152B7-F372-11D0-8E00-00C04FD7C08B,DVD Graph Builder
FCC2867C-69EA-4D85-8058-7C214E611C97,Authentication UI Terminal Services Bump Dialog Server
FCC74B77-EC3E-4DD8-A80B-008A702075A9,ARP UninstallString Launcher
FCCF70C8-F4D7-4D8B-8C17-CD6715E37FFF,Search Control
FCDECE00-A39D-11D0-ABE7-00AA0064D470,ScriptoSys Class
FCEA3268-36AB-3CAE-BF1D-BF003BECE690,Microsoft.AnalysisServices.CalculationType
FCF65F0A-B313-371F-85F9-92C3E8B8F567,Microsoft.AnalysisServices.XmlaRequestType
FCF7A6F2-3300-4386-9A4F-0DD4E3226507,WmiPerf Instance Provider
FCFB58C2-1EB4-3D8D-A21F-A4C7DBA1B7E4,Microsoft.SqlServer.Management.Nmo.NotificationComputedField
FD0A5AF3-B41D-11D2-9C95-00C04F7971E0,IBDA_DeviceControl
FD26EFD9-4581-4C57-AEB8-8914F2C8C91B,Filter Class
FD351EA1-4173-4AF4-821D-80D4AE979048,Stream Buffer V2 Source
FD76C304-255F-4446-A895-6E1967EC4FDC,AppLocker Group Policy Editor Extension
FD7F26E3-9788-4070-BEEC-4EAECBCDDA60,IE JScript Profiler Core
FD7F2B29-24D0-4B5C-B177-592C39F9CA10,psfactorybuffer
FD853CD9-7F86-11D0-8252-00C04FD85AB4,CLSID_IMimeInternational
FD853CDB-7F86-11D0-8252-00C04FD85AB4,CLSID_IMimeBody
FD853CDC-7F86-11D0-8252-00C04FD85AB4,CLSID_IMimeMessageParts
FD853CDD-7F86-11D0-8252-00C04FD85AB4,CLSID_IMimeAllocator
FD853CDE-7F86-11D0-8252-00C04FD85AB4,CLSID_IMimeSecurity
FD853CDF-7F86-11D0-8252-00C04FD85AB4,CLSID_IVirtualStream
FD853CE0-7F86-11D0-8252-00C04FD85AB4,CLSID_IMimeHeaderTable
FD853CE1-7F86-11D0-8252-00C04FD85AB4,CLSID_IMimePropertySet
FD853CE2-7F86-11D0-8252-00C04FD85AB4,CLSID_IMimeMessageTree
FD853CE3-7F86-11D0-8252-00C04FD85AB4,CLSID_IMimeMessage
FD853CE6-7F86-11D0-8252-00C04FD85AB4,CLSID_ISMTPTransport
FD853CE7-7F86-11D0-8252-00C04FD85AB4,CLSID_IPOP3Transport
FD853CE8-7F86-11D0-8252-00C04FD85AB4,CLSID_INNTPTransport
FD853CE9-7F86-11D0-8252-00C04FD85AB4,CLSID_IRASTransport
FD853CEA-7F86-11D0-8252-00C04FD85AB4,CLSID_IRangeList
FD853CEB-7F86-11D0-8252-00C04FD85AB4,CLSID_IIMAPTransport
FD853CED-7F86-11D0-8252-00C04FD85AB4,CLSID_IMimePropertySchema
FD8C8FCE-4F85-36B2-B8E8-F5A183654539,System.Runtime.Remoting.Lifetime.ClientSponsor
FD8D3A5F-6066-11D1-8C13-00C04FD8D503,Microsoft OrganizationUnit Extension
FDA6EEC2-325B-4E8A-A8C7-1C75DFBE72D5,PSFactoryBuffer
FDA9372F-1E5F-34D5-8FF8-9F5570BF1EB0,Microsoft.SqlServer.Management.Smo.Broker.ServiceContractMapping
FDAD9630-63D0-3A47-9482-C9B543310F5E,Microsoft.AnalysisServices.PartitionType
FDB2DC94-B5A0-3702-AE84-BBFA752ACB36,System.Runtime.InteropServices.OutAttribute
FDC2AA4D-77F7-4DF8-ADA1-70EE3836F3FD,Microsoft.AnalysisServices.DimensionType
FDE7673D-2E19-4145-8376-BBD58C4BC7BA,IE Custom MRU AutoCompleted List
FDF9C30D-CCAB-3E2D-B584-9E24CE8038E3,System.Security.Cryptography.SHA1Managed
FDFE6E9F-C417-4C6D-9A8E-0676F75CD464,BooleanFieldFormatConditionFormulas Class
FE05A222-0875-42E6-896E-EE3851326361,Special
FE1290F0-CFBD-11CF-A330-00AA00C16E65,"@%SystemRoot%\system32\dsquery.dll,-553"
FE217CB2-0B2C-48C9-90CA-8D8BCA79248D,Teredo Helper Class
FE5AFCF2-E681-4ADA-9703-EF39B8ECB9BF,Library Description
FE6B11C3-C72E-4061-86C6-9D163121F229,Microsoft Feeds Manager
FE6C5A6B-2708-3024-A7BF-E3E656AEA07A,Microsoft.SqlServer.Management.Smo.StoredProcedure
FE7C0D2B-27F1-4E97-951B-CF6E165EEAB6,TSMFActivate Class
FE841493-835C-4FA3-B6CC-B4B2D4719848,EnumEnhancedStorageACT Class
FE883157-CEBD-4570-B7A2-E4FE06ABE626,WSecEdit RSOP Security Settings Class
FE8DAFE1-6D70-4AF9-B191-177238D7493F,VM Debugger
FE9AF5C0-D3B6-11CE-A5B6-00AA00680C3F,WBEM Registry Instance Provider
FEA4300C-7959-4147-B26A-2377B9E7A91D,DirectSoundFullDuplex Object
FEB50740-7BEF-11CE-9BD9-0000E202599C,MPEG Video Codec
FEBF233D-E8CF-4EAF-8B2A-ED7E1C9E183D,Microsoft.AnalysisServices.Annotation
FEC52D45-D657-42C3-B43E-BF64B95E7072,WIA Preview Component
FECD606E-7161-4CBC-A868-4703867823EA,WMDM Transcode Property Page
FED0C867-E5FE-380E-B496-CA92D27109D7,Microsoft.SqlServer.Replication.MergePullSubscription
FEF968BA-AD34-30E5-8709-A055B92D8F75,Microsoft.SqlServer.Management.Smo.DataType
FF0542D7-3DCC-3349-B0F3-AF6C5AC82868,Microsoft.SqlServer.Management.Smo.IndexedColumn
FF0EC373-ABAD-44DD-9ECC-9FB6BB55F54E,Microsoft SQL Server Subscriber Always Wins Conflict Resolver
FF14D5B3-1718-4071-9306-3B9B80BBB36A,CRPackage2 Class
FF151822-B0BF-11D1-A80D-000000000000,Microsoft OLE DB Root Binder for Internet Publishing
FF363BFE-4941-4179-A81C-F3F1CA72D820,HomeGroup SSO
FF393560-C2A7-11CF-BFF4-444553540000,History
FF3AE31D-55B0-4945-BDE9-622ABB334C1A,WABSyncConfigUI
FF48DBA4-60EF-4201-AA87-54103EEF594E,UIAutomation Client Central Class
FF5FAFD8-CBCB-4EF9-ADC0-45A62B681E96,Debug Information Accessor w/o Global Memory Usage
FF609CC7-D34D-4049-A1AA-2293517FFCC6,SetBackgroundContextMenu
FF8A32E3-A9A7-4093-B9C4-5B5B4F30AB63,CLSID_ResultShape
FF8A71C2-7EB8-418B-950D-3B49F43F024F,CWinCredProvider
FF9E6131-A8C1-4188-AA03-82E9F10A05A8,Elevatable Shortcut
FFB8655F-81B9-4FCE-B89C-9A6BA76D13E7,Shell Execute Hardware Event Handler
FFC9F9AE-E87A-3252-8E25-B22423A40065,System.ThreadStaticAttribute
FFCDB781-D71C-4D10-BD5F-0492EAFFD90A,PSFactoryBuffer
FFD90217-F7C2-4434-9EE1-6F1B530DB20F,XML Feed Moniker
FFE1DF5F-9F06-46D3-AF27-F1FC10D63892,HomeGroup CPL Advanced Settings Writer
FFE2A43C-56B9-4BF5-9A79-CC6D4285608A,Windows Photo Viewer Image Verbs
00000000-0000-0000-C000-000000000046,IUnknown
00000001-0000-0000-C000-000000000046,IClassFactory
0000000A-0000-0000-C000-000000000046,ILockBytes
0000000A-0000-0010-8000-00AA006D2EA4,_DAO
0000000B-0000-0000-C000-000000000046,IStorage
0000000C-0000-0000-C000-000000000046,IStream
0000000D-0000-0000-C000-000000000046,IEnumSTATSTG
0000000E-0000-0000-C000-000000000046,IBindCtx
0000000F-0000-0000-C000-000000000046,IMoniker
00000010-0000-0000-C000-000000000046,IRunningObjectTable
00000012-0000-0000-C000-000000000046,IRootStorage
00000021-0000-0010-8000-00AA006D2EA4,_DBEngine
00000022-0000-0000-C000-000000000046,ISurrogate
00000023-0000-0010-8000-00AA006D2EA4,Error
00000025-0000-0010-8000-00AA006D2EA4,Errors
00000026-0000-0000-C000-000000000046,IUrlMon
00000027-0000-0010-8000-00AA006D2EA4,Property
00000029-0000-0010-8000-00AA006D2EA4,Properties
00000030-0000-0000-C000-000000000046,ISynchronize
00000031-0000-0010-8000-00AA006D2EA4,Recordset
00000033-0000-0010-8000-00AA006D2EA4,Recordsets
00000039-0000-0010-8000-00AA006D2EA4,Workspace
0000003B-0000-0010-8000-00AA006D2EA4,Workspaces
00000040-A8F2-4877-BA0A-FD2B6645FB94,IWICPalette
00000041-0000-0010-8000-00AA006D2EA4,Connection
00000043-0000-0010-8000-00AA006D2EA4,Connections
00000049-0000-0010-8000-00AA006D2EA4,_TableDef
0000004B-0000-0010-8000-00AA006D2EA4,TableDefs
00000051-0000-0010-8000-00AA006D2EA4,_Field
00000053-0000-0010-8000-00AA006D2EA4,Fields
00000059-0000-0010-8000-00AA006D2EA4,_Index
0000005B-0000-0010-8000-00AA006D2EA4,Indexes
0000005D-0000-0010-8000-00AA006D2EA4,IndexFields
00000061-0000-0010-8000-00AA006D2EA4,_Group
00000063-0000-0010-8000-00AA006D2EA4,Groups
00000069-0000-0010-8000-00AA006D2EA4,_User
0000006B-0000-0010-8000-00AA006D2EA4,Users
00000071-0000-0010-8000-00AA006D2EA4,Database
00000073-0000-0010-8000-00AA006D2EA4,Databases
00000079-0000-0010-8000-00AA006D2EA4,_QueryDef
0000007B-0000-0010-8000-00AA006D2EA4,QueryDefs
00000081-0000-0010-8000-00AA006D2EA4,Parameter
00000083-0000-0010-8000-00AA006D2EA4,Parameters
00000089-0000-0010-8000-00AA006D2EA4,_Relation
0000008B-0000-0010-8000-00AA006D2EA4,Relations
00000091-0000-0010-8000-00AA006D2EA4,Container
00000093-0000-0010-8000-00AA006D2EA4,Containers
00000099-0000-0010-8000-00AA006D2EA4,Document
0000009B-0000-0010-8000-00AA006D2EA4,Documents
000000A0-0000-0010-8000-00AA006D2EA4,_Collection
000000A2-0000-0010-8000-00AA006D2EA4,_DynaCollection
00000100-0000-0000-C000-000000000046,IEnumUnknown
00000101-0000-0000-C000-000000000046,IEnumString
00000102-0000-0000-C000-000000000046,IEnumMoniker
00000103-0000-0000-C000-000000000046,IEnumFORMATETC
00000103-A8F2-4877-BA0A-FD2B6645FB94,IWICBitmapEncoder
00000104-0000-0000-C000-000000000046,IEnumOLEVERB
00000105-0000-0000-C000-000000000046,IEnumSTATDATA
00000105-A8F2-4877-BA0A-FD2B6645FB94,IWICBitmapFrameEncode
00000109-0000-0000-C000-000000000046,IPersistStream
0000010A-0000-0000-C000-000000000046,IPersistStorage
0000010B-0000-0000-C000-000000000046,IPersistFile
0000010C-0000-0000-C000-000000000046,IPersist
0000010D-0000-0000-C000-000000000046,IViewObject
0000010E-0000-0000-C000-000000000046,IDataObject
0000010F-0000-0000-C000-000000000046,IAdviseSink
00000112-0000-0000-C000-000000000046,IOleObject
00000113-0000-0000-C000-000000000046,IOleInPlaceObject
00000114-0000-0000-C000-000000000046,IOleWindow
00000115-0000-0000-C000-000000000046,IOleInPlaceUIWindow
00000116-0000-0000-C000-000000000046,IOleInPlaceFrame
00000117-0000-0000-C000-000000000046,IOleInPlaceActiveObject
00000118-0000-0000-C000-000000000046,IOleClientSite
00000119-0000-0000-C000-000000000046,IOleInPlaceSite
0000011A-0000-0000-C000-000000000046,IParseDisplayName
0000011B-0000-0000-C000-000000000046,IOleContainer
0000011C-0000-0000-C000-000000000046,IOleItemContainer
0000011D-0000-0000-C000-000000000046,IOleLink
0000011E-0000-0000-C000-000000000046,IOleCache
00000120-A8F2-4877-BA0A-FD2B6645FB94,IWICBitmapSource
00000121-A8F2-4877-BA0A-FD2B6645FB94,IWICBitmap
00000122-0000-0000-C000-000000000046,IDropTarget
00000123-A8F2-4877-BA0A-FD2B6645FB94,IWICBitmapLock
00000125-0000-0000-C000-000000000046,IAdviseSink2
00000126-0000-0000-C000-000000000046,IRunnableObject
00000127-0000-0000-C000-000000000046,IViewObject2
00000128-0000-0000-C000-000000000046,IOleCache2
00000129-0000-0000-C000-000000000046,IOleCacheControl
0000012A-0000-0000-C000-000000000046,IContinue
00000131-0000-0000-C000-000000000046,IRemUnknown
00000132-0000-0000-C000-000000000046,ILocalSystemActivator
00000134-0000-0000-C000-000000000046,IRundown
00000135-0000-0000-C000-000000000046,IInterfaceFromWindowProp
00000136-0000-0000-C000-000000000046,ISCMLocalActivator
00000138-0000-0000-C000-000000000046,IPropertyStorage
00000139-0000-0000-C000-000000000046,IEnumSTATPROPSTG
0000013A-0000-0000-C000-000000000046,IPropertySetStorage
0000013B-0000-0000-C000-000000000046,IEnumSTATPROPSETSTG
0000013C-0000-0000-C000-000000000046,IRemUnknownN
00000140-0000-0000-C000-000000000046,IClassActivator
00000141-0000-0000-C000-000000000046,IDLLHost
00000142-0000-0000-C000-000000000046,IRemoteQI
00000143-0000-0000-C000-000000000046,IRemUnknown2
00000150-0000-0000-C000-000000000046,AsyncIAdviseSink
00000151-0000-0000-C000-000000000046,AsyncIAdviseSink2
00000160-0000-0000-C000-000000000046,IPrivDragDrop
000001A0-0000-0000-C000-000000000046,ISystemActivator
00000266-0000-0010-8000-00AA006D2EA4,RecordsetEvents
00000302-A8F2-4877-BA0A-FD2B6645FB94,IWICBitmapScaler
00000400-0000-0010-8000-00AA006D2EA4,ConnectionEvents
00000401-A8F2-4877-BA0A-FD2B6645FB94,IWICColorTransformOverride
00000500-0000-0010-8000-00AA006D2EA4,Error
00000501-0000-0010-8000-00AA006D2EA4,Errors
00000503-0000-0010-8000-00AA006D2EA4,Property
00000504-0000-0010-8000-00AA006D2EA4,Properties
00000505-0000-0010-8000-00AA006D2EA4,Field15
00000506-0000-0010-8000-00AA006D2EA4,Fields15
00000508-0000-0010-8000-00AA006D2EA4,Command15
0000050C-0000-0010-8000-00AA006D2EA4,_Parameter
0000050D-0000-0010-8000-00AA006D2EA4,Parameters
0000050E-0000-0010-8000-00AA006D2EA4,Recordset15
00000512-0000-0010-8000-00AA006D2EA4,_Collection
00000513-0000-0010-8000-00AA006D2EA4,_DynaCollection
00000515-0000-0010-8000-00AA006D2EA4,Connection15
00000534-0000-0010-8000-00AA006D2EA4,_ADO
0000054C-0000-0010-8000-00AA006D2EA4,Field20
0000054D-0000-0010-8000-00AA006D2EA4,Fields20
0000054E-0000-0010-8000-00AA006D2EA4,Command25
0000054F-0000-0010-8000-00AA006D2EA4,Recordset20
00000550-0000-0010-8000-00AA006D2EA4,_Connection
00000555-0000-0010-8000-00AA006D2EA4,Recordset21
00000556-0000-0010-8000-00AA006D2EA4,_Recordset
00000562-0000-0010-8000-00AA006D2EA4,_Record
00000563-0000-0010-8000-00AA006D2EA4,IRecFields
00000564-0000-0010-8000-00AA006D2EA4,Fields
00000565-0000-0010-8000-00AA006D2EA4,_Stream
00000569-0000-0010-8000-00AA006D2EA4,Field
00000603-0000-0010-8000-00AA006D2EA4,_Catalog
00000610-0000-0010-8000-00AA006D2EA4,_Table
00000611-0000-0010-8000-00AA006D2EA4,Tables
00000613-0000-0010-8000-00AA006D2EA4,View
00000614-0000-0010-8000-00AA006D2EA4,Views
00000616-0000-0010-8000-00AA006D2EA4,_Group25
00000617-0000-0010-8000-00AA006D2EA4,Groups
00000619-0000-0010-8000-00AA006D2EA4,_User25
0000061A-0000-0010-8000-00AA006D2EA4,Users
0000061C-0000-0010-8000-00AA006D2EA4,_Column
0000061D-0000-0010-8000-00AA006D2EA4,Columns
0000061F-0000-0010-8000-00AA006D2EA4,_Index
00000620-0000-0010-8000-00AA006D2EA4,Indexes
00000622-0000-0010-8000-00AA006D2EA4,_Key
00000623-0000-0010-8000-00AA006D2EA4,Keys
00000625-0000-0010-8000-00AA006D2EA4,Procedure
00000626-0000-0010-8000-00AA006D2EA4,Procedures
00000627-0000-0010-8000-00AA006D2EA4,_User
00000628-0000-0010-8000-00AA006D2EA4,_Group
00020020-0000-0000-C000-000000000046,AVIFile Interface 1.22
00020021-0000-0000-C000-000000000046,AVIStream Interface
00020400-0000-0000-C000-000000000046,IDispatch
00020401-0000-0000-C000-000000000046,ITypeInfo
00020402-0000-0000-C000-000000000046,ITypeLib
00020403-0000-0000-C000-000000000046,ITypeComp
00020404-0000-0000-C000-000000000046,IEnumVARIANT
00020411-0000-0000-C000-000000000046,ITypeLib2
00020412-0000-0000-C000-000000000046,ITypeInfo2
000214E2-0000-0000-C000-000000000046,IShellBrowser
000214E3-0000-0000-C000-000000000046,IShellView
000214E5-0000-0000-C000-000000000046,IShellIcon
000214E6-0000-0000-C000-000000000046,IShellFolder
000214EA-0000-0000-C000-000000000046,IPersistFolder
000214EE-0000-0000-C000-000000000046,IShellLinkA
000214F1-0000-0000-C000-000000000046,ICommDlgBrowser
000214F2-0000-0000-C000-000000000046,IEnumIDList
000214F9-0000-0000-C000-000000000046,IShellLinkW
000214FE-0000-0000-C000-000000000046,IRemoteComputer
0002DF05-0000-0000-C000-000000000046,IWebBrowserApp
0002E000-0000-0000-C000-000000000046,IEnumGUID
0002E011-0000-0000-C000-000000000046,IEnumCATEGORYINFO
0002E012-0000-0000-C000-000000000046,ICatRegister
0002E013-0000-0000-C000-000000000046,ICatInformation
00067063-0000-0000-C000-000000000046,IMsoMailSite2
0006726F-0000-0000-C000-000000000046,IMsoMailEditor2
000672AC-0000-0000-C000-000000000046,IMsoEnvelopeVB
000672AD-0000-0000-C000-000000000046,IMsoEnvelopeVBEvents
000B013C-0000-0000-C000-000000000046,AsyncIRemUnknownN
000C0300-0000-0000-C000-000000000046,_IMsoDispObj
000C0301-0000-0000-C000-000000000046,_IMsoOleAccDispObj
000C0302-0000-0000-C000-000000000046,_CommandBars
000C0304-0000-0000-C000-000000000046,CommandBar
000C0306-0000-0000-C000-000000000046,CommandBarControls
000C0308-0000-0000-C000-000000000046,CommandBarControl
000C030A-0000-0000-C000-000000000046,CommandBarPopup
000C030C-0000-0000-C000-000000000046,_CommandBarComboBox
000C030D-0000-0000-C000-000000000046,_CommandBarActiveX
000C030E-0000-0000-C000-000000000046,_CommandBarButton
000C0310-0000-0000-C000-000000000046,Adjustments
000C0311-0000-0000-C000-000000000046,CalloutFormat
000C0312-0000-0000-C000-000000000046,ColorFormat
000C0313-0000-0000-C000-000000000046,ConnectorFormat
000C0314-0000-0000-C000-000000000046,FillFormat
000C0315-0000-0000-C000-000000000046,FreeformBuilder
000C0316-0000-0000-C000-000000000046,GroupShapes
000C0317-0000-0000-C000-000000000046,LineFormat
000C0318-0000-0000-C000-000000000046,ShapeNode
000C0319-0000-0000-C000-000000000046,ShapeNodes
000C031A-0000-0000-C000-000000000046,PictureFormat
000C031B-0000-0000-C000-000000000046,ShadowFormat
000C031C-0000-0000-C000-000000000046,Shape
000C031D-0000-0000-C000-000000000046,ShapeRange
000C031E-0000-0000-C000-000000000046,Shapes
000C031F-0000-0000-C000-000000000046,TextEffectFormat
000C0320-0000-0000-C000-000000000046,TextFrame
000C0321-0000-0000-C000-000000000046,ThreeDFormat
000C0322-0000-0000-C000-000000000046,Assistant
000C0324-0000-0000-C000-000000000046,Balloon
000C0326-0000-0000-C000-000000000046,BalloonCheckboxes
000C0328-0000-0000-C000-000000000046,BalloonCheckbox
000C032E-0000-0000-C000-000000000046,BalloonLabels
000C0330-0000-0000-C000-000000000046,BalloonLabel
000C0331-0000-0000-C000-000000000046,FoundFiles
000C0332-0000-0000-C000-000000000046,FileSearch
000C0333-0000-0000-C000-000000000046,PropertyTest
000C0334-0000-0000-C000-000000000046,PropertyTests
000C0337-0000-0000-C000-000000000046,IFind
000C0338-0000-0000-C000-000000000046,IFoundFiles
000C0339-0000-0000-C000-000000000046,COMAddIns
000C033A-0000-0000-C000-000000000046,COMAddIn
000C033B-0000-0000-C000-000000000046,_CustomTaskPane
000C033C-0000-0000-C000-000000000046,_CustomTaskPaneEvents
000C033D-0000-0000-C000-000000000046,ICTPFactory
000C033E-0000-0000-C000-000000000046,ICustomTaskPaneConsumer
000C0340-0000-0000-C000-000000000046,Scripts
000C0341-0000-0000-C000-000000000046,Script
000C0351-0000-0000-C000-000000000046,_CommandBarButtonEvents
000C0352-0000-0000-C000-000000000046,_CommandBarsEvents
000C0353-0000-0000-C000-000000000046,LanguageSettings
000C0354-0000-0000-C000-000000000046,_CommandBarComboBoxEvents
000C0356-0000-0000-C000-000000000046,HTMLProject
000C0357-0000-0000-C000-000000000046,HTMLProjectItems
000C0358-0000-0000-C000-000000000046,HTMLProjectItem
000C0359-0000-0000-C000-000000000046,IMsoDispCagNotifySink
000C035A-0000-0000-C000-000000000046,MsoDebugOptions
000C0360-0000-0000-C000-000000000046,AnswerWizard
000C0361-0000-0000-C000-000000000046,AnswerWizardFiles
000C0362-0000-0000-C000-000000000046,FileDialog
000C0363-0000-0000-C000-000000000046,FileDialogSelectedItems
000C0364-0000-0000-C000-000000000046,FileDialogFilter
000C0365-0000-0000-C000-000000000046,FileDialogFilters
000C0366-0000-0000-C000-000000000046,SearchScopes
000C0367-0000-0000-C000-000000000046,SearchScope
000C0368-0000-0000-C000-000000000046,ScopeFolder
000C0369-0000-0000-C000-000000000046,ScopeFolders
000C036A-0000-0000-C000-000000000046,SearchFolders
000C036C-0000-0000-C000-000000000046,FileTypes
000C036D-0000-0000-C000-000000000046,IMsoDiagram
000C036E-0000-0000-C000-000000000046,DiagramNodes
000C036F-0000-0000-C000-000000000046,DiagramNodeChildren
000C0370-0000-0000-C000-000000000046,DiagramNode
000C0371-0000-0000-C000-000000000046,CanvasShapes
000C0372-0000-0000-C000-000000000046,IMsoEServicesDialog
000C0373-0000-0000-C000-000000000046,WebComponentProperties
000C0375-0000-0000-C000-000000000046,UserPermission
000C0376-0000-0000-C000-000000000046,Permission
000C0377-0000-0000-C000-000000000046,SmartDocument
000C0379-0000-0000-C000-000000000046,SharedWorkspaceTask
000C037A-0000-0000-C000-000000000046,SharedWorkspaceTasks
000C037B-0000-0000-C000-000000000046,SharedWorkspaceFile
000C037C-0000-0000-C000-000000000046,SharedWorkspaceFiles
000C037D-0000-0000-C000-000000000046,SharedWorkspaceFolder
000C037E-0000-0000-C000-000000000046,SharedWorkspaceFolders
000C037F-0000-0000-C000-000000000046,SharedWorkspaceLink
000C0380-0000-0000-C000-000000000046,SharedWorkspaceLinks
000C0381-0000-0000-C000-000000000046,SharedWorkspaceMember
000C0382-0000-0000-C000-000000000046,SharedWorkspaceMembers
000C0385-0000-0000-C000-000000000046,SharedWorkspace
000C0386-0000-0000-C000-000000000046,Sync
000C0387-0000-0000-C000-000000000046,DocumentLibraryVersion
000C0388-0000-0000-C000-000000000046,DocumentLibraryVersions
000C0389-0000-0000-C000-000000000046,MsoDebugOptions_UTManager
000C038A-0000-0000-C000-000000000046,MsoDebugOptions_UTs
000C038B-0000-0000-C000-000000000046,MsoDebugOptions_UT
000C038C-0000-0000-C000-000000000046,MsoDebugOptions_UTRunResult
000C038E-0000-0000-C000-000000000046,MetaProperties
000C038F-0000-0000-C000-000000000046,MetaProperty
000C0390-0000-0000-C000-000000000046,ServerPolicy
000C0391-0000-0000-C000-000000000046,PolicyItem
000C0392-0000-0000-C000-000000000046,DocumentInspectors
000C0393-0000-0000-C000-000000000046,DocumentInspector
000C0395-0000-0000-C000-000000000046,IRibbonControl
000C0396-0000-0000-C000-000000000046,IRibbonExtensibility
000C0397-0000-0000-C000-000000000046,TextRange2
000C0398-0000-0000-C000-000000000046,TextFrame2
000C0399-0000-0000-C000-000000000046,ParagraphFormat2
000C039A-0000-0000-C000-000000000046,Font2
000C03A0-0000-0000-C000-000000000046,OfficeTheme
000C03A1-0000-0000-C000-000000000046,ThemeColor
000C03A2-0000-0000-C000-000000000046,ThemeColorScheme
000C03A3-0000-0000-C000-000000000046,ThemeFont
000C03A4-0000-0000-C000-000000000046,ThemeFonts
000C03A5-0000-0000-C000-000000000046,ThemeFontScheme
000C03A6-0000-0000-C000-000000000046,ThemeEffectScheme
000C03A7-0000-0000-C000-000000000046,IRibbonUI
000C03B2-0000-0000-C000-000000000046,TextColumn2
000C03B9-0000-0000-C000-000000000046,BulletFormat2
000C03BA-0000-0000-C000-000000000046,TabStops2
000C03BB-0000-0000-C000-000000000046,TabStop2
000C03BC-0000-0000-C000-000000000046,SoftEdgeFormat
000C03BD-0000-0000-C000-000000000046,GlowFormat
000C03BE-0000-0000-C000-000000000046,ReflectionFormat
000C03BF-0000-0000-C000-000000000046,GradientStop
000C03C0-0000-0000-C000-000000000046,GradientStops
000C03C1-0000-0000-C000-000000000046,Ruler2
000C03C2-0000-0000-C000-000000000046,RulerLevels2
000C03C3-0000-0000-C000-000000000046,RulerLevel2
000C03C4-0000-0000-C000-000000000046,IBlogExtensibility
000C03C5-0000-0000-C000-000000000046,IBlogPictureExtensibility
000C0410-0000-0000-C000-000000000046,SignatureSet
000C0411-0000-0000-C000-000000000046,Signature
000C0913-0000-0000-C000-000000000046,WebPageFont
000C0914-0000-0000-C000-000000000046,WebPageFonts
000C0936-0000-0000-C000-000000000046,NewFile
000C1025-0000-0000-C000-000000000046,IMsiCustomAction
000C1033-0000-0000-C000-000000000046,IMsiRemoteAPI
000C1093-0000-0000-C000-000000000046,Record
000C1095-0000-0000-C000-000000000046,StringList
000C1096-0000-0000-C000-000000000046,RecordList
000C109A-0000-0000-C000-000000000046,UIPreview
000C109B-0000-0000-C000-000000000046,SummaryInfo
000C109C-0000-0000-C000-000000000046,View
000C109D-0000-0000-C000-000000000046,Database
000C109E-0000-0000-C000-000000000046,Session
000C109F-0000-0000-C000-000000000046,FeatureInfo
000C10A0-0000-0000-C000-000000000046,Product
000C10A1-0000-0000-C000-000000000046,Patch
000C1530-0000-0000-C000-000000000046,OfficeDataSourceObject
000C1531-0000-0000-C000-000000000046,ODSOColumn
000C1532-0000-0000-C000-000000000046,ODSOColumns
000C1533-0000-0000-C000-000000000046,ODSOFilter
000C1534-0000-0000-C000-000000000046,ODSOFilters
000C1709-0000-0000-C000-000000000046,IMsoChart
000C170B-0000-0000-C000-000000000046,IMsoSeries
000C170F-0000-0000-C000-000000000046,IMsoChartTitle
000C1710-0000-0000-C000-000000000046,IMsoLegend
000C1711-0000-0000-C000-000000000046,IMsoDataTable
000C1712-0000-0000-C000-000000000046,Axes
000C1713-0000-0000-C000-000000000046,IMsoAxis
000C1714-0000-0000-C000-000000000046,IMsoCorners
000C1715-0000-0000-C000-000000000046,IMsoWalls
000C1716-0000-0000-C000-000000000046,IMsoFloor
000C1717-0000-0000-C000-000000000046,IMsoBorder
000C1718-0000-0000-C000-000000000046,ChartFont
000C171B-0000-0000-C000-000000000046,IMsoInterior
000C171C-0000-0000-C000-000000000046,ChartFillFormat
000C1723-0000-0000-C000-000000000046,IMsoLeaderLines
000C1724-0000-0000-C000-000000000046,IMsoPlotArea
000C1725-0000-0000-C000-000000000046,GridLines
000C1726-0000-0000-C000-000000000046,IMsoTickLabels
000C1727-0000-0000-C000-000000000046,IMsoChartGroup
000C1728-0000-0000-C000-000000000046,IMsoChartArea
000C1729-0000-0000-C000-000000000046,IMsoSeriesLines
000C172A-0000-0000-C000-000000000046,IMsoUpBars
000C172B-0000-0000-C000-000000000046,ChartGroups
000C172C-0001-0000-C000-000000000046,IMsoDropLines
000C172D-0000-0000-C000-000000000046,IMsoDownBars
000C172E-0000-0000-C000-000000000046,IMsoHiLoLines
000C172F-0000-0000-C000-000000000046,IMsoChartData
000C1730-0000-0000-C000-000000000046,IMsoChartFormat
000C1731-0000-0000-C000-000000000046,IMsoCharacters
000CD100-0000-0000-C000-000000000046,WebComponent
000CD101-0000-0000-C000-000000000046,WebComponentWindowExternal
000CD102-0000-0000-C000-000000000046,WebComponentFormat
000CD6A1-0000-0000-C000-000000000046,SignatureSetup
000CD6A2-0000-0000-C000-000000000046,SignatureInfo
000CD6A3-0000-0000-C000-000000000046,SignatureProvider
000CD706-0000-0000-C000-000000000046,IDocumentInspector
000CD809-0000-0000-C000-000000000046,EncryptionProvider
000CD900-0000-0000-C000-000000000046,WorkflowTask
000CD901-0000-0000-C000-000000000046,WorkflowTasks
000CD902-0000-0000-C000-000000000046,WorkflowTemplate
000CD903-0000-0000-C000-000000000046,WorkflowTemplates
000CDB00-0000-0000-C000-000000000046,CustomXMLPrefixMappings
000CDB01-0000-0000-C000-000000000046,CustomXMLSchema
000CDB02-0000-0000-C000-000000000046,_CustomXMLSchemaCollection
000CDB03-0000-0000-C000-000000000046,CustomXMLNodes
000CDB04-0000-0000-C000-000000000046,CustomXMLNode
000CDB05-0000-0000-C000-000000000046,_CustomXMLPart
000CDB06-0000-0000-C000-000000000046,ICustomXMLPartEvents
000CDB07-0000-0000-C000-000000000046,_CustomXMLPartEvents
000CDB09-0000-0000-C000-000000000046,_CustomXMLParts
000CDB0A-0000-0000-C000-000000000046,ICustomXMLPartsEvents
000CDB0B-0000-0000-C000-000000000046,_CustomXMLPartsEvents
000CDB0E-0000-0000-C000-000000000046,CustomXMLValidationError
000CDB0F-0000-0000-C000-000000000046,CustomXMLValidationErrors
000CDB10-0000-0000-C000-000000000046,CustomXMLPrefixMapping
000E0131-0000-0000-C000-000000000046,AsyncIRemUnknown
000E0134-0000-0000-C000-000000000046,AsyncIRundown
000E0143-0000-0000-C000-000000000046,AsyncIRemUnknown2
001677D0-FD16-11CE-ABC4-02608C9E7553,IADsContainer
00194002-D9C3-11D3-8D59-0050048384E3,ILicAgent
001B27CC-C423-4022-983F-337EBC3684DC,IVsdFolderPlugIn
0027346F-40D0-4B45-8CEC-5906DC0380C8,IVdsSubSystemIscsi
002F59FF-CD86-480C-8AB1-3B889698C72A,ISCRCustomFunction
00394824-DE02-419C-B432-CB3550C13262,IVsdMsiDeploymentManager
004C6A2B-0C19-4C69-9F5C-A269B2560DB9,IWindowsDriverUpdate4
00675040-6908-45F8-86A3-49C7DFD6D9AD,IWICPersistStream
007D8A14-FDF3-363E-9A0B-FEC0618260A2,_MethodBuilder
007E4B91-9456-4B04-90FD-DC9BF9E44B65,IShellMenuItem
008F46D7-6327-4C92-84F1-F0EB319CE54A,IVsPublishFileInfoEnum
00A358D4-4D58-3B9D-8FB6-FB7F6BC1713B,IDynamicProperty
00AA70CB-8E62-4BB5-9C05-D56E3331AC79,ISdLocalCatalog
00AE51BD-26D7-4974-801B-B0890E1753F8,IVsComponentSelectorDlg3
00AE8203-987D-3B7E-9448-5B3393282D7F,_Label
00BC0E66-A62F-4E59-8938-F41391BF6168,IVsdCustomFolder
00E4C220-FD16-11CE-ABC4-02608C9E7553,IADsDomain
00E52487-E08D-4514-B62E-877D5645F5AB,IAzScope interface
00F20E90-2168-4CAB-A8E0-C7D0029965E6,IPhotoAcquireFilenameToken
00F21B58-04DC-4C74-B012-8C534BCFBE14,IPathnameFromTemplate
00F21C97-28BF-4C02-B842-5E4E90139A30,IPhotoAcquireItem
00F21FD3-30D4-4AF5-83A9-6CC719274F80,IPhotoAcquireCancelReason
00F22EBA-80C4-4A00-AF35-413D532D9518,IChararacterReplacement
00F232D5-AAF1-4406-A10A-DDB4FC453E92,ICreatedDirectories
00F23353-E31B-4955-A8AD-CA5EBF31E2CE,IPhotoAcquire
00F242D0-B206-4E7D-B4C1-4755BCBB9C9F,IPhotoProgressActionCB
00F243A1-205B-45BA-AE26-ABBC53AA7A6F,IUserInputString
00F246F9-0750-4F08-9381-2CD8E906A4AE,IPhotoProgressDialog
00F28837-55DD-4F37-AAF5-6855A9640467,IPhotoAcqDeviceSelectionDlg
00F2B1F8-C485-4DB4-B064-D4CC684D8163,IPhotoAcquireOptionsDeviceType
00F2B3EE-BF64-47EE-89F4-4DEDD79643F2,IPhotoAcquireOptionsDialog
00F2B868-DD67-487C-9553-049240767E91,IPhotoAcquireSettings
00F2C703-8613-4282-A53B-6EC59C5883AC,IPhotoAcquireSource
00F2DCEB-ECB8-4F77-8E47-E7A987C83DD0,IPhotoAcquirePlugin
00F2E5B7-E718-4DF8-9A62-5CB79A619F98,IPhotoAcquireGetDeviceType
00FFD6C4-1A94-44BC-AD3E-8AC18552E3E6,IPDDomDocument
01083280-2EA9-4A90-8B93-8C92195527B3,_EnvironmentProjectsAndSolutionProperties
010FC1D0-3EF9-3F3B-AA0A-B78A1FF83A37,_UTF8Encoding
011A90C5-4910-3C29-BBB7-50D05CCBAA4A,_Version
011F04E9-4FD6-4C23-9513-B6B66BB26BE9,IFaxIncomingJobs
012B5ACA-2C43-4950-84E5-DFF74D2603C3,V7ONLY_IDebugClassCreatorEx2
012C26B1-AECC-4E4F-8ED2-3C172966A40F,_SQLMergeEvents
012DD920-7B26-11D0-8CA9-00A0C92DBFE8,IDockingWindow
0130701B-B0BE-474B-B4B6-35BABB2008F1,IVsPackage2
01364E7B-C983-3651-B7D8-FD1B64FC0E00,_SymLanguageVendor
013F9F9C-B449-4EC7-A6D2-9D4F2FC70AE5,IDigitalCableTuningSpace
0145CF32-899E-4784-B04C-674D5E43CBAE,IVCCLCompilerCodeGenPage
014A1425-828B-482A-A386-5763B23531C3,IHCIconP
014E4840-5523-11D0-8812-00A0C903B83C,ICertRequest
01568308-5B2A-4F30-8D0A-E10EE0F28F4A,Find2
015D3D6A-0466-4399-9169-037F2D13D1ED,_ISCRPrintOutputControllerEvents
015E9F67-337C-398A-A0C1-DA4AF1905571,_DateTimeFormatInfo
01689689-7ACB-4E9B-AB7C-7EA46B12B522,ITfCleanupContextSink
016FE2EC-B2C8-45F8-B23B-39E53A75396B,IWinHttpRequest
0178FAD1-B361-4B27-96AD-67C57EBF2E1D,MenuItem
017B23D5-86A1-4D9C-9E60-B0C30B45F731,IAllowBlock
01954E6B-9254-4E6E-808C-C9E05D007696,IVssEnumMgmtObject
01958640-BBFF-11D0-8825-00A0C903B83C,ICertEncodeCRLDistInfo
01980EA6-1D33-49A1-85F9-F02672472CA2,IInitializeLocationAssociation
0199568A-F46D-4B53-99F6-F637E08314B2,IPrivacIEDatabase
019BCA22-436E-424D-914D-43C277CBCD3D,IUnifiedListViewOwner
01A0DCFF-7584-4E9A-B4C9-D7908A002D66,KiwiCTimer
01ADC2BD-B2EA-443E-9086-0967E59B0D90,IMigrationPlugin
01AFD447-60CA-3B67-803A-E57B727F3A5B,_ApplicationTrustEnumerator
01B7BD23-FB88-4A77-8490-5891D3E4653A,IBackgroundCopyFile
01B8912E-05CD-4EB2-8B4B-9112E8C2A8BE,INewObjectHandler
01C2D285-D3C7-4B7B-B5B5-D97411D0C283,ITfLangBarItemBalloon
01D6D462-367F-4970-A538-5F9D0584121F,IWMEncDataView
01E44665-24AC-101B-84ED-08002B2EC713,IPropertyPage2
01E95D2E-2D20-4662-9DE7-4C1C35524260,IVsObjectManager
01F5F85E-0A81-40DA-A7C8-21EF3AF8440C,IWindowsMediaLibrarySharingServices
02000584-947B-4FB3-ABB0-11F8C782D4DA,ITabWindowImage
021E0321-E397-41A1-A6F1-18600895F4B0,IEventNotificationCallback
021E6F47-2241-30DE-9730-A8A1BDF484E2,_SecurityCallContext
02273422-8DD4-4A9F-8A8B-D70443D510F4,SelectionContainer
022A5835-C2E1-4870-9ABA-A21B90304A45,ISetupInfo
02305531-F76F-4A4D-A760-B1192E72C6D5,IBreadcrumbBar
0238DCC5-62D6-4DAC-A977-2C6A36C502F4,IVsOutput
02468693-E7E5-4C6B-9995-64CE5F51CEC4,IDelegateHostItemContainer
024C21B0-25AB-11D2-9C5A-0060083E8189,IOrclDebugServices
024E9756-BA6C-4AD1-8321-87BAE78FD0E3,IWscASStatus
0262A0B2-C948-423A-BC29-F83011294DEC,ISnmpTable
0278C819-0C06-3756-B053-601A3E566D9B,_IsVolatile
027947E1-D731-11CE-A357-000000000001,IEnumWbemClassObject
027C036A-4052-3821-85DE-B53319DF1211,ISymbolBinder1
02820E19-7B98-4ED2-B2E8-FDCCCEFF619B,IActionCollection
028212A3-B627-47E9-8856-C14265554E4F,INameSpaceTreeControl
02976472-2113-470F-9138-5BD3B463D7BC,IDebugTSQLAutoAttachEvent
02A4B17C-0FB5-466E-816F-2880F6F68F23,IVsWebProjectItemProperties
02AC210F-139B-4F8E-9159-501CF2A87D6E,IVsEditorFactoryNotify
02B4F6D3-03FA-4615-BC9B-BB6BF360598D,ICcFileContainer
02BA3B52-0547-11D1-B833-00C04FC9B31F,IBrowserService
02BDDCF0-A86C-4212-8933-90F234DF434F,IInitializeResultSetFactory
02D1BD78-3BB6-37AD-A9F8-F7D5DA273E4E,_ServerFault
02E4A2DE-DA20-4E34-89C8-AC22275A010B,INetSharingPortMappingCollection
02EFD952-FF8C-3B72-8C33-739A506D53D9,_CodeAttributeArgument
02F72D63-4756-11D4-BF2A-00609708411E,IQEParameterValue
0316560B-5DB4-4ED9-BBB5-213436DDC0D9,IVdsRemovable
0323648F-FF62-48CC-A9DE-ABBDA1550CAA,ICommandDescriptor
0326A1C1-211D-4BB9-B627-102CC12015F4,IWMSmartPlaylistQuerySetHelper
0326D857-F842-30D0-BD12-01BFB1D2F17A,_ContextUtil
032AAC35-8C0E-4D9D-979F-E3B702935576,IVBSAXLexicalHandler
032B3ADC-569B-48AA-AE08-62BCC3C5266B,IMFRtspSinkActivate
03304641-500B-4CA7-AC4B-CE9D8394D3CD,VCProjectEngine
0343E2F4-86F6-11D1-B760-00C04FB926AF,IEventControl
0343E2F5-86F6-11D1-B760-00C04FB926AF,IMultiInterfaceEventControl
0360ED9C-9DD6-4465-ACBD-EACA49A9C63A,ICQryAutoDSCollection
036467F3-50DE-11D3-916E-00902741EE7C,ISCRConnectionDirectoryItem
0369B4E0-45B6-11D3-B650-00C04F79498E,IChannelTuneRequest
0369B4E1-45B6-11D3-B650-00C04F79498E,IATSCChannelTuneRequest
0369B4E2-45B6-11D3-B650-00C04F79498E,IATSCTuningSpace
036FBE7A-9ABD-4894-B7F6-1ED3BD0EE247,IVsQueryUndoUnit
037117A3-2094-4E7B-8C89-4FB75125156A,IVCXDCMakeGeneralPage
03719B9D-3B5A-4651-8E6F-2FAA5314B1E9,IImeCandidateChineseCharacterCategory
0377986B-C450-453C-A7BE-67116C9129A6,IVsIntellisenseHost
037AD859-7A75-4CF3-8A38-83D6E045FEE3,_ImportsEvents
037EDD0F-8551-4F7F-8CA0-04D9E29F532D,IDebugDocumentPositionOffset2
038374FF-098B-11D8-9414-505054503030,IDataCollector
03837502-098B-11D8-9414-505054503030,IDataCollectorCollection
03837506-098B-11D8-9414-505054503030,IPerformanceCounterDataCollector
0383750B-098B-11D8-9414-505054503030,ITraceDataCollector
03837510-098B-11D8-9414-505054503030,ITraceDataProviderCollection
03837512-098B-11D8-9414-505054503030,ITraceDataProvider
03837514-098B-11D8-9414-505054503030,IConfigurationDataCollector
03837516-098B-11D8-9414-505054503030,IAlertDataCollector
0383751A-098B-11D8-9414-505054503030,IApiTracingDataCollector
03837520-098B-11D8-9414-505054503030,IDataCollectorSet
03837524-098B-11D8-9414-505054503030,IDataCollectorSetCollection
03837533-098B-11D8-9414-505054503030,IValueMapItem
03837534-098B-11D8-9414-505054503030,IValueMap
0383753A-098B-11D8-9414-505054503030,ISchedule
0383753D-098B-11D8-9414-505054503030,IScheduleCollection
03837541-098B-11D8-9414-505054503030,IDataManager
03837543-098B-11D8-9414-505054503030,IFolderAction
03837544-098B-11D8-9414-505054503030,IFolderActionCollection
0395F7CF-6B47-4ECB-B2E7-8002E325A348,IWMPDMCPlaylist
03973551-57A1-3900-A2B5-9083E3FF2943,_Activator
03985C95-581B-44D1-9403-8488B347538B,IDeviceEvents
03A9A5EE-48C8-4832-9025-AAD503C46526,IAzTask2 interface
03AEFCEA-62A9-4606-8E17-7CB0FC13D5E0,IPreferPropertyPagesWithTreeControl
03C2AEA5-BEFA-4C84-A187-C9245AC784F6,IPDomWord
03CB2711-24D7-4DB6-A17F-F3A7A479A536,IMFPresentationDescriptor
03DE00AA-F272-41E3-99CB-03C5E8114EA0,ICoCreateLocally
03DE9352-B0AC-11D6-B6FC-005056C00008,IVersion
03DE9359-B0AC-11D6-B6FC-005056C00008,IRegistryKey
03DE935A-B0AC-11D6-B6FC-005056C00008,IRegistryValue
03DE935E-B0AC-11D6-B6FC-005056C00008,ISerializer
03DE935F-B0AC-11D6-B6FC-005056C00008,ICustomInformation
03DE9362-B0AC-11D6-B6FC-005056C00008,IFileComClass
03DE9364-B0AC-11D6-B6FC-005056C00008,IFileComInterfaceProxyStub
03DE9366-B0AC-11D6-B6FC-005056C00008,IFileTypelib
03DE9368-B0AC-11D6-B6FC-005056C00008,IFileWindowClass
03DE937F-B0AC-11D6-B6FC-005056C00008,ICmiCollection
03E78635-9806-40EA-86FB-99B750316C55,ISCRGroupController
03E958AF-EA6C-4AF7-AD98-49E5274ED3F1,ISetupScriptEngine
03EC7D10-17A5-3585-9A2E-0596FCAC3870,ITrackingHandler
03F1EED2-8676-430B-ABE1-765C1D8FE147,IInternalCustomDestinationList
03F57852-548D-4F31-867F-F19F11A9F60E,_EnvironmentProfilesProperties
03F8E511-43A1-11D3-8BB6-0080C7D6BAD5,IInk
0405AF4F-8B5C-447C-80F2-B75984A31F3C,IUPnPHttpHeaderControl
0422B845-B636-3688-8F61-9B6D93096336,_CaseInsensitiveHashCodeProvider
0429916F-69E1-4336-AB7E-72086FB0D6BC,IVsContainedLanguageHost
042B5200-4317-3E4D-B653-7E9A08F1A5F2,IServerFormatterSinkProvider
04311D35-75EC-347B-BEDF-969487CE4014,_AssemblyDefaultAliasAttribute
0433B3D3-0B25-41CF-B372-BF8F289104C7,IHMEAVTransportServiceEventHandler
043C0DB0-345F-4715-BD44-BB53FE1CC603,ITSEventDispatcher_ITSEvent
0451C390-1F90-341D-9278-B9FF2636D67D,_ComponentChangedEventHandler
04598FC1-866C-11CF-AB7C-00AA00C08FCF,ILabelControl
04598FC2-866C-11CF-AB7C-00AA00C08FCF,ITabStrip
04598FC3-866C-11CF-AB7C-00AA00C08FCF,IScrollbar
04598FC4-866C-11CF-AB7C-00AA00C08FCF,ICommandButton
04598FC6-866C-11CF-AB7C-00AA00C08FCF,IControl
04598FC7-866C-11CF-AB7C-00AA00C08FCF,Controls
04598FC8-866C-11CF-AB7C-00AA00C08FCF,_UserForm
04598FC9-866C-11CF-AB7C-00AA00C08FCF,IMultiPage
04806107-3C85-4851-9BF1-D50231E6CADC,IWMPRemoteApp
04963311-C399-408E-AD51-05D01506EED0,_IWmiObjectSinkSecurity
049D2CDF-3731-4CB6-A233-BE97BCE922D3,SelectedItem
04A35D22-0B08-34E7-A573-88EF2374375E,_MessageSurrogateFilter
04A72314-32E9-48E2-9B87-A63603454F3E,_DTE
04B0F1A7-9490-44BC-96E1-4296A31252E2,IFileOperationProgressSink
04B825B1-AC9A-4F7B-B5AD-C7168F1EE445,ITfFnLMInternal
04BA120E-AD52-4A2D-9807-2DA178D0C3E1,IFolderTypeModifier
04BBD195-0E2D-4593-9BD5-4F908BC33CF5,IScanningTunerEx
04C18CCF-1F57-4CBD-88CC-3900F5195CE3,ISearchRoot
04C6895D-EAF2-4034-97F3-311DE9BE413A,IUpdateSearcher3
04C6BE1E-1DB1-4058-AB7A-700CCCFBF254,ICatalogServices
04CBDD29-D4AF-4D0B-B822-BFA2FC0F2FEE,IWMDRMProfileCollection
04D7282A-7321-482B-997D-65684D805B16,IWMEncPluginInfo
04E32E89-3918-4AFD-B1F9-C9AF04B07DD9,IInstaller
04EC2E43-AC77-49F9-9B98-0307EF7A72A2,ISyncMgrHandler
0509A0CF-6E26-4011-9149-33DF05D7218A,VCDesignElements
050B1813-91DB-47A0-8987-FC55BDD6362B,IDebugSettingsCallback2
050E9E69-BAEA-4C08-AD6A-61666DD32E96,IFileDialogEventsPrivate
0517321B-22CE-4ED1-A86C-BA05BAD085F0,IUpdateMgr
05192769-7D6A-3C8C-94C2-DFA668F61088,_CodeParameterDeclarationExpressionCollection
051A0FA4-FCEE-4E18-BF46-89726728FB26,IDrawAttrs
052019B5-704B-4B99-AEF8-25A11A922B2E,IObjectCompletionInfo
05241989-96C5-3BF9-AB9B-37E261C1B8F8,_TypeConverter
05326C80-1852-493C-8E66-7C8B72A58158,ICmDebugger
053B4A86-0DC9-40A3-B7ED-BC6A2E951F48,IFolderType
055142E9-CAD8-4084-937E-019E2D2A7E55,ICustomDelegateCallback
05532E88-E0F2-3263-9B57-805AC6B6BB72,_ModuleResolveEventHandler
05589FA2-C356-11CE-BF01-00AA0055595A,IActiveMovie
05589FA3-C356-11CE-BF01-00AA0055595A,DActiveMovieEvents
055A5C5E-8A30-4C89-9E70-52D50D7B0F8B,IVsdMsmCache
055B0E0E-3113-4CAE-9EEE-6E63211BEE37,INSSDevice
05792C8E-941F-11D0-8529-00C04FD8D503,IADsPropertyEntry
057A6296-029B-4154-B79A-0D461D4EA94C,ITfRangeACP
0580952F-EA21-44D5-934E-C031A599DCB3,IModemActivation
0587FED2-8072-401F-9090-BCA98C44BBF7,IVsObjectBrowserDescription2
059054B3-027C-494C-A27D-9113291CF87F,IMFSourceOpenMonitor
05A323E9-5069-474E-9BCC-14F87302B213,IVsSolutionSecurityOptions
05B0BD94-15D9-4DDA-AEC3-9185BAC3C46B,IVsdDeployableBuildFireEvent
05B2F74E-2712-46BA-BCA3-F65A46BF0E00,IDUIFrameworkClientInitializer
05BC0E38-7136-3825-9E34-26C1CF2142C9,_SymmetricAlgorithm
05C5EE20-0BA6-11D2-A484-00C04F8EFB69,ICrInset
05CBE5B2-0292-37DE-BE51-5B7599CA5A11,_TableLayoutPanel
05D56700-EB90-11D2-A5CD-00105A9C91C6,IXceedCompression__0401
05DFCF7A-C78A-4E20-AAFB-4A0F4D26E0FB,IVsIntellisenseCompletor
05E12F95-28B3-4C9A-8780-D0248574A1E0,IRDPSRAPIVirtualChannel
05E888B8-D54F-4D57-9575-CAC03DB7F1BA,ISCRDateFieldFormatConditionFormulas
05EC0018-FB7F-4492-9F91-21245C5A3D15,IVsXMLMemberData
05EDDA5C-98A3-4717-8ADB-C5E7DA991EB1,IUseToBrowseItem
05F3D6C7-D4D1-37EB-AC35-63347B838A23,_StandardOleMarshalObject
05F696DC-2B29-3663-AD8B-C4389CF2A713,_AppDomain
06091FFE-0B9B-4B2A-B933-0AB0FEA8B26D,IEnumSyncMgrFolderItemInfo
0612FCA3-B60E-410B-BCCE-43953FF0763C,IVsStructuredFileIOHelper
061C6E30-E622-11D2-9493-00C04F72D980,ITuningSpace
0628A7E8-6918-11D2-9FED-00C04F8EF934,IClassFactoryWithCoContext
06290C02-48AA-11D2-8432-006008C3FBFC,DIBehaviorHandlerOM
062C7F3F-5D6C-426B-95D9-69DDDCF524AD,IRoamRemoteStore
06413D98-405C-4A5A-8D6F-19B8B7C6ACF7,_IWmiProviderFactoryInitialize
0642BF80-F9A6-47D7-898F-17175E377BD9,IWMPDMCPlaylistsManager
0647568F-0A42-4001-B474-F6CCC3F6D949,IFIVDataObject
0649BDA0-0978-4CA0-AB0B-0F619199BCCA,IVsUIShellOpenDocument2
064F4E4A-968E-42CC-8F59-CFD9487A43E1,IVbaIdeNotifySite
064FE054-C307-44C0-B374-3F3BD6D3EB93,_DebuggingGeneralProperties
06565C0F-C465-37DE-896F-9864BC0BFC96,_Component
0660CD86-F3AB-4008-930D-BAE8B10FF8CA,IVsCommandWindow
066D42A5-A55D-443E-B95A-47C2DF6F5CD6,IVsdDynamicProperty
066EFAE1-BF45-4A6F-954C-761493EB7C0A,IVsdFXLaunchCondition
0685B546-FB84-4917-AB98-98D40F892D61,SolutionContexts
06877418-2CC4-4080-B79B-1B769BCC1892,VSTProject
0688AD5F-5508-4875-AF1E-A7460866CFCA,IIASTemplatesRoot
0690F48F-A415-43E4-9DB8-202A92F455C4,ISCRStringFieldFormat
0697FC8C-9B04-3783-95C7-45ECCAC1CA27,_OutAttribute
06A3B841-FBEA-46CB-81EA-36DB4D005545,IVsOutputGroup2
06B13E76-05E9-4A1A-AFCA-68941869C573,ICoclassInfo
06E27359-6FEE-4CCC-9E8B-AFC20C0F662A,IVsEnumStreamMarkers
06E333E4-667E-466D-9E34-4A8D5E36E012,IWMPContentProviderFactory
06F5AD81-AC49-4557-B4A5-D7E9013329FC,IHomeGroupPassword
070669EB-B52F-11D1-9270-00C04FBBBFB3,IDataFactory2
070669EC-B52F-11D1-9270-00C04FBBBFB3,DIDataFactory2
0713E451-850A-101B-AFC0-4210102A8DA7,IButtons10
0713E791-850A-101B-AFC0-4210102A8DA7,ITabs10
0713E8A0-850A-101B-AFC0-4210102A8DA7,IPanels10
0713E8A1-850A-101B-AFC0-4210102A8DA7,IPanel10
0713E8A3-850A-101B-AFC0-4210102A8DA7,ITreeView10
0713E8A4-850A-101B-AFC0-4210102A8DA7,ITreeViewEvents
0713E8A5-850A-101B-AFC0-4210102A8DA7,INode10
0713E8A7-850A-101B-AFC0-4210102A8DA7,INodes10
0713E8AE-850A-101B-AFC0-4210102A8DA7,IListItems10
0713E8AF-850A-101B-AFC0-4210102A8DA7,IListItem10
0713E8B0-850A-101B-AFC0-4210102A8DA7,IColumnHeaders10
0713E8B1-850A-101B-AFC0-4210102A8DA7,IColumnHeader10
0713E8D0-850A-101B-AFC0-4210102A8DA7,IProgressBar10
0713E8D1-850A-101B-AFC0-4210102A8DA7,IProgressBarEvents
0713E944-850A-101B-AFC0-4210102A8DA7,ITab10
0713E953-850A-101B-AFC0-4210102A8DA7,IButton10
07189400-00F2-11D5-802D-0060082AE372,IXceedZip__0405
0720590D-5218-352A-A337-5449E6BD19DA,_EnvironmentPermission
0722305B-207C-438F-9D4B-7B5069FCE8E7,ISSOption
072A28FD-1AF3-48AF-9C85-C79404DBA30C,IVsTextManager2
072B9701-2F81-4468-8EB6-074206504B62,IVsWindowPaneCommitFilter
07394266-0F01-447A-BA8B-8B236B16D6A0,ILayoutTablesAndCells
07435309-D440-41B7-83F3-EB82DB6C622F,_IWmiProviderHost
0751C551-7568-41C9-8E5B-E22E38919236,INewWDEvents
0751E85E-3BE0-47B1-8108-D1A105BE2AE9,IDebugAutoAttachCallback2
0754CD31-8D15-47A9-8215-D20064157244,IPersistTuneXml
0758E4E3-C809-4101-B4B4-5820D5C88492,IHomeGroupUIStatus
076750E4-B009-49BD-AA85-B7938456CE10,IPropertyChangePriv
0771CB93-DA7C-44B5-8196-422E6A2FBC40,IAmAFiringAgent
077386D3-344C-4E33-AA67-31408B2EE7A8,IListDescription
077FCBA9-BD38-426F-9A3B-F776C2180818,IImeSqmSessionClient
078D1C86-D4BB-48A0-A307-E080E3D1C3E2,IVsdPackageMedia
078F91BD-29A2-440F-924E-46A291524520,IPropertyDescriptionSearchInfo
0791F6A9-05E2-11D8-8043-505054503030,IXmlSerializer
07A1127B-18CC-422A-B988-E892600FCC74,INapClientManagement2
07A45A82-5354-4DDE-AC7D-60F2CDD5573B,IVsEnumCodeBlocks
07AB1E58-91A0-450F-B4A5-A4C775E67359,ILoriEvents
07B3B2BA-90EE-4464-9F6F-A824B13B91C1,IUserService
07BDC931-E86D-4531-A59C-20C614D6E492,IVsShell3
07DDC146-FC3D-11D2-9D8C-00C04F72D980,ITuneRequest
07E5C822-F00C-47A1-8FCE-B244DA56FD06,IVdsDisk
07EC23DA-EF73-4BDE-A40F-F269E0B7AFD6,IWMPVideoSettingsCtrl
07F7438C-7709-4CA5-B518-91279288134E,IUpdateCollection
07F92156-398A-3548-90B7-2E58026353D0,_FormatException
08107089-905F-47AB-989F-E365C5087402,IVsExpansionEvents
0811AEBE-0B87-4C54-9E72-548CF649016B,IContextMenuSite
0816A38B-2B41-4D2A-B1FF-23C1E28D8A18,IVsTextViewIntellisenseHost
0818A8EF-9BA9-40D8-A6F9-E22833CC771E,IVdsService
08217917-B110-43B2-90BB-C4FF0C66C245,ISCRObjectFormatConditionFormulas
08363D65-C178-4484-A293-D148173DD750,IVsRegisterFindScope
08413173-82C1-43B4-9D98-C3A3C3279F3D,ISCRBoxObject
084F6593-3800-4E08-9B59-99FA59ADDF82,IBackgroundCopyCallback1
08687BD9-C16D-4592-AE76-56C852CAB45C,ILocationCreator
086A68AF-A249-437C-B18D-D4D86D6A9660,IAzApplication2 interface
0872E4DE-C238-4471-B6F5-F54DDB7AAFA4,ICcFormFactor
0880D965-20E8-42E4-8E17-944F192CAAD4,IFaxEventLogging
0881751C-99F4-11D2-B767-0000F87572EF,IEnumDebugObjects
08857E11-206A-4C65-AB73-2FB3F97D5151,IPairingList
088B9D5F-D3F5-4BD1-8E48-27AFF56A68DD,IBulkImporter
089057BE-D3F5-4A2C-B10A-A5130184A0F7,IDXTMotionBlur
08951621-3AF4-4F0B-8330-C648BA887B13,IWMEncEvents
089549B3-F0C3-4DA3-9C87-95E1C0A09E33,IVsmSvrSite
089CA86A-2081-4DC2-8184-567A28A97F68,ISharingConfigurationUI
089EDF13-CF71-4338-8D13-9E569DBDC319,IMFSimpleAudioVolume
08A9E040-9A9C-4F42-B5F5-2029B8F17E1D,IAcroAXDoc
08AAAFFE-99AE-445A-9C69-3E1307CA77D4,IVsdDeployableBuildEvent
08B41711-6A27-45CD-A6B4-3E58C7229541,IWMEncFile
08C0DBBD-61A0-49E9-A601-9157CB491499,IDeviceEmulatorItem2
08C8B592-FDD0-423C-9FD2-7D8C055EC5B3,IRASettingProperty
08CCDE75-0B6C-41E6-B75C-575401C7B1AA,IEnumOfflineFilesSyncConflicts
08E23230-8B9D-41DA-A4B2-36670C494A4B,IDataTable
08E728DC-9C45-4060-A243-B73443B7CA16,IVsToolbox2
08EC3E00-50B0-11CF-960C-0080C7F4EE85,FolderItemVerb
08FB9676-B444-41E8-8DBE-6A53A542BFF1,IWICMetadataBlockWriter
08FED190-BE19-11D3-A28B-00104BD35090,IWshExec
091162A4-BC96-411F-AAE8-C5122CD03363,ISharedBitmap
0923438D-2923-467D-AF4C-9339A9047E71,VCActiveXReference
092CEBD8-6E75-4BBF-8DEF-DDCD3EA14C3C,IVsdRegistryPlugIn
09343AC0-D19A-3E62-BC16-0F600F10180A,_AsymmetricAlgorithm
094351EA-DBC1-327F-8A83-913B593A66BE,_KeyContainerPermissionAccessEntry
09474571-B2FB-11D1-A1A1-0000F875B132,IMMCListPadInfo
094B316F-7C55-404E-A0C2-17A589FA7A2E,ISusDownloadCallback
095CAB33-2B11-46F7-8107-6B67D4065CD6,IWMPVideoNodeInternal
095E0738-D97D-488B-B9F6-DD0E8D66C0DE,IMsRdpClient4
09653054-DC7E-4E92-BF9A-0BC578273545,IIETravelLog2
096B145A-E3DB-4D52-99F7-91502D0EB282,ISCRObjectFormat
09857E8E-74CC-43A7-993D-3EC774DCA298,IVsBuildableProjectCfg2
09941815-EA89-4B5B-89E0-2A773801FAC3,ITrigger
0997A571-126E-11D0-9F8A-00A0C9A0631E,IRowPositionChange
09989249-3281-432A-8BF8-6C680EEAF1B5,IAppInfoDocument
099AB00E-1FE6-4460-9E1B-4B2567DA41CA,IItemThumbnailCallback
09B17094-F50C-40E0-8AB5-57C22A786596,IVsOpenProjectOrSolutionDlg
09B224BD-1335-4631-A7FF-CFD3A92646D7,IEnumEnhancedStorageACT
09BC8657-D9B4-4267-A2BA-39E348FB0F4E,ISearchProtocolUrl
09BEC583-5E66-4457-A5F3-98302DB60E12,ILibraryFolderInit
09D08C74-9B25-38D4-8788-77F70028D6D1,_RegistrationException
09D146CD-A544-4132-925B-7AFA8EF322D0,ITfMouseTracker
09D48DB4-10CC-4388-9DE7-A8465618975A,ITPhone
09D8476F-E6BF-46FB-A0A9-61C331B90F06,ToolBoxTab3
09DF6F8D-415B-11D3-9D7E-00902741EE80,ISAFetchReportObjectInfoRequest
09E481D5-1A52-44AB-B077-95A8A0D350B2,_ReplErrorEvents
09E6831E-04E1-4ED4-9D0F-E8B168BAFEAF,IServiceComTIIntrinsicsConfig
0A0116B2-775B-4A48-86B9-B04128F5F637,ICmiPair
0A0E95B9-C228-48FC-A2B0-7BECDBC77421,VCAppVerifierTool
0A1E6CAD-0A47-4DA2-A13D-5BAAA5C8BD4F,IFeedItem
0A25141F-51B3-3121-AA30-0AF4556A52D9,_StringInfo
0A27DE31-68AB-4DE3-889E-FE5475D470BC,IVstaHostAdapterEvents
0A319C7F-85F9-436C-B88E-82FD88000E1C,IWMPDownloadCollection
0A3546A8-6840-11D2-97C1-00C04FB6C6FF,_OutputWindowEvents
0A3BF283-05F8-4669-9BCB-A84B6423349A,TextPane
0A402468-8F8E-496E-8647-AE144704D198,IProviderCallback
0A46D8E2-2072-4AED-8509-BADB844E51F6,ITravelLog2
0A498932-D65C-4E0C-80DA-8A2CA8F25320,IUIElement
0A53EB6C-1908-4742-8CFF-2CEE2E93F94C,ICoCreatedLocally
0A56FB1E-1B2F-4699-8178-63B98E816F35,IVsHelpAttributeList
0A5E07A5-6454-4451-9C36-1C6AE7E2B1D6,IMDSPStorage2
0A64A1E4-9441-4BF4-9FD0-C7762F5047D0,IAccessibleSkin
0A6B0122-DDB5-4E2D-A208-710AC173592B,IVsdComponentUser
0A7C3542-8031-3593-872C-78D85D7CC273,_SiteMembershipCondition
0A801CC8-3720-4458-9F91-EBF8BB4969BA,ISCRFieldLinks
0A8AC2FB-87BC-4795-8C8B-47E877F48FE8,IVsEnumOutputs
0A97B3CF-8E7C-4A3D-8F8C-0C843DC247FB,IMFStreamSink
0A9CCDBC-D797-4563-9667-94EC5D79292D,IMFRateSupport
0AB1EB6A-12BD-44D0-B941-0580ADFC73DE,IVsaItems
0AB5A3D0-E5B6-11D0-ABF5-00A0C90FFFC0,IFileSystem
0AB9DF9B-C4B5-4796-8898-0470706A2E1D,ISensorDataReport
0ABE7D2C-0D72-4FF1-ABCF-4D542DC1275B,ISCRParagraph
0AC13689-3134-47C6-A17C-4669216801BE,IVdsServiceHba
0ACABBB8-8F37-4605-9D41-EEC1C33EEB95,IHCNotificationManagerEventsP
0ACB838F-A152-4108-AB65-06E73C92EE5F,ILCIESerializable
0AD364CE-ADCB-11D3-8269-00805FC732C0,ITravelLogClientWrapper
0ADDA827-2C26-11D2-AD65-00A0C9AF11A6,IMsmStrings
0ADDA828-2C26-11D2-AD65-00A0C9AF11A6,IMsmError
0ADDA82A-2C26-11D2-AD65-00A0C9AF11A6,IMsmErrors
0ADDA82B-2C26-11D2-AD65-00A0C9AF11A6,IMsmDependency
0ADDA82D-2C26-11D2-AD65-00A0C9AF11A6,IMsmDependencies
0ADDA82E-2C26-11D2-AD65-00A0C9AF11A6,IMsmMerge
0AE29AF3-2E74-409C-BBCF-552DF9EF5F06,IVsdPackageManagerEvent
0AE3E015-2900-4DDF-87AF-CC522AE02284,IVsMergeableUIItem
0B18559A-1D1B-486F-A178-D3A0DC814B9E,IWMEncDataViewCollection
0B3FB710-A25C-3310-8774-1CF117F95BD4,_RSA
0B47C63F-B8C9-4CA6-9F2E-E5F21ED65A9E,ITemplateRegionElement
0B48100A-473E-433C-AB8F-66B9739AB620,ProjectItem
0B4E74A7-6EB3-4C36-B34F-5ECBD7A9F642,IUndoTransaction
0B4F5353-FD2B-42CD-8763-4779F2D508A3,ISyncMgrConflictPresenter
0B5E5BD1-B8A9-47A0-A323-EF4A293BA06A,IFaxAccountNotify
0B603E49-A453-4860-9809-92387F1099F3,cGridCell
0B6520FB-1417-4599-9806-0D254F3C1869,IEnumDebugCodePaths90
0B65E041-DB65-4DCA-B638-C7478D84674E,IVsdFileSystemEditor
0B7B9BB9-ADE1-4EA0-A4B6-02B9C66E3169,IEFrameAuto
0B87329E-0D1C-47B2-9C75-B34FCC2077B0,IObjectWithParent
0B8A8717-33F8-48EC-8E71-1F517C116CF1,IItemListStruct
0BA6C62F-C7D3-4C34-8AC8-E43ECEF9F32C,IExtensionCollection
0BB2C010-112F-11D7-8DE4-00B0D0A11A4B,IDirectory
0BB8531D-7E8D-424F-986C-A0B8F60A3E7B,IUpdateServiceManager2
0BBA0B86-766C-4755-A443-243FF2BD8D29,ICertificate
0BCE4F72-5889-4733-8605-413C28F5899F,IVsDebugName
0BD8000A-F537-4889-9FBC-C5F63B313956,IVsWebProject
0BEAB46B-4C07-4F94-A8D7-1626020E4E53,Window
0BEE5D6B-C639-4E5B-BC2C-B77CAE89476B,ISetupMedia4
0BF16544-9CEC-40E1-80B1-E467E21B97FE,IVsTextFind
0C05D096-F45B-4ACA-AD1A-AA0BC25518DC,IVBSAXEntityResolver
0C07AAD1-3467-4C23-9079-D8E1E36A1DD4,IImeConfirmRomaKanaRequest
0C08ED74-0ACF-32A9-99DF-09A9DC4786DD,_TaiwanCalendar
0C13F8B9-F2E0-3918-A33E-3E491BDC529E,_CodeCommentStatement
0C1E7B57-B9B1-36E4-8396-549C29062A81,_ComDefaultInterfaceAttribute
0C1F87AD-AE62-11D3-911C-00105A17B608,IDartStream
0C2A46A7-665E-4407-B5E9-3FF40BB78672,_ITypeInfo
0C2B582A-DDB2-440C-A777-3D46C3502337,IVsComponentEnumeratorFactory3
0C385294-192B-4D1C-B8CB-350A255670AB,IWMEncStreamTransformPlugin
0C48F55D-5240-30C7-A8F1-AF87A640CEFE,_Missing
0C4A4909-F531-4B64-B2D5-089E59CD29D5,IVsdTaskListManager
0C4D8EFF-8DDB-11D1-A09E-00805FC147D3,ITLocationInfo
0C4D8F00-8DDB-11D1-A09E-00805FC147D3,ITCallingCard
0C4D8F03-8DDB-11D1-A09E-00805FC147D3,ITAddressTranslation
0C668EC8-B029-4609-B0F6-DB188E1EC703,ISetupReboot
0C6EE299-4875-4E21-9791-73CB87217B73,IImeIsAIMMWindow
0C71E351-5141-4B6F-B838-E212F0764875,IVsSyntheticTextSession
0C733A09-2A1C-11CE-ADE5-00AA0044773D,IRowsetIdentity
0C733A10-2A1C-11CE-ADE5-00AA0044773D,IColumnsRowset
0C733A11-2A1C-11CE-ADE5-00AA0044773D,IColumnsInfo
0C733A1D-2A1C-11CE-ADE5-00AA0044773D,IDBCreateCommand
0C733A1E-2A1C-11CE-ADE5-00AA0044773D,ISourcesRowset
0C733A26-2A1C-11CE-ADE5-00AA0044773D,ICommandPrepare
0C733A27-2A1C-11CE-ADE5-00AA0044773D,ICommandText
0C733A30-2A1C-11CE-ADE5-00AA0044773D,ISequentialStream
0C733A55-2A1C-11CE-ADE5-00AA0044773D,IRowsetInfo
0C733A5D-2A1C-11CE-ADE5-00AA0044773D,IDBCreateSession
0C733A5E-2A1C-11CE-ADE5-00AA0044773D,ITransactionJoin
0C733A5F-2A1C-11CE-ADE5-00AA0044773D,ITransactionLocal
0C733A60-2A1C-11CE-ADE5-00AA0044773D,ITransactionObject
0C733A63-2A1C-11CE-ADE5-00AA0044773D,ICommand
0C733A64-2A1C-11CE-ADE5-00AA0044773D,ICommandWithParameters
0C733A66-2A1C-11CE-ADE5-00AA0044773D,IErrorLookup
0C733A67-2A1C-11CE-ADE5-00AA0044773D,IErrorRecords
0C733A68-2A1C-11CE-ADE5-00AA0044773D,IIndexDefinition
0C733A69-2A1C-11CE-ADE5-00AA0044773D,IOpenRowset
0C733A74-2A1C-11CE-ADE5-00AA0044773D,ISQLErrorInfo
0C733A75-2A1C-11CE-ADE5-00AA0044773D,IGetDataSource
0C733A79-2A1C-11CE-ADE5-00AA0044773D,ICommandProperties
0C733A7A-2A1C-11CE-ADE5-00AA0044773D,IDBDataSourceAdmin
0C733A7B-2A1C-11CE-ADE5-00AA0044773D,IDBSchemaRowset
0C733A83-2A1C-11CE-ADE5-00AA0044773D,IRowsetNotify
0C733A85-2A1C-11CE-ADE5-00AA0044773D,ISessionProperties
0C733A86-2A1C-11CE-ADE5-00AA0044773D,ITableDefinition
0C733A88-2A1C-11CE-ADE5-00AA0044773D,IConvertType
0C733A89-2A1C-11CE-ADE5-00AA0044773D,IDBInfo
0C733A8A-2A1C-11CE-ADE5-00AA0044773D,IDBProperties
0C733A8B-2A1C-11CE-ADE5-00AA0044773D,IDBInitialize
0C733A8C-2A1C-11CE-ADE5-00AA0044773D,IAccessor
0C733A90-2A1C-11CE-ADE5-00AA0044773D,IMultipleResults
0C733A93-2A1C-11CE-ADE5-00AA0044773D,IChapteredRowset
0C733A94-2A1C-11CE-ADE5-00AA0044773D,IRowPosition
0C733A95-2A1C-11CE-ADE5-00AA0044773D,IDBAsynchStatus
0C733A96-2A1C-11CE-ADE5-00AA0044773D,IDBAsynchNotify
0C733A97-2A1C-11CE-ADE5-00AA0044773D,IViewRowset
0C733A98-2A1C-11CE-ADE5-00AA0044773D,IViewChapter
0C733A99-2A1C-11CE-ADE5-00AA0044773D,IRowsetView
0C733A9A-2A1C-11CE-ADE5-00AA0044773D,IViewSort
0C733A9B-2A1C-11CE-ADE5-00AA0044773D,IViewFilter
0C733AB0-2A1C-11CE-ADE5-00AA0044773D,IScopedOperations
0C733AB1-2A1C-11CE-ADE5-00AA0044773D,IBindResource
0C733AB2-2A1C-11CE-ADE5-00AA0044773D,ICreateRow
0C733AB3-2A1C-11CE-ADE5-00AA0044773D,IDBBinderProperties
0C733AB8-2A1C-11CE-ADE5-00AA0044773D,IColumnsInfo2
0C733AB9-2A1C-11CE-ADE5-00AA0044773D,IRegisterProvider
0C733ABA-2A1C-11CE-ADE5-00AA0044773D,IGetSession
0C733ABB-2A1C-11CE-ADE5-00AA0044773D,IGetSourceRow
0C733AC2-2A1C-11CE-ADE5-00AA0044773D,IRowsetBookmark
0C808FC2-BCFC-4AED-B974-21C771CE31C7,IIMOfferRA
0C831618-60D7-32B2-9790-1EBDC5ADEFE5,_PropertyGrid
0C8586F3-7277-4DE7-8C9C-C78FAEBBEC7A,ISetupBasicFeatureStateEvents
0C8E8E61-71AF-41DD-B213-B98D042F07FE,IVsFindCancelDialog2
0C904B4A-164A-4D81-92D9-A5FC866F7FB8,IFreeThreadedItemContainer
0C92143F-E5E7-4B7C-8F4F-9BA6ED370410,IWMEncFileSet
0C9A256E-0FF9-4D4A-88E6-304ACF78225F,CodeImport
0C9FB851-E5C9-43EB-A370-F0677B13874C,IOperationsProgressDialog
0CA03998-3952-4EE0-86FA-FDD7E732AFFE,IPrivateCallbackProxy
0CA79737-3185-4B3E-A5E0-F740FD602C69,IDebugCausalityEvent2
0CA9008E-EE90-356E-9F6D-B59E6006B9A4,ICustomFactory
0CAA23EC-F78C-39C9-8D25-B7A9CE4097A7,IContributeServerContextSink
0CB153F3-4E9F-4D18-A563-49703E242F95,ISCRPictureObject
0CB251A7-3AB3-3B5C-A0B8-9DDF88824B85,ICloneable
0CB7275D-175D-4044-8B09-794A78FCA989,ISCRReportAreaController
0CBE0204-12A1-3D40-9D9E-195DE6AAA534,_ASCIIEncoding
0CC6FE25-A88B-480D-956A-A9A20BD2C65A,IHCCheckInternalP
0CCCA629-440F-313E-96CD-BA1B4B4997F7,_FileDialogPermissionAttribute
0CDF2CB8-3F33-4350-87B7-AEAD1D64E834,IHMEManagerControl
0CFBC2B4-0D4E-11D3-8997-00C04F688DDE,CodeModel
0CFBC2B5-0D4E-11D3-8997-00C04F688DDE,CodeElements
0CFBC2B6-0D4E-11D3-8997-00C04F688DDE,CodeElement
0CFBC2B7-0D4E-11D3-8997-00C04F688DDE,CodeType
0CFBC2B8-0D4E-11D3-8997-00C04F688DDE,CodeNamespace
0CFBC2B9-0D4E-11D3-8997-00C04F688DDE,CodeFunction
0CFBC2BA-0D4E-11D3-8997-00C04F688DDE,CodeVariable
0CFBC2BB-0D4E-11D3-8997-00C04F688DDE,CodeProperty
0CFBC2BC-0D4E-11D3-8997-00C04F688DDE,CodeTypeRef
0CFBC2BD-0D4E-11D3-8997-00C04F688DDE,CodeParameter
0CFBC2BE-0D4E-11D3-8997-00C04F688DDE,CodeAttribute
0D02C44A-4C72-11D4-9E12-00902741EE80,ISCRReportOptions
0D0761B5-A36D-41E0-98CF-BBB8E6253B21,IDebugRuntimeJITServerProvider2_V7
0D0C83E8-BDE1-3BA5-B1EF-A8FC686D8BC9,_IsolatedStorageFilePermission
0D0E68EA-C910-45A7-8C24-7BBFA7D2D201,IVsPersistSolutionProps
0D11C661-5D0D-4EE4-89DF-2166AE1FDFED,IRDPSRAPIVirtualChannelManager
0D1B9E0C-E8BA-4F55-A81B-BCE934B948F5,IIdentityProvider
0D22C580-6365-40C2-8287-8B643232518C,VCCodeInterface
0D28F75E-F3C5-41CC-8D41-B28D6482B529,IVCLinkerMIDLPage
0D296515-AD19-3602-B415-D8EC77066081,_Header
0D2B8F55-BCF6-492F-B5C4-2F93F64B060C,ISCRTextObjectFormat
0D2F72E5-1745-4F24-9CA7-C988A6672F8F,ISCRCrossTabObject
0D30DC12-C4F8-433D-9FCC-9FF117E5E5F4,IEnumDebugThreads2
0D3848AE-7633-4A8A-BF17-D91E3C3DF36B,IWMEncSourceGroupCollection
0D3A23A8-67BB-11D2-97C1-00C04FB6C6FF,_WindowEvents
0D3A23A9-67BB-11D2-97C1-00C04FB6C6FF,_dispWindowEvents
0D3A23AF-67BB-11D2-97C1-00C04FB6C6FF,_dispOutputWindowEvents
0D3C3238-011E-43E1-8807-0F644F300206,IVsdRootNode
0D3DEBAF-DEBE-11D1-8B87-00C04FD7A924,IAppExport
0D46DA02-69FB-3A29-9AC6-395925C38479,_DomainItemAccessibleObject
0D4794CB-76E2-48AA-A7B5-4923D27F58C2,IGameVersionData
0D521700-A372-4BEF-828B-3D00C10ADEBD,IWindowsDriverUpdateEntryCollection
0D599E27-34C7-41A5-973E-B820D42783EC,IElevationConfig
0D6BD9AD-198E-3904-AD99-F6F82A2787C4,_OptionalAttribute
0D6D480C-894F-48E4-98D2-E0A7127750E4,IVsCfgProviderEventsHelper
0D6F567E-A636-42BB-83BA-CE4C1704AFA2,IDVBTuneRequest
0D70FAA3-9CD4-4900-AA20-6981B6AAFC75,IVdsSubSystemNaming
0D7C1E64-B59B-45AE-B86A-2C2CC6A42067,IVdsLunIscsi
0D831B4B-E8AF-496A-A9A8-6A0C9AB6388E,IVsdProjectEditorClientWindowManager
0D83CFB6-EA1C-4DE1-A9B5-D1AD54F5FC98,IWebPreviewCallback
0D879D7D-F57A-4CC6-A6F9-3EE5D527B46A,IFaxSender
0D954C38-209D-4C22-A9DB-F2711A93CC0C,IVsdCabDeployableTemplate
0D9F1B65-6D27-3E9F-BAF3-0597837E0F33,_DBNull
0DA4D4CC-2D0B-410F-8D5D-B6B73A5D35D8,IDebugReturnValueEvent2
0DAEAEE7-007B-3FCA-8755-A5C6C3158955,_DynamicILInfo
0DB7EB30-AFB5-4173-909B-1D971772F5D1,IPairingCallback
0DB7EB30-AFB5-4173-909B-1D971772F5D2,IPairingCallback2
0DB7EB30-AFB5-4173-909B-1D971772F5DA,IPairingHandler
0DB7EB30-AFB5-4173-909B-1D971772F5DB,IPairingPasskey
0DB7EB30-AFB5-4173-909B-1D971772F5DC,IPairingPasskey2
0DB7EB30-AFB5-4173-909B-1D971772F5DD,IPairingHandler2
0DB7EB30-AFB5-4173-909B-1D971772F5DE,IPairingDetails
0DBA1379-5D67-4A6C-8C06-A5795AF7364B,IVsProjectUpgradeViaFactory
0DBD685A-0A10-4E25-B88E-02E58E60785E,IVsLaunchPad2
0DC09F8A-CAFC-4F0E-9F75-4C87E21C6653,IPimcTablet
0DC13D4A-0313-11D3-9D8E-00C04F72D980,IComponentTypes
0DC38853-C1B0-4176-A984-B298361027AF,IEnumDebugStackFrames64
0DCA817D-F21A-3943-B54C-5E800CE5BC50,_FileIOPermissionAttribute
0DE527A0-0C7E-11D2-A484-00C04F8EFB69,ICrSpiral
0DF60D92-6818-46D6-B358-D66170DDE466,IComputerInfoChangeNotify
0DFFEEC9-6EA7-42C8-8B49-1BED51E5AD40,IDevicePackageCallback
0E0FBD99-D3FC-4B1A-991D-3136B04DF0C9,IHostControl
0E145D3F-BEFC-4FD9-8714-B01AE89F4396,IVsTextLayer
0E1AB53B-4065-4884-A39F-02E16EB57F7D,ExceptionSettings
0E1D6009-C9F3-442D-8C51-A42D2D49452F,IMFMediaSourceTopologyProvider
0E1D600A-C9F3-442D-8C51-A42D2D49452F,IMFMediaSourcePresentationProvider
0E207E42-DC38-440D-9B00-2E8CF0E23C8D,IKnownFolderProperties
0E269CD0-10D4-4121-9C22-9C85D625650D,ITPrivateEvent
0E3D6630-B46B-11D1-9D2D-006008B0E5CA,ICatalogTableRead1
0E3D6631-B46B-11D1-9D2D-006008B0E5CA,ICatalogTableWrite1
0E4A51B1-BC1F-443D-A835-72E890759EF3,IWiaErrorHandler
0E4E1084-4290-4E24-BB44-31F0B9F9F9C4,IMemberOfIESession
0E59F1D3-1FBE-11D0-8FF2-00A0D10038BC,IScriptControl
0E5B1E59-53A7-4636-ADBB-0B23C561E293,IVsHiddenTextManager
0E61AF6C-BA48-4E07-A473-0E360A710CF2,IIpTipSharedHWProperties
0E693927-C23F-41B0-9519-D930572547B2,IFormViewAccessibility
0E6B01D1-D407-4C85-BF5F-1C01F6150280,IWMPPlayer2
0E6D4D92-6738-11CF-9608-00AA00680DB4,IDirectWriterLock
0E6DF9D7-B4B5-4AF7-9647-FC335CCE393F,ITypeProviderCreator
0E700BE1-9DB6-11D1-A1CE-00C04FD75D13,IEnumExtraSearch
0E774498-ADE6-3820-B1D5-426B06397BE7,_DSASignatureDeformatter
0E7798AD-4000-48DF-AA1D-851425D45825,IVsLangSpecificSyntax
0E789EF7-125A-11D4-9DFC-00902741EE80,ISCRCubeDrillThruController
0E90FDD8-8F71-407C-8A44-9CE79B40B99E,IGetResultCallback
0E98CE90-801E-11D5-8B35-5179E3727FD7,IPktXPacketXThread
0E9B8E47-CA67-38B6-B9DB-2C42EE757B08,_StackFrame
0EA2E948-9E1A-4DD0-A830-A0FB956110F8,ISCRDateTimeFieldFormat
0EA91CF7-8542-4780-8D6B-7BD686CD2471,IDebugBreakpointChecksumRequest2
0EAC4842-8763-11CF-A743-00AA00A3F00D,IDataFactory
0EAC4843-8763-11CF-A743-00AA00A3F00D,DIDataFactory
0EB4306F-6B82-4EB4-A846-B1A4094362DC,ISCRFont
0EB5B5E0-1BE6-3A5F-87B3-E3323342F44E,_DSA
0EB7B18C-6295-46E0-A88A-01C49368A9C8,SVsCachingResourceManager
0EBF1959-BD57-11D2-9238-00A02448799A,IDebugENCUpdateOnRelinkEvent2
0EC7A424-3F8E-4973-84D2-250FD47C2BFE,IVsdFilterPickerDialog
0ECD8635-F5EB-3E4A-8989-4D684D67C48A,_AssemblyFlagsAttribute
0ED850AF-C30A-42BA-AA20-3436ADF24937,IVsEnumDependencies
0EE1A790-5D2E-4ABB-8C99-C481E8BE2138,IVdsLunPlex
0EEA651C-B208-4EDE-96CE-5194F4DC4E4A,IDiscoverUrlCallBack
0EEE46D5-A6E5-4F19-8611-0CD498175AC1,IDebugScriptBreakpointRequest
0EEFF4C2-84BF-3E4E-BF22-B7BDBB5DF899,_ReturnMessage
0EF79249-B0BF-4CD0-A966-C4713546C3A5,IVsCompletionSet
0EFCAF11-8CC8-43D9-A525-4BED8991B9C2,IShellItemImageFactoryPriv
0F1284E6-4399-3963-8DDD-A6A4904F66C8,IUnrestrictedPermission
0F1424E9-F22D-4553-B7A5-0D24BD0D7E46,IFaxAccountOutgoingQueue
0F14BD82-ABF6-4029-B7F8-DAEF79DD1758,ISCRRTFWordExportFormatOptions
0F1A7A12-A2D8-11D3-909D-00A0C9E71419,IMultiFRItem
0F1CF980-AFC6-406E-958D-7F24287E3916,IVsSettingsWriter
0F1D12D5-FA60-11D1-AA98-0020AFFAEFB4,_ITcpEvents
0F20D5C8-CBDB-4B64-AB7F-10B158407323,ITokenColorInfo
0F240708-629A-31AB-94A5-2BB476FE1783,_Random
0F2D35B3-DB34-4966-BEA6-59C7CD203862,ILayerCommandHandler
0F343A75-968B-439E-81D6-0D066E53D28D,IVsEnumTextSpans
0F49F41E-4A64-4A29-BECE-A204EE62312B,IVsdLocalization
0F4B629E-8C34-4B5E-A450-F9F8DCFE3009,IVsMultiViewDocumentView
0F4DF96E-144D-42FC-BB95-E80FC5E2775C,IHPPrintQueue
0F4EDFB6-C797-42FB-A7E0-0C93D6F4FB6B,WebSiteProperties2
0F504B94-6E42-42E6-99E0-E20FAFE52AB4,IUserEventTimer
0F50CE33-BAC9-4EAA-A11D-DA0E527D047D,IOfflineFilesDirtyInfo
0F61EC39-FE82-45F2-A3F0-768B5D427102,IVssSnapshotMgmt2
0F6B37E0-FCFE-44D9-9112-394CA9B92114,IEnumDebugBoundBreakpoints2
0F6D7FB4-2649-4E51-BC20-3698F9F51358,IVsTaskItem
0F7C377B-6225-4E47-9888-B0E194A59655,IAppInfo
0F7F24C1-74D9-4EA6-A3EA-7EDB2D81441D,IDebugStepCompleteEvent2
0F817159-761D-447E-9600-4C3387F4C0FD,IVsUserContextCustomize
0FAB9BDB-D250-4169-84E5-6BE118FDD7A8,ITfQueryEmbedded
0FACB8D2-6BA0-487D-97B1-4D750D5CF395,IObjectWithUserSettings
0FACF6B5-5F18-4363-8B82-B894D0C887C0,AsyncIPendingInputNotify
0FAF274A-3898-445A-822F-7D42927EFEF9,IVsProfileSettingsFileCollection
0FB97D82-7618-4761-B548-89508D9481DB,DBLogger
0FC1CD9A-B912-405C-A04C-43CE02CD7DF2,IDebugModule2
0FC8C622-1728-4149-A57F-AD19D0970710,Internal_IWmiProviderConfiguration
0FE9496A-129C-40EE-99D8-7705A6283518,IVsFindScope
0FEB7E34-5A60-4356-8EF7-ABDEC2FF7CF8,IAnchor
0FF510A3-5FA5-49F1-8CCC-190D71083F3E,IVsPerPropertyBrowsing
10010007-E260-11CF-AE68-00AA004A34D5,_IVSQLDMOStdObject
10020001-E260-11CF-AE68-00AA004A34D5,Properties
10020002-E260-11CF-AE68-00AA004A34D5,Property
10020106-E260-11CF-AE68-00AA004A34D5,_Application
10020203-E260-11CF-AE68-00AA004A34D5,SQLServers
10020206-E260-11CF-AE68-00AA004A34D5,_SQLServer
10020209-E260-11CF-AE68-00AA004A34D5,ServerSink
10020216-E260-11CF-AE68-00AA004A34D5,_SQLServer2
10020303-E260-11CF-AE68-00AA004A34D5,Databases
10020306-E260-11CF-AE68-00AA004A34D5,_Database
10020316-E260-11CF-AE68-00AA004A34D5,_Database2
10020403-E260-11CF-AE68-00AA004A34D5,Tables
10020406-E260-11CF-AE68-00AA004A34D5,_Table
10020416-E260-11CF-AE68-00AA004A34D5,_Table2
10020503-E260-11CF-AE68-00AA004A34D5,Columns
10020506-E260-11CF-AE68-00AA004A34D5,_Column
10020516-E260-11CF-AE68-00AA004A34D5,_Column2
10020703-E260-11CF-AE68-00AA004A34D5,Views
10020706-E260-11CF-AE68-00AA004A34D5,_View
10020716-E260-11CF-AE68-00AA004A34D5,_View2
10020803-E260-11CF-AE68-00AA004A34D5,UserDefinedDatatypes
10020806-E260-11CF-AE68-00AA004A34D5,_UserDefinedDatatype
10020816-E260-11CF-AE68-00AA004A34D5,_UserDefinedDatatype2
10020903-E260-11CF-AE68-00AA004A34D5,Defaults
10020906-E260-11CF-AE68-00AA004A34D5,_Default
10020916-E260-11CF-AE68-00AA004A34D5,_Default2
10020A03-E260-11CF-AE68-00AA004A34D5,Rules
10020A06-E260-11CF-AE68-00AA004A34D5,_Rule
10020A16-E260-11CF-AE68-00AA004A34D5,_Rule2
10020B03-E260-11CF-AE68-00AA004A34D5,Users
10020B06-E260-11CF-AE68-00AA004A34D5,_User
10020B16-E260-11CF-AE68-00AA004A34D5,_User2
10020C03-E260-11CF-AE68-00AA004A34D5,Groups
10020C06-E260-11CF-AE68-00AA004A34D5,_Group
10020D03-E260-11CF-AE68-00AA004A34D5,StoredProcedures
10020D06-E260-11CF-AE68-00AA004A34D5,_StoredProcedure
10020D16-E260-11CF-AE68-00AA004A34D5,_StoredProcedure2
10020E03-E260-11CF-AE68-00AA004A34D5,Indexes
10020E06-E260-11CF-AE68-00AA004A34D5,_Index
10020E16-E260-11CF-AE68-00AA004A34D5,_Index2
10020F03-E260-11CF-AE68-00AA004A34D5,Keys
10020F06-E260-11CF-AE68-00AA004A34D5,_Key
10021003-E260-11CF-AE68-00AA004A34D5,Triggers
10021006-E260-11CF-AE68-00AA004A34D5,_Trigger
10021016-E260-11CF-AE68-00AA004A34D5,_Trigger2
10021103-E260-11CF-AE68-00AA004A34D5,BackupDevices
10021106-E260-11CF-AE68-00AA004A34D5,_BackupDevice
10021303-E260-11CF-AE68-00AA004A34D5,Logins
10021306-E260-11CF-AE68-00AA004A34D5,_Login
10021316-E260-11CF-AE68-00AA004A34D5,_Login2
10021403-E260-11CF-AE68-00AA004A34D5,Languages
10021406-E260-11CF-AE68-00AA004A34D5,_Language
10021503-E260-11CF-AE68-00AA004A34D5,RemoteServers
10021506-E260-11CF-AE68-00AA004A34D5,_RemoteServer
10021516-E260-11CF-AE68-00AA004A34D5,_RemoteServer2
10021603-E260-11CF-AE68-00AA004A34D5,RemoteLogins
10021606-E260-11CF-AE68-00AA004A34D5,_RemoteLogin
10021703-E260-11CF-AE68-00AA004A34D5,Checks
10021706-E260-11CF-AE68-00AA004A34D5,_Check
10021803-E260-11CF-AE68-00AA004A34D5,ServerGroups
10021806-E260-11CF-AE68-00AA004A34D5,_ServerGroup
10021903-E260-11CF-AE68-00AA004A34D5,RegisteredServers
10021906-E260-11CF-AE68-00AA004A34D5,_RegisteredServer
10021A03-E260-11CF-AE68-00AA004A34D5,SystemDatatypes
10021A06-E260-11CF-AE68-00AA004A34D5,SystemDatatype
10021A16-E260-11CF-AE68-00AA004A34D5,SystemDatatype2
10021B03-E260-11CF-AE68-00AA004A34D5,ConfigValues
10021B06-E260-11CF-AE68-00AA004A34D5,ConfigValue
10021C06-E260-11CF-AE68-00AA004A34D5,_BulkCopy
10021C09-E260-11CF-AE68-00AA004A34D5,BulkCopySink
10021C16-E260-11CF-AE68-00AA004A34D5,_BulkCopy2
10021D03-E260-11CF-AE68-00AA004A34D5,Names
10021E06-E260-11CF-AE68-00AA004A34D5,_Transfer
10021E09-E260-11CF-AE68-00AA004A34D5,TransferSink
10021E16-E260-11CF-AE68-00AA004A34D5,_Transfer2
10021F06-E260-11CF-AE68-00AA004A34D5,_Backup
10021F09-E260-11CF-AE68-00AA004A34D5,BackupSink
10021F16-E260-11CF-AE68-00AA004A34D5,_Backup2
10022106-E260-11CF-AE68-00AA004A34D5,DBObject
10022206-E260-11CF-AE68-00AA004A34D5,DBOption
10022216-E260-11CF-AE68-00AA004A34D5,DBOption2
10022306-E260-11CF-AE68-00AA004A34D5,Configuration
10022406-E260-11CF-AE68-00AA004A34D5,NameList
10022506-E260-11CF-AE68-00AA004A34D5,QueryResults
10022516-E260-11CF-AE68-00AA004A34D5,QueryResults2
10022606-E260-11CF-AE68-00AA004A34D5,TransactionLog
10022706-E260-11CF-AE68-00AA004A34D5,Registry
10022716-E260-11CF-AE68-00AA004A34D5,Registry2
10022806-E260-11CF-AE68-00AA004A34D5,SQLObjectList
10022906-E260-11CF-AE68-00AA004A34D5,Permission
10022916-E260-11CF-AE68-00AA004A34D5,Permission2
10022A06-E260-11CF-AE68-00AA004A34D5,IntegratedSecurity
10022B06-E260-11CF-AE68-00AA004A34D5,DRIDefault
10022C03-E260-11CF-AE68-00AA004A34D5,FileGroups
10022C06-E260-11CF-AE68-00AA004A34D5,_FileGroup
10022C16-E260-11CF-AE68-00AA004A34D5,_FileGroup2
10022D03-E260-11CF-AE68-00AA004A34D5,DBFiles
10022D06-E260-11CF-AE68-00AA004A34D5,_DBFile
10022E03-E260-11CF-AE68-00AA004A34D5,LogFiles
10022E06-E260-11CF-AE68-00AA004A34D5,_LogFile
10022E13-E260-11CF-AE68-00AA004A34D5,LogFiles2
10022E16-E260-11CF-AE68-00AA004A34D5,_LogFile2
10022F03-E260-11CF-AE68-00AA004A34D5,ServerRoles
10022F06-E260-11CF-AE68-00AA004A34D5,_ServerRole
10023103-E260-11CF-AE68-00AA004A34D5,DatabaseRoles
10023106-E260-11CF-AE68-00AA004A34D5,_DatabaseRole
10023116-E260-11CF-AE68-00AA004A34D5,_DatabaseRole2
10023203-E260-11CF-AE68-00AA004A34D5,_Restore
10023206-E260-11CF-AE68-00AA004A34D5,RestoreSink
10023213-E260-11CF-AE68-00AA004A34D5,_Restore2
10023303-E260-11CF-AE68-00AA004A34D5,LinkedServers
10023306-E260-11CF-AE68-00AA004A34D5,_LinkedServer
10023316-E260-11CF-AE68-00AA004A34D5,_LinkedServer2
10023403-E260-11CF-AE68-00AA004A34D5,LinkedServerLogins
10023406-E260-11CF-AE68-00AA004A34D5,_LinkedServerLogin
10023503-E260-11CF-AE68-00AA004A34D5,FullTextCatalogs
10023506-E260-11CF-AE68-00AA004A34D5,_FullTextCatalog
10023516-E260-11CF-AE68-00AA004A34D5,_FullTextCatalog2
10023606-E260-11CF-AE68-00AA004A34D5,FullTextService
10023703-E260-11CF-AE68-00AA004A34D5,UserDefinedFunctions
10023706-E260-11CF-AE68-00AA004A34D5,_UserDefinedFunction
10030103-E260-11CF-AE68-00AA004A34D5,TransPublications
10030106-E260-11CF-AE68-00AA004A34D5,_TransPublication
10030116-E260-11CF-AE68-00AA004A34D5,_TransPublication2
10030203-E260-11CF-AE68-00AA004A34D5,TransArticles
10030206-E260-11CF-AE68-00AA004A34D5,_TransArticle
10030216-E260-11CF-AE68-00AA004A34D5,_TransArticle2
10030303-E260-11CF-AE68-00AA004A34D5,TransSubscriptions
10030306-E260-11CF-AE68-00AA004A34D5,_TransSubscription
10030316-E260-11CF-AE68-00AA004A34D5,_TransSubscription2
10030403-E260-11CF-AE68-00AA004A34D5,MergePublications
10030406-E260-11CF-AE68-00AA004A34D5,_MergePublication
10030416-E260-11CF-AE68-00AA004A34D5,_MergePublication2
10030503-E260-11CF-AE68-00AA004A34D5,MergeArticles
10030506-E260-11CF-AE68-00AA004A34D5,_MergeArticle
10030516-E260-11CF-AE68-00AA004A34D5,_MergeArticle2
10030603-E260-11CF-AE68-00AA004A34D5,MergeSubscriptions
10030606-E260-11CF-AE68-00AA004A34D5,_MergeSubscription
10030616-E260-11CF-AE68-00AA004A34D5,_MergeSubscription2
10030703-E260-11CF-AE68-00AA004A34D5,DistributionPublishers
10030706-E260-11CF-AE68-00AA004A34D5,_DistributionPublisher
10030716-E260-11CF-AE68-00AA004A34D5,_DistributionPublisher2
10030903-E260-11CF-AE68-00AA004A34D5,RegisteredSubscribers
10030906-E260-11CF-AE68-00AA004A34D5,_RegisteredSubscriber
10030A03-E260-11CF-AE68-00AA004A34D5,ReplicationDatabases
10030A06-E260-11CF-AE68-00AA004A34D5,ReplicationDatabase
10030A16-E260-11CF-AE68-00AA004A34D5,ReplicationDatabase2
10030B03-E260-11CF-AE68-00AA004A34D5,TransPullSubscriptions
10030B06-E260-11CF-AE68-00AA004A34D5,_TransPullSubscription
10030B16-E260-11CF-AE68-00AA004A34D5,_TransPullSubscription2
10030C06-E260-11CF-AE68-00AA004A34D5,Publisher
10030C16-E260-11CF-AE68-00AA004A34D5,Publisher2
10030D06-E260-11CF-AE68-00AA004A34D5,Subscriber
10030D16-E260-11CF-AE68-00AA004A34D5,Subscriber2
10030E06-E260-11CF-AE68-00AA004A34D5,Distributor
10030E16-E260-11CF-AE68-00AA004A34D5,Distributor2
10031006-E260-11CF-AE68-00AA004A34D5,_Replication
10031009-E260-11CF-AE68-00AA004A34D5,ReplicationSink
10031016-E260-11CF-AE68-00AA004A34D5,_Replication2
10031103-E260-11CF-AE68-00AA004A34D5,MergePullSubscriptions
10031106-E260-11CF-AE68-00AA004A34D5,_MergePullSubscription
10031116-E260-11CF-AE68-00AA004A34D5,_MergePullSubscription2
10031206-E260-11CF-AE68-00AA004A34D5,_ReplicationSecurity
10031303-E260-11CF-AE68-00AA004A34D5,DistributionDatabases
10031306-E260-11CF-AE68-00AA004A34D5,_DistributionDatabase
10031316-E260-11CF-AE68-00AA004A34D5,_DistributionDatabase2
10031403-E260-11CF-AE68-00AA004A34D5,ReplicationTables
10031406-E260-11CF-AE68-00AA004A34D5,ReplicationTable
10031416-E260-11CF-AE68-00AA004A34D5,ReplicationTable2
10031603-E260-11CF-AE68-00AA004A34D5,ReplicationStoredProcedures
10031606-E260-11CF-AE68-00AA004A34D5,ReplicationStoredProcedure
10031616-E260-11CF-AE68-00AA004A34D5,ReplicationStoredProcedure2
10032103-E260-11CF-AE68-00AA004A34D5,DistributionPublications
10032106-E260-11CF-AE68-00AA004A34D5,_DistributionPublication
10032116-E260-11CF-AE68-00AA004A34D5,_DistributionPublication2
10033103-E260-11CF-AE68-00AA004A34D5,DistributionArticles
10033106-E260-11CF-AE68-00AA004A34D5,_DistributionArticle
10033116-E260-11CF-AE68-00AA004A34D5,_DistributionArticle2
10034103-E260-11CF-AE68-00AA004A34D5,DistributionSubscriptions
10034106-E260-11CF-AE68-00AA004A34D5,_DistributionSubscription
10034116-E260-11CF-AE68-00AA004A34D5,_DistributionSubscription2
10035103-E260-11CF-AE68-00AA004A34D5,MergeSubsetFilters
10035106-E260-11CF-AE68-00AA004A34D5,_MergeSubsetFilter
10036103-E260-11CF-AE68-00AA004A34D5,MergeDynamicSnapshotJobs
10036106-E260-11CF-AE68-00AA004A34D5,_MergeDynamicSnapshotJob
10040203-E260-11CF-AE68-00AA004A34D5,Operators
10040206-E260-11CF-AE68-00AA004A34D5,_Operator
10040406-E260-11CF-AE68-00AA004A34D5,JobServer
10040416-E260-11CF-AE68-00AA004A34D5,JobServer2
10040506-E260-11CF-AE68-00AA004A34D5,AlertSystem
10040603-E260-11CF-AE68-00AA004A34D5,Alerts
10040606-E260-11CF-AE68-00AA004A34D5,_Alert
10040803-E260-11CF-AE68-00AA004A34D5,Jobs
10040806-E260-11CF-AE68-00AA004A34D5,_Job
10040903-E260-11CF-AE68-00AA004A34D5,JobSteps
10040906-E260-11CF-AE68-00AA004A34D5,_JobStep
10041003-E260-11CF-AE68-00AA004A34D5,TargetServers
10041006-E260-11CF-AE68-00AA004A34D5,_TargetServer
10041103-E260-11CF-AE68-00AA004A34D5,TargetServerGroups
10041106-E260-11CF-AE68-00AA004A34D5,_TargetServerGroup
10041206-E260-11CF-AE68-00AA004A34D5,Schedule
10041306-E260-11CF-AE68-00AA004A34D5,JobFilter
10041406-E260-11CF-AE68-00AA004A34D5,JobHistoryFilter
10041503-E260-11CF-AE68-00AA004A34D5,JobCategories
10041506-E260-11CF-AE68-00AA004A34D5,AlertCategories
10041509-E260-11CF-AE68-00AA004A34D5,OperatorCategories
10041512-E260-11CF-AE68-00AA004A34D5,_Category
10041603-E260-11CF-AE68-00AA004A34D5,JobSchedules
10041606-E260-11CF-AE68-00AA004A34D5,_JobSchedule
100B9A33-905C-4312-B2A2-452189F19AB9,IVsProvideColorableItems
101D6610-0990-11D3-8DF0-00105A2799B5,ITfFunctionProvider
1023B448-2115-4CB8-B65A-D1F1AA766638,IDebugEverettQIEx
10339516-2894-11D2-9039-00C04F8EEB3E,ICommDlgBrowser2
103C7EF9-A9EE-35FB-84C5-3086C9725A20,_SoapYearMonth
1042E7DA-F3DE-459F-BE29-697004C48932,IIASSharedSecret
10482B1F-306E-4F4C-9A3A-973C8F62CA0B,IQuickPickWindow
10534DCE-69BC-4FFB-A441-716D1AE73087,ICcProjectContainer
105AC744-78B3-427B-9A88-532D61E91212,IHMEContentDirectoryService
10645F09-C446-4AA9-A691-5AB96783DCA2,IHomeGroupSharing
1074CBE3-3E91-45C2-9F58-1C00D9ADC255,IImeAdjustReconversionDataRequest
1079ACFC-29BD-11D3-8E0D-00C04F6837D5,IPersistIDList
107A3CF1-B35E-3A23-B660-60264B231225,_KeyContainerPermission
10988E34-D2D7-42B6-BCFE-945884476386,ISetupShellLink2
1099AAA6-4169-430D-9F57-0B4C76624B3B,SolutionConfiguration2
10A13217-23A7-439B-B1C0-D847C79B7774,IWMPPlaylistCollection
10B793AC-0C47-4679-8454-ADB36F29F802,IDebugReference2
10C5E575-7984-4E81-A56B-431F5F92AE42,IVdsProvider
10D17872-91BA-4D65-80CC-E5FC3222AC82,IVsTextStreamMarker
10DC0586-132B-4CAC-8BB3-DB00AC8B7EE0,IVBSAXAttributes
10E4254C-6D73-4C38-B011-E0049B2E0A0F,IVsLoader
10EC3E45-0870-4D7B-9A2D-F4F81B6B7FA2,ISSCEEngine
10ECE955-CF41-4728-BFA0-41EEDF1BBF19,IEnumPortableDeviceObjectIDs
10EF4AB3-4FAA-46C3-8832-B6247F0CF15C,INonDestructiveDebuggee
10F1D605-E201-3145-B7AE-3AD746701986,IChannelSender
10F4D0F7-0994-4543-AB6E-506949128C40,IFaxConfiguration
110D43DE-F295-4FF0-95FD-34239E35F391,IVsdFileTypeEditorTreeViewItem
11138F8A-38C0-4436-B5A6-2F5EF2C3E242,IVsWindowFrame
1113F52D-DC7F-4943-AED6-88D04027E32A,IProcessInitializer
111522AB-F439-4D85-9A36-1716DA4DA114,SourceControl2
112086D9-7779-4535-A699-862B43AC1863,IInkTablets
1122B952-68B0-4404-BEFA-3B0B3C1EF8CB,DatePicker
1125C422-49BD-11D2-8823-00C04FB6C6FF,_TaskListEvents
1125C423-49BD-11D2-8823-00C04FB6C6FF,_dispTaskListEvents
112756A1-3F04-4CCD-BFD6-ACB4BCA614C9,IDebugPointerObject
112EDA6B-95B3-476F-9D90-AEE82C6B8181,IUpdate3
1136A91A-2BEF-45B3-91D9-0A58472EE8A7,ikscomponentid
1140C38E-5100-4EA1-8D43-87D326724028,INapSystemHealthAgentBinding2
1146E6DE-3122-4484-897C-D8226160BEFA,AsyncIShdocvwBroker
11499CBC-C0E9-4E4F-ADE0-66A67B074036,MailMessage
115998BF-A603-4848-B5DE-3B250A13D109,ExceptionSetting
116E42C5-D8B1-47BF-AB1E-C895ED3E2372,IComTrackingInfoObject
118610B7-8D94-4030-B5B8-500889788E4E,IEnumVdsObject
11894FDE-1DEB-4B4B-8907-6D1CDA1F5D4F,IAzClientContext3 interface
11A2EA7A-D600-307B-A606-511A6C7950D1,_Context
11A583F2-712D-4FEA-ABCF-AB4AF38EA06B,_IInkCollectorEvents
11A66240-5489-42C2-AEBF-286FC831524C,ISubItemCallback
11A66EFA-382E-451A-9234-1E0E12EF3085,IShellLibrary
11AB34E7-0176-3C9E-9EFE-197858400A3D,IAsyncResult
11B0B536-2F72-3A3F-B2A3-0420A9F5041F,_GroupBox
11C4304D-0FAA-4C31-8BDD-4B0000C99472,IHostWindow2
11C5114C-BB00-11D2-8AD1-00C04F79E479,Breakpoint
11C784F8-E5A0-4C19-831A-2C2D00C6D897,_dispWebReferencesEvents
11CAA957-4E80-474E-A819-7FD72148ADA9,Internal_IWbemPropertyProvider
11D1C1B2-7DAA-4C9E-9595-7F82ED206D1E,IUPnPDescriptionDocument
11DDB920-52C7-4237-8610-9FE8BB11656D,IVsLanguageInfo
11DF1D5B-637B-4A92-81CC-D5390B5F50AA,IWMEncUserScript
11DFCCEB-D935-4A9F-9796-5BA433C5AF8E,IVsAddProjectItemDlg
11E1FBF9-2D56-4A6B-8DB3-7CD193A471F2,IPropertyEnumType
11E879B1-7969-4654-BE4B-3F05679F742E,IVM
11EBC158-E712-4D1F-8BB3-01ED5274C4CE,IMSVidXDS
11EDAF3B-144E-32C8-8BE0-81D40A950656,_CodeDirectionExpression
11F3CD41-B7E8-48FF-9472-9DFF018AA292,IVdsProviderPrivate
11F962C5-242E-4D4D-B205-0F3AB3562FDE,IStrokeGeometry
1207B722-009D-495B-8C98-3A130F6DBE47,IUserLexiconManager
120AE7C9-36F7-4BE6-93DA-E5F266847B01,ITabletSettings
12133BC2-390A-4B30-AD5B-504C1D1C89E7,IVsExtensibility2
12143874-DA05-4D05-9F57-2D339C142220,SVsPreviewChangesService
122CFE0D-280A-4631-AA37-CFD78D71CC79,IVstaHostItemEvents
12337D35-94C6-48A0-BCE7-6A9C69D4D600,IApplicationDestinations
12350E95-6F4E-30F0-9343-72F1C64380A0,_CodeThrowExceptionStatement
124777B6-0308-3569-97E5-E6FE88EAE4EB,IContributeEnvoySink
124BAE2C-CB94-42CD-B5B8-4358789684EF,IShellFolderPropertyInformation
124BE5C0-156E-11CF-A986-00AA006BC149,IADsPrintQueueOperations
12664C8E-FF07-447D-A272-BF6706795267,IWMPErrorItemInternal
126C5CD8-B288-41D5-8DBF-E491446ADC5C,IDailyTrigger
126D274F-0FC8-4240-943D-F4C5F78A7708,IFuncInfo
127592FB-9CAF-4411-BD99-A62B924A5D39,IHomeGroupListenerManager
1290BC1A-B219-418D-B078-5934DED08242,IComApp2Events
12929CA2-37E4-440A-815A-759D7DF24EC6,ILibraryFactory
1299EB1B-5B88-433E-82DE-82CA75AD4E04,IVBSAXXMLFilter
12A88820-7494-11D0-8816-00A0C903B83C,ICertEncodeStringArray
12B04233-29FE-4852-8D86-597E9E06E989,IBindableControlSupportService
12B43F9F-8550-4FFA-850F-FE9D4D396C20,IVsStructuredFileIO
12B952F4-41CA-4F21-A829-A6D07D9A16E5,IWorkspaceClientExt
12BD9ABB-481E-46E3-8E0F-23D9184960B0,ISCRTableJoins
12C1180E-C257-4485-9800-AF484B699713,IDebugCoreServer3
12CBCE8E-75FF-312F-81B9-7FBC6212090B,_CodeTypeOfExpression
12DCD8B7-EBFC-4DBE-A72C-3E44CDD3CBAF,IDebugManagedENC
12DD72EE-A6E5-11D0-9A84-00C04FD8DBF7,IResultPrshtActions
12E08858-3A80-45E1-A331-AAEE61E6E27F,IManagedDebuggingHost
12E386AE-D5DC-403F-9A56-18E3124DD687,IVsdManagedObject
12E512C7-6145-4F96-9890-1CAEE4DF0FB0,IVsdEditorTaskListError
12F6D836-EBF5-457F-AC42-70712B3FEDEE,IVsTextImageWrapper
12FBFECB-7CCE-473E-8737-78EE6C9CCAEB,ISPPLUA
12FCCB25-D251-4E65-A055-9472FBEB862C,IConMan
130497E3-5CDB-4F29-9804-A2AF805016D7,IVsRefactorNotify
1305925C-B00E-443A-BB13-61D06CBDAB97,IHost
131A6950-7F78-11D0-A979-00C04FD705A2,IDocNavigate
131B8005-94C2-37D5-B738-CD2337635E73,_DomainUpDownAccessibleObject
133BAD54-8E8D-451B-9DB0-AF38ED9819CC,Debugger4
134170F8-93B1-42DD-9F89-A2AC7010BA07,Events
1342D0D8-BBA3-11D2-8AD1-00C04F79E479,StackFrame
135FF860-22B7-4DDF-B0F6-218F4F299A43,IWICStream
13645C88-221A-4905-8ED1-4F5112CFC108,IOpenServiceActivity
1365B84B-6477-3C40-BE6A-089DC01ECED9,_AsymmetricKeyExchangeFormatter
136AFA9F-F243-4ABB-A8F8-4C2D26C47163,EditPoint2
1375E029-1FDD-47FF-A22C-6709242133E2,IVsComponentSelectorProvider
1377CE34-8921-3BD4-96E9-C8D5D5AA1ADF,_HMACSHA256
139E041D-0E41-39F5-A302-C4387E9D0A6C,_ValueType
13B50BFF-290A-47DD-8558-B7C58DB1A71A,IVdsPack2
13B79003-2181-11DA-B2A4-000E7BBB2B09,IX509CertificateTemplates
13B79005-2181-11DA-B2A4-000E7BBB2B09,ICertificationAuthorities
13B79026-2181-11DA-B2A4-000E7BBB2B09,IX509EnrollmentPolicyServer
13BD2145-3C15-4701-B493-5E2728359B94,IImeIMEPadLaunchRequest
13D5413B-33B9-11D2-95A7-00C04F8ECB02,IAnchorClick
13ECE7FF-EF57-496D-BD68-162CBB67F3BD,IVsdFolderPlugIn
13EF674A-6327-3CAF-8772-FA0395612669,_AccessViolationException
13FA5946-561C-11D1-BE3F-00A0C95A6A5C,ICRVTrackCursorInfo
140935BC-F11F-4372-900F-F206489EA214,V7ONLY_IDebugEverettQI
140EE78F-067F-3765-9258-C3BC72FE976B,_DeriveBytes
1412926F-5DD6-4E58-B648-E1C63E013D51,IDebugStackFrame2
14170A90-183E-415A-A16D-9FBDFE76FF75,IWMDownloadDestinationInfo
141AD42E-FC56-4D14-952D-3D3FF9AA97FB,iaudiodevicegraph
14439CDE-B6CF-4DD6-9615-67E8B3DF380D,IVsInvisibleEditorManager
1449D9AB-13CF-4687-AA3E-8D8B18574396,ITfSystemLangBarItemSink
144FE9B0-D23D-4A8B-8634-FB4457533B7A,IUpdate2
146C3C17-F12E-4E22-8C27-F894B9B79C69,IUIAutomationEventHandler
146E5396-3B32-49AC-901E-4C4A82FEE8C5,AsyncIeAxiAdminInstaller
1491087D-2C6B-44C8-B019-B3C929D2ADA9,IWMPNodeRealEstateHost
1493E353-1EB6-473C-802D-8E6B8EC9D2A9,IMPEG2Component
149C4D73-B4BE-4F8D-8B87-079E926B6ADD,IMFLocalMFTRegistration
14AED851-A168-3462-B877-8F9A01126653,_SoapLanguage
14B2C619-D07A-46EF-8B62-31B64F3B845C,ISecurityEditor
14C16BB9-7FAE-4245-A899-D9963C8618E9,IVsdPropertyStreamIn
14D8250E-D9C2-11D3-B38F-00105A1F473A,ISWbemRefresher
14E07557-F381-4F68-BBF0-F1F0338EC36A,_DFileViewEvents
14E11ABD-EE37-4893-9EA1-6964DE933E39,IMPEG2TuneRequestFactory
14E469E0-5176-4EF2-8581-7B534D2AC56E,AsyncProperty_VB5
14E469E0-BF61-11CF-8385-8F69D8F1350B,AsyncProperty_VB5
14FBE036-3ED7-4E10-90E9-A5FF991AFF01,IVdsServiceIscsi
1518B460-6518-4172-940F-C75883B24CEB,IUpdateService2
1525E844-B912-4558-85CF-B1A3FE27D354,IPhishingFilterManagerCallback
152722C2-F0B1-3D19-ADA8-F40CA5CAECB8,_CultureInfo
152A6B4D-09AF-3EDF-8CBA-11797EEEEA4E,_DataMisalignedException
153CBBB6-077B-4423-8BD6-E97CD783AF7B,VCCodeUsing
156A0971-F6E2-4767-B7CE-D33E2798037E,ICommandCollection
156EFF60-86F4-4E28-89FC-109799FD57EE,IChannelIDTuneRequest
15738649-33A7-3C2E-B5CD-0BC30023857A,_ResourcePool
158A7ADC-33DA-4039-A553-BDDBBE389F5C,IWMPMenuCtrl
159DBB45-CD1B-4DAB-83EA-5CB1F4F21D07,IMSVidStreamBufferSink
15C7826F-443C-406D-98F8-55F6260669EC,IVsRunningDocTableEvents2
15C9E3F8-B638-42F5-B7DE-92C3E8B5B05B,DBLogger
15D2C32A-0770-4872-BB5F-EC21B0FA2436,IVsAction
15D54C00-7C95-38D7-B859-E19346677DCD,_CoClassAttribute
15D93B62-9918-4E4C-857E-D1AD2D143F4F,IScopeDialogEvents
15E2F230-A0A2-11D0-8821-00A0C903B83C,ICertEncodeLongArray
15E496AE-82A8-4CF9-A6B6-C561DC60398F,IMSVidEVR
15F125DF-C67F-4BBD-B084-093600179F0A,ILogParser
15F936F5-A3FA-11D2-AEC3-00C04F79D1EB,IContextNotify
15F936F6-A3FA-11D2-AEC3-00C04F79D1EB,IContextRegisterNotify
15F9A479-9397-3A63-ACBD-F51977FB0F02,_PropertyBuilder
15FEA1F8-F6BB-4A9C-8E8D-25E1A9D66074,IVsdFolder
160621AA-BBBC-4326-A824-C395AEBC6E74,IMSVidStreamBufferRecordingControl
1606DD73-5D5F-405C-B4F4-CE32BABA2501,IDebugDocument2
160D517F-F175-3B61-8264-6D2305B8246C,_ContextStaticAttribute
161A4A56-1E99-4B3F-A46A-168F38A5EE4C,ITBasicCallControl2
162E03C3-7F69-4A2D-AF29-0B12E461A822,IWMASXPlaylistExecution
162E354B-486D-4488-B052-81CE8B34FF5D,IDebugCOMPlusEnvoy3
1630852E-1263-465B-98E5-FE60FFEC4AC2,IXFeedEvents
163BB1E0-6E00-11CF-837A-48DC04C10000,IHTMLLocation
16532ECF-F126-4386-8BAD-58A8859082E0,IVsNativeHelpService
1660EB67-EE41-363E-BEB0-C2DE09214ABF,_CustomAttributeFormatException
1679A8AE-E814-4B04-881B-98DF9AFBA4DF,IDeviceEmulatorDMAChannel
169A2629-93E1-4D96-A724-500C5F3F8EF4,IVsdDeployableBuildEvent
169DB284-8361-4BE4-BDB0-0B73AD8764F1,IPersistXML
16B280C4-EE70-11D1-9066-00C04FD9189D,IDXTFade
16B280C7-EE70-11D1-9066-00C04FD9189D,IDXBasicImage
16BBDB8F-17C3-4495-8C52-5FEAEFF81B16,IVsdSimpleFile
16BE4288-950B-4265-B0DC-280B89CA9979,IVsSqmOptinManager
16C240B3-4773-43C2-932A-1E8DD2F6F0F8,IVsHiColorItem
16CEB0AB-06EF-458F-A995-AFAD2D6DD7FB,INapConfigWrite
16D7D65A-02E5-4A63-8683-B50835090247,ISCRReportPartRequestContext
16EE6CB7-AB3C-424B-849F-269BE551FCBC,_ILatLongReportFactoryEvents
16F41C69-09F5-41D2-8CD8-3C08C47BC8A8,IBackgroundCopyQMgr
16FE0885-9129-3884-A232-90B58C5B2AA9,_MulticastDelegate
16FF1A34-9E30-42C3-B44D-E22513B5767A,IDispCivicAddressReport
1710E3F8-F66C-49D1-BC9B-E7F4A9C59FDC,IVsdMsiComponentID
17156360-2F1A-384A-BC52-FDE93C215C5B,_Assembly
171A72AE-BAE6-4B66-9A58-4691F08ED9F2,IVsContainedCode
17245DB2-74E5-45F6-8843-B7AEF309B6D6,IWSManProvHost
172E905D-80D9-4C2F-B7CE-2CCB771787A2,IWMPLayoutView
172F6E6B-44EA-44E9-BAB1-DBDC475D5E88,IVsdFileTypeCommand
1732BE13-E8F9-4A03-BFBC-5F616AA66CE1,IVdsProviderSupport
1738ADBC-156E-3897-844F-C3147C528DEA,_SoapDateTime
17445657-80CC-11D7-9331-00065B83EE53,ITipVisualStateSink
1748EF0E-729E-4F90-B99E-D761C88E1CAE,_IPktXPacketXEvents
1749A33B-2099-4A22-B32A-E96ADD887142,IVsDefaultToolboxTabState
174A0DDA-E9F9-449D-993B-21AB667CA456,INetFwProfile
174C81FE-AECD-4DAE-B8A0-2C6318DD86A8,IWebProxy
1754FAC0-373B-4E0D-B1B5-F6CE292B7F82,IMSIMsgHandler
175BB49A-4CBE-38B3-8C6C-1B0145EDABB7,_CodePrimitiveExpression
175F36F5-E3AB-4C85-93EA-2488E9228E41,ISDVariable
176C11B1-4302-4164-8430-D5A9F0EEACDB,IFrameLayoutDefinition
177160CA-BB5A-411C-841D-BD38FACDEAA0,IShellDispatch3
177C1918-AFF4-4EB9-B2AD-1DCDBD1CBEF7,IVsdScatterAssemblyCollection
177C4E63-9E0B-354D-838B-B52AA8683EF6,_AssemblyCultureAttribute
178E5337-1528-4591-B1C9-1C6E484686D8,IApartmentCallback
17A4EF87-4472-47F6-B066-FE96036678D0,IVsPathVariableResolver
17B730BA-45EF-3DDF-9F8D-A490BAC731F4,_ObjectDisposedException
17BCE92F-2E21-47FD-9D33-3C6AFBFD8C59,_IInkRecognitionEvents
17BDA049-AF6F-470C-999C-19FF60F6C059,ICcServiceInfoContainer
17BF8FA3-4C5A-49A3-B2F8-5942E1EA287E,IDebugCoreServer2
17C0677C-09D3-4A78-B180-57AF88863584,VCUserMacro
17C106B9-0925-42F5-AE32-1FC019649C10,IDebugCodeContext3
17D12026-BA99-403E-A359-71FD1E5A72CD,_WindowEventsRoot
17D49A3D-F8B8-4B2F-B254-52319DD64C53,ITfReadOnlyProperty
17D851F4-D09B-48FC-99C9-8F24C4DB9AB1,IFaxSecurity2
17D86A1E-A642-41E8-BC03-DAC3F6CBB50B,ICustomResolver
17E5DC63-E296-4EDE-B9CC-CF57D18ED10E,IWMPRemoteUPnPService
17E92A90-3BF3-11D4-9E0B-00902741EE80,ISRegistryKey
17F0819E-243F-4A96-9AFF-F6BF54E0468D,IRemoteDebugApplicationEx2
17F2317F-ADDB-49DF-870E-66227BC51D1A,ITfFnAbort
17F48517-F305-4321-A08D-B25A834918FD,ISyncMgrSessionCreator
17F4F194-45DE-442A-A3D6-3A4E972A395F,IVsdDeployableTemplate
17FA043C-E30A-4BB5-9E4C-F47755678584,IImeShortcutMenuLaunchRequest
1803F9D6-FE6D-4546-BF5B-992FE8EC12D1,IWindowsMediaLibrarySharingDevices
180A36C6-967F-4DE0-870F-321CCE0657D8,IRatingCollection
181237A7-4861-4D6C-8CA1-8A004BEA2E8E,IVsFormatFilterProvider
18140CBD-AA23-4384-A38D-6A8D3E2BE505,IBrowserProgressSessionProvider
181B18A3-A0E8-436B-8AEF-500043C7CC78,IVsTextLines2
181C845E-7196-4A7D-AC2E-020C0BB7A303,IAzApplication3 interface
18220DB2-1AEB-44EA-A924-F3571D202EF4,IVsFindSymbolEvents2
18220DBE-1AEB-44EA-A924-F3571D202EF4,IVsFindSymbolEvents
1823E7BA-EC36-447A-9B2E-B4912E15AFE7,IeAxiServiceCallback
18333892-3403-4A31-9779-7F5677A9A2CA,BrowseDialog
1833C4C9-4E61-3D96-AEB5-65B43DE96A01,_CheckedListBox
18623194-4E65-49AF-8003-CD932192A16B,IWMMediaLibraryResultSetInternal
1863B779-7415-4F0B-A7A3-408E084619E5,IPauseRealization
18691D0D-4E7F-43E8-92E4-CF44BEEED11C,IVdsControllerPort
186D89BC-F277-4BCC-80D5-4DF7B836EF4A,IServiceThreadPoolConfig
186F17A5-7270-4BC5-A8DE-72F4A0E49647,IVsCodeWindowEx
187BDCAB-6A6C-41E3-A3F6-2F0EB01AAC3D,ITextCollection
188BC6BC-65F7-46A1-87EC-15C3F89DCB45,ISDCommandOutputs
18933F6E-0937-4888-8C77-EC8A393B21EA,IVsPersistHierarchyItem
18987285-971B-4C88-AEA9-2A5600861BA5,_Events
189A5EB4-4B8D-4083-9400-77CF9633783A,VBProjectConfigurationProperties4
18A0255A-9108-4285-8419-518477081F76,ITipRemoteMethods
18A4E900-E0AE-11D2-AFDD-00105A2799B5,ITfLangBarEventSink
18BB6D37-D35B-4EEF-B351-74245E6FA6E4,IPktXPacketCollection
18BCC359-4990-4BFB-B951-3C83702BE5F9,IWebWizardHost
18D841F5-B172-49F9-B432-40614139C996,ITipInkStreams
18E473F6-637B-3C01-8D46-D011AAD26C95,_ApplicationSecurityInfo
19006102-92B7-4263-953C-B84C24BEDCCE,IMFNetCloseEvent
190D8637-5CD3-496D-AD24-69636BB5A3B5,IWSMan
19108294-0441-4AFF-8013-FA0A730B0BEA,IUserNotificationCallback
19165052-5025-47F1-A7CD-B4E428E1A348,_IVsMsoDispObj
19188CB0-ACA9-11D2-AFC5-00105A2799B5,IEnumTfProperties
1921006E-2AD4-3300-86E0-DB33AFEFD81F,_AssemblyLocator
1926364E-6B90-46CB-A44D-8A80FB11ACD9,_dispBuildEvents
19313433-A24E-11D3-909D-00A0C9E71419,IMultiFieldRangeEditor
193215BF-3815-441A-98BC-589DB62452A6,IBulkParser
193556CE-F6BC-4F1F-B829-70898DB4262D,_IWebItems
193556D2-F6BC-4F1F-B829-70898DB4262D,_IWebEvents
193556D4-F6BC-4F1F-B829-70898DB4262D,_IWebEvent
19373C44-55B4-3487-9AD8-4C621AAE85EA,_ServerException
19404D57-F8E4-42F4-9255-B8F889B0C50C,IVsLanguageContextProvider
19432A8E-4A32-4860-B8FB-95B1117CD4E5,IUPnPPrivateDocumentCallbackHelper
194C6D67-8823-471C-B6C7-BB4FA10EF351,ISCRReportSourceFactory
1955B40B-2CC6-4F43-AEBA-C9B5E10159C0,IVsdMsiPathCollisionCheckObject
1959530A-8E53-4E09-AD11-1B7334811CAD,IDebugProgramProvider2
196BAB51-2C67-485A-A74F-557182263013,IEDataObjectInternal
196BF9A5-B346-4EF0-AA1E-5DCDB76768B1,IPreviewHandlerVisuals
196DA80F-1D99-45DE-B548-C0F113578B6E,IWMMetadataOfflineWMWebService
19776EA7-B16A-4696-8351-8EAB9121D91C,ISetupDynamicLinkedLibraryController
198887E4-F6BC-4F1F-B829-70898DB4262D,IWebClassManager
198F17AE-B921-4308-9543-288D426A5C2B,IPDomElement
199D0C19-11E1-40EB-8EC2-C8C822A07792,IFsiFileItem2
199E06AC-5806-4540-98C0-F0B6CD0A0FE3,ITabImageCache
19A5A02C-0AC8-11D2-B286-00C04F8EF934,ContextInfo
19A7B8EE-98AD-46F2-960E-DB2D07B6E415,IResultHandlerFactory
19AC6F68-3019-4D65-8D98-404DFB96B8E2,ToolWindows
19ADBAFD-1C5F-4FC7-94EE-846702DFB58B,IAssociationArray
19B595D8-839A-47F0-96DF-4F194F3C768C,IDigitalLocator
19C613A0-FCB8-4F28-81AE-897C3D078F81,IBackgroundCopyError
19CD856B-C542-4C53-ACEE-F127E3BE1A59,IMsRdpClientAdvancedSettings3
19E6E147-BAEC-11D2-B03A-EAFC20524153,BrowseDialog
19E6E14D-BAEC-11D2-B03A-EAFC20524153,BrowseDialog
19E6E14E-BAEC-11D2-B03A-EAFC20524153,Folder
19F4FCE7-CA26-48FA-A905-168E9FF32A0A,ICcServiceInfo
1A0CF920-D452-46F4-BC36-48118D54EA52,IServiceIISIntrinsicsConfig
1A0E696D-2797-425C-83DA-11690E066F95,ISyncMgrIsolationHandlerCollection
1A19D89E-F4FE-3E8E-B7EC-05D4E592F3F6,IEventBindingService
1A1B5760-FE45-4958-AA3F-819060B16DE9,IDebugCoreServer90
1A1DFC92-F6EC-4FEF-A26F-6D0DA546F32A,IVsNonLocalProject
1A20D6ED-DB48-45D7-A59F-E8B98B644EE0,ISCRReportSectionController
1A27878B-EE15-41CE-B427-58B10390C821,IVSDProjectProperties
1A388F98-D4BA-11D1-8B09-00600806D9B6,ISWbemProperty
1A3DCB27-4707-4568-8B20-F394D8B49637,IImeCommandAvailabilityView
1A4E1878-FE8C-3F59-B6A9-21AB82BE57E9,_MissingManifestResourceException
1A4E7E00-F6F3-4C49-A3E4-4AFADA10B759,IPrivateSession
1A5576FC-0E19-11D3-9D8E-00C04F72D980,IComponent
1A5ADE31-5B66-4A5C-AE51-6574CFDC0726,IVsdMIMEEditorClient
1A686E3A-D57E-4B5C-A0A1-68D9BAB64C82,IDiskLibPartition
1A6E2CB3-B897-42EB-96BE-FF0FDB65DB2F,ContextAttribute
1A705427-815C-4DB6-9B5C-6D45CDDDD0C4,IVsTextHidingLayerModule
1A839845-FC55-487C-976F-EE38AC0E8C4E,IMDSPDevice3
1A8A5D71-D95B-4DCD-915E-F9F6D31879AD,ITerminal
1A8B0DE6-B825-38C5-B744-8F93075FD6FA,IMessage
1A8FBF86-5949-4E08-B9B6-F528AFB2DF9C,IVsSyntheticTextClient
1A9C4D55-770D-43A1-9F31-0184E310E94E,IUnattendFile
1A9E99E6-40BC-43F8-91E4-44085C0C3107,IVCCLCompilerGeneralPage
1A9F70C5-9222-4CDB-91BC-5B8D720FFD71,IVsdMsiOutput
1AAB8B56-0D19-4FF7-9F93-7B1EAE134C21,IQEObjects
1AAFB8DB-45EC-4943-9711-A16BEB10C919,V7ONLY_ILECallback
1AB276DD-F27B-4445-825D-5DF0B4A04A3A,IDebugMemoryContext2
1ABAC269-8FB0-438E-8217-230AC6EB5766,IVsTextStorage
1AC3D9F0-175C-11D1-95BE-00609797EA4F,IPersistFolder2
1AC64571-85CF-4234-AA00-B57E907E326A,SVsThreadedWaitDialog
1AC7516E-E6BB-4A69-B63F-E841904DC5A6,IEUserBroker
1AC82FBE-4FF0-383C-BBFD-FE40ECB3628D,ITransportHeaders
1ACADF98-7BE4-4F46-A8AC-202D0EEC5D51,IAlternateSyncPartners
1AD13E0B-4F3A-41DF-9BE2-F9E6FE0A7875,IWMPAutoMenuCtrl
1AF04045-6659-4AAA-9F4B-2741AC56224B,INotifyConnection2
1AF3A467-214F-4298-908E-06B03E0B39F9,IFolderView2
1AF4F612-3B71-466F-8F58-7B6F73AC57AD,IEnumBackgroundCopyJobs
1B0120C9-73AB-4249-91E0-CA3E61924B7F,IMobilityCenterSliderTile
1B093056-5454-386F-8971-BBCBC4E9A8F3,_ComImportAttribute
1B0DA0FF-1B54-4BBA-8561-7D9BC206D966,IVsClientBuildManagerSite
1B155F51-7593-4458-B3BC-B196A750C014,ISuggestFilterWorker
1B264763-A1C7-3441-9D61-7EDAEC2D0C44,_RichTextBox
1B48CAD4-D013-4B98-B505-76162F09E8E9,IDeviceEmulatorDebugger
1B4DA17D-5BED-4577-B128-9D428CD166D1,IVsdBaseEditor
1B52DED6-92F3-3B4F-851C-AB1F647582A3,_CodeLinePragma
1B6ED26A-4B7F-34FC-B2C8-8109D684B3DF,_UnmanagedFunctionPointerAttribute
1B7C3248-F06F-11D6-B542-00D059C09CB3,IInstance
1B7C3249-F06F-11D6-B542-00D059C09CB3,IReference
1B7C3254-F06F-11D6-B542-00D059C09CB3,IConfiguration
1B7C3256-F06F-11D6-B542-00D059C09CB3,IInstanceFactory
1B7C3258-F06F-11D6-B542-00D059C09CB3,IReferenceFactory
1B7C325A-F06F-11D6-B542-00D059C09CB3,IResolver
1B7C3271-F06F-11D6-B542-00D059C09CB3,IShortcutInstance
1B96E53C-4028-38BC-9DC3-8D7A9555C311,_SerializableAttribute
1B9D5FC3-5BBC-4B6C-BB18-B9D10E3EEEBF,IMPEG2TuneRequestSupport
1B9EC48E-6808-4094-A013-DA51540B5FEF,IDataMethodInfo
1BB5DDC2-31CC-4135-AB82-2C66C9F00C41,IInkDivisionUnits
1BBAB55E-6D13-4A5E-8C81-34AB2A3A6269,IDebugPortSupplierLocale2
1BC6881B-610A-40BE-ACE7-5D89D73F56B2,IISInstallDriverForceRemove
1BD0ECB0-F8E2-11CE-AAC6-0020AF0B99A3,IQualProp
1BD1DD01-1246-4694-9DA7-8ADCD9CA3275,IVsNavInfoNode
1BD400E4-6CC0-406D-88F8-2CFC8490E54E,IVsdMsiValidationManager
1BD764E5-A456-43E4-AFA8-5EA3A8A1117C,IVsdDynamicProperty
1BE2275A-B315-4F70-9E44-879B3A2A53F2,IVdsVolumeOnline
1BE41571-91DD-11D1-AEB2-00C04FB68820,IWbemProviderInitSink
1BE41572-91DD-11D1-AEB2-00C04FB68820,IWbemProviderInit
1BFEBB07-3EAD-4424-AC24-0872D7EF70EB,_DebuggingNativeProperties
1C11116E-4FF2-4A80-82DC-69F95042E0A4,IVsProject3
1C15D47C-911D-11D2-B632-00C04F79498E,IMSVidDevice
1C15D47D-911D-11D2-B632-00C04F79498E,IMSVidTuner
1C15D47E-911D-11D2-B632-00C04F79498E,IMSVidAnalogTuner
1C15D47F-911D-11D2-B632-00C04F79498E,IMSVidVideoInputDevice
1C15D480-911D-11D2-B632-00C04F79498E,IMSVidDeviceEvent
1C15D483-911D-11D2-B632-00C04F79498E,IMSVidCompositionSegment
1C15D485-911D-11D2-B632-00C04F79498E,IMSVidTunerEvent
1C15D486-911D-11D2-B632-00C04F79498E,IMSVidAnalogTunerEvent
1C1C45EE-4395-11D2-B60B-00104B703EFD,IWbemFetchSmartEnum
1C31EE6E-FC66-4FC8-8CC5-6A4134369F4E,IVsTextLineMarkerEx
1C32F012-2684-3EFE-8D50-9C2973ACC00B,ISymbolDocument
1C5BD776-6CED-4F44-8164-5EAB0E98DB12,IStreamBufferSource
1C752F94-24F7-4B3E-AAA7-FE498C78CD32,IGUIDCollection
1C760B20-ED66-4DBD-9FF1-68FC21C02922,IEnumTfCollection
1C763D26-637C-46F8-A55C-6ECC84DF4E4F,IVsUIShell3
1C7817C6-6A49-301E-B20A-05FF053C3D56,_CheckBox
1C8D8B14-4589-3DCA-8E0F-A30E80FBD1A8,_UnknownWrapper
1C943EB9-337C-46DE-A85A-77942B039099,IPropertyDescriptionListInit
1C9A8C70-1271-11D1-9BD4-00C04FB683FA,ICertEncodeAltName
1C9CD5BB-98E9-4491-A60F-31AACC72B83C,IObjectWithSelection
1CAC0BDA-AC58-31BC-B624-63F77D0C3D2F,_MACTripleDES
1CB2EFC3-ABC7-4172-8FCB-3BC9CB93E29F,ITablet
1CC196D7-5820-47E5-A045-61033853F5BD,IVenusCompProcessFeedback
1CC76115-9C10-4BC0-9A25-ED37DC7B9760,IVsdScatterAssemblyCollection
1CD63475-07C4-46FE-A903-D655316D11FD,IDeviceModelPlugIn
1CD73232-A3C7-48FA-8B0A-2E35804097BF,IVsToolboxDataProvider2
1CDC9FE2-8710-4C89-A936-3001ACDD440D,IVsdRegistryRoot
1CDD94DC-394B-4A94-88C1-F5440A1FB55B,ICcConnection
1CE0BC60-24B0-480D-97F5-BAF99B3DE602,IVbaIDE
1CEE3A11-01AE-3244-A939-4972FC9703EF,ISymbolScope
1CF2B120-547D-101B-8E65-08002B2BD119,IErrorInfo
1CF40C9E-D548-4B45-AD0F-3D7843F62BBB,_ReferencesEvents
1CF5E433-3CF8-498E-8B5A-F47E23200E07,IHCNotificationCollection
1CF95A1E-3FD8-47DB-BBF2-5AFAEB95ED09,ISyncMgrEvents
1CFABA8C-1523-11D1-AD79-00C04FD8FDFF,IUnsecuredApartment
1CFF0050-6FDD-11D0-9328-00A0C90DCAA9,IActiveScriptParseProcedureOld32
1D118904-94B3-4A64-9FA6-ED432666A7B9,ICatalog64BitSupport
1D13A2B9-8840-48BA-AC5E-B096A1182F2F,IAccessControl
1D17905D-AEB6-4AC9-8CD5-2C103F186212,IVisibleInDescription
1D3293BC-EC01-400F-8179-8DE5D53ABEB7,IFrameNotificationClient
1D42A4C9-57DE-4D3E-8010-485ADFC1E95B,IVsFontAndColorGroup
1D4637E0-383C-11D2-952A-00C04FA34F05,IDXTAlpha
1D4637E2-383C-11D2-952A-00C04FA34F05,IDXTChroma
1D4637E3-383C-11D2-952A-00C04FA34F05,IDXTDropShadow
1D4637E4-383C-11D2-952A-00C04FA34F05,IDXTGlow
1D4637E6-383C-11D2-952A-00C04FA34F05,IDXTShadow
1D4637E7-383C-11D2-952A-00C04FA34F05,IDXTWave
1D4A001F-46E7-4E15-B20D-DD1D5C2CD250,IEQData
1D5C0F70-AF29-38A3-9436-3070A310C73B,_UIPermissionAttribute
1D7A8E8E-FAFC-4AA8-98A0-E7AF3F44199E,ICcPlatform
1D87424B-A596-453F-8807-69F946E1D1D0,IVsdInertListViewItem
1D8A335E-C678-11D1-AA6F-000000000000,ITcp
1DA15C39-7E02-4EE8-8F60-FFF81275EE14,IENCDebugInfo
1DB1CC2A-DA73-389E-828B-5C616F4FAC49,_OpCodes
1DC4CB5F-D737-474D-ADE9-5CCFC9BC1CC9,IAccDictionary
1DC9CA50-06EF-11D2-8415-006008C3FBFC,ITridentEventSink
1DCB3A01-33ED-11D3-8470-00C04F79DBC0,IWMDMEnumDevice
1DCB3A02-33ED-11D3-8470-00C04F79DBC0,IWMDMDevice
1DCB3A04-33ED-11D3-8470-00C04F79DBC0,IWMDMDeviceControl
1DCB3A05-33ED-11D3-8470-00C04F79DBC0,IWMDMEnumStorage
1DCB3A06-33ED-11D3-8470-00C04F79DBC0,IWMDMStorage
1DCB3A07-33ED-11D3-8470-00C04F79DBC0,IWMDMStorageGlobals
1DCB3A08-33ED-11D3-8470-00C04F79DBC0,IWMDMStorageControl
1DCB3A09-33ED-11D3-8470-00C04F79DBC0,IWMDMObjectInfo
1DCB3A0B-33ED-11D3-8470-00C04F79DBC0,IWMDMOperation
1DCB3A0C-33ED-11D3-8470-00C04F79DBC0,IWMDMProgress
1DCB3A0D-33ED-11D3-8470-00C04F79DBC0,ISCPSecureQuery
1DCB3A0E-33ED-11D3-8470-00C04F79DBC0,ISCPSecureExchange
1DCB3A0F-33ED-11D3-8470-00C04F79DBC0,ISCPSecureAuthenticate
1DCB3A10-33ED-11D3-8470-00C04F79DBC0,IMDServiceProvider
1DCB3A11-33ED-11D3-8470-00C04F79DBC0,IMDSPEnumDevice
1DCB3A12-33ED-11D3-8470-00C04F79DBC0,IMDSPDevice
1DCB3A14-33ED-11D3-8470-00C04F79DBC0,IMDSPDeviceControl
1DCB3A15-33ED-11D3-8470-00C04F79DBC0,IMDSPEnumStorage
1DCB3A16-33ED-11D3-8470-00C04F79DBC0,IMDSPStorage
1DCB3A17-33ED-11D3-8470-00C04F79DBC0,IMDSPStorageGlobals
1DCB3A18-33ED-11D3-8470-00C04F79DBC0,IMDSPObject
1DCB3A19-33ED-11D3-8470-00C04F79DBC0,IMDSPObjectInfo
1DD3CF3D-DF8E-32FF-91EC-E19AA10B63FB,_ObjRef
1DD627FC-89E3-384F-BB9D-58CB4EFB9456,_CharEnumerator
1DDDB704-CF99-4B8A-B746-DABB01DD13A0,IDebugBreakpointBoundEvent2
1DE4FABB-3F57-4788-9093-CE6F908390CD,IISInstallDriver
1DED80A7-53EA-424F-8A04-17FEA9ADC4F5,IBackgroundCopyGroup
1DEECAB6-1CFF-4923-9A53-BC2C5D199544,ICDBurnGlobalSettingsDialog
1DEEF28E-F4B8-48FA-9A7B-8DB573DB3CC7,IVsdDefaultLocationPropertyPage
1DF0D7F1-B267-4D28-8B10-12E23202A5C4,IItemNameLimits
1DF997E7-21C2-4258-A795-49C5D8869BD2,IPrivSyncMgrHandlerDataStore
1DFA5950-82F2-11D5-B89E-00D0B71A7D9E,ISCDAnalysisClientDocument
1DFD0A5C-0284-11D3-9D8E-00C04F72D980,IScanningTuner
1E062B84-E5E6-4B4B-8A25-67B81E8F13E8,IVdsVDisk
1E13E9EC-6B33-4D4A-B5EB-8A92F029F356,ITfSystemLangBarItem
1E16A348-D453-4D93-9C9D-B0F7425A7CCF,ICQryAutoFactory
1E220776-3C20-46E9-A691-DE549C295E26,IVsTextMarkerGlyphDropHandler
1E250CCD-DC30-3217-A7E4-148F375A0088,IChannelDataStore
1E259EE3-49EF-4532-AB78-EE57A5EC8BFD,IInternalService
1E29078B-5A69-497B-9592-49B7E7FADDB5,IFaxActivityLogging
1E344916-2202-4F85-9446-E989654ECBC3,IVsdGetNewEnum
1E34D422-7120-4D9E-96FF-E880B665D30D,IVsIntellisenseLangTip
1E425321-94CB-448E-8E1E-E1EA2479E5E2,IVsLiteTreeList
1E4D31A2-63EA-397A-A77E-B20AD87A9614,_NotImplementedException
1E53C0E4-EE4C-4F2B-A6DC-E8C5A789C7B9,IVBUpgradeEngine
1E61D907-EAEE-4210-A78F-0B5D479819CE,IVSTOSPWfDebugConfig
1E7BA9F7-21DB-4482-929E-21BDE2DFE51C,ISoapServerTlb
1E7FFFE2-AAD9-34EE-8A9F-3C016B880FF0,_ComVisibleAttribute
1E92A4FB-F6BC-4F1F-B829-70898DB4262D,_IDesignWebClass
1E92A4FC-F6BC-4F1F-B829-70898DB4262D,_IDesignWebItem
1E9B00E4-9846-11D1-A1EE-00C04FC2FBE1,ISubscriptionThrottler
1E9C03F6-950B-4087-B3BA-F81AC2724E90,IPrivateExtensionResultCallback
1EAD8F56-FF76-4FAA-A795-6F6EF792498B,IOfflineFilesEvents2
1EB8340B-8190-3D9D-92F8-51244B9804C5,_PlatformNotSupportedException
1EBD3E90-8EEF-4650-8FDB-8B7A1773AD29,IDeviceEmulatorVirtualMachineManager2
1ED5A144-5CD5-4683-9EFF-72CBDB2D9533,IWMDMStorage2
1EDE3B4B-35E7-4B97-8133-02845D600174,IDebugFunctionPosition2
1EE1AF0E-6159-4A61-B79B-6A4BA3FC9DFC,ITAutomatedPhoneControl
1EE6C79A-B763-42E6-AC95-FD0CC00DE315,IVsFontAndColorStorage2
1EED213E-656A-3A73-A4B9-0D3B26FD942B,_CompilerGlobalScopeAttribute
1EF4EF78-2C44-4B7A-8473-8F4357611729,IDebugThreadNameChangedEvent2
1F027F1F-9696-4816-B345-3CD7D3122A48,IVsTextStorageColorState
1F02B6C5-7842-4EE6-8A0B-9A24183A95CA,ITfInputProcessorProfiles
1F074B83-6468-453B-82AB-1F4889934437,IInitCollection
1F0E5357-AF43-44E6-8547-654C645145D2,IESEvent
1F124E1C-D05D-3643-A59F-C3DE6051994F,_StreamWriter
1F20BC5A-0549-11D2-8B2A-0000F8065031,IIntegrator
1F2F3C44-6C32-404E-8FC4-BCE6C6CA34BD,IVsdPropertyRefresh
1F30F49B-EBDA-3F13-9A5D-93118CB845AB,_GenerateMetadata
1F38AAFE-7502-332F-971F-C2FC700A1D55,_DSACryptoServiceProvider
1F4C702D-EB7D-49C3-97F5-4F1D56436820,VCBscMakeTool
1F548767-AEEA-4C14-B6F3-1452CEB15D61,IVCCLCompilerPCHPage
1F5EA01F-44A2-4184-9C48-A75B4DCC8CCC,IAzOperation2 interface
1F69E330-7DC4-4F48-A2ED-822DD0D04944,IWordAdapter
1F6E41E5-25B1-49CE-A00A-2DA5A99EE4F5,IOrderView
1F7382B9-6B5D-4373-8880-387238072DAD,IControllerConduit
1F76A169-F994-40AC-8FC8-0959E8874710,IApplicationAssociationRegistrationUI
1F770809-D31E-4F7E-982B-8F549A45AE50,ISetupGUIObject
1F7B1697-ECB2-4CBB-8A0E-75C427F4A6F0,IAppImport2
1F8352C0-50B0-11CF-960C-0080C7F4EE85,FolderItemVerbs
1F9EC719-343A-3CB3-8040-3927626777C1,_EventArgs
1F9FC1D0-C39B-4B26-817F-011967D3440E,IPropertyDescriptionList
1FA0E135-399A-4D2C-A4FE-D21E2480F921,TextSelection
1FCC4287-ACA6-11D2-A093-00C04F72DC3C,IEnumWIA_DEV_CAPS
1FCE07FE-4A7B-404C-8436-72A3B981BAC1,ISCRFormulaFunctionsManager
1FD682A4-B190-4DFD-B067-ECF7B35221EE,IWMEncBitrateAliasObj
1FE22AB1-40CA-45A0-BD56-7E65FA3B774C,IVsTextLayer2
1FED3DF6-2C3F-461A-BA20-4B1DF6569A9B,IReportSnapInFailure
1FF238CE-6190-3750-A34F-05F02B7315A6,_MenuCommand
1FF28512-6C1F-4CC2-BB1D-948DD60DB711,ISideShowCPLConfigureAutoWake
1FF6AA72-5842-11CF-A707-00AA00C0098D,HTMLTextContainerEvents
20168D64-5A8F-4A5A-B7BD-CFA29F4D0FD9,ITfComposition
20174539-B2C7-4EC7-970B-04201F9CDBAD,IBrowserProgressConnection
2017CB03-DC0F-4C24-83CA-36307B2CD19F,IESIsdbCasResponseEvent
203C06F8-5C88-4073-ABD5-12FD4F41E4E2,IWMDownloadCallback
2043F40C-D061-4AB2-AE6D-227CC7F6C073,IWMSmartPlaylistFilter
204810B4-73B2-11D4-BF42-00B0D0118B56,IUPnPEventSink
204810B5-73B2-11D4-BF42-00B0D0118B56,IUPnPEventSource
204810B6-73B2-11D4-BF42-00B0D0118B56,IUPnPRegistrar
204810B7-73B2-11D4-BF42-00B0D0118B56,IUPnPReregistrar
204810B8-73B2-11D4-BF42-00B0D0118B56,IUPnPDeviceProvider
204810BA-73B2-11D4-BF42-00B0D0118B56,IUPnPDeviceControl
204F4950-212A-414F-9B27-73BD87423F25,INSSManager
207529E6-654A-4916-9F88-4D232EE8A107,IFaxIncomingJob
207823EA-E252-11D2-B77E-0080C7135381,ITLegacyWaveSupport
20808ADC-CC01-3F3A-8F09-ED12940FC212,ISymbolBinder
2080FF4F-297F-4F66-AA83-CACA65F67216,IStrokeSet
20890A77-47C8-44DD-ABC7-3F0920C1B79A,IVsEnumExternalErrors
208E5E9B-58B1-4086-970F-161B582A846F,IOID
2090CCFC-70C5-491D-A5E8-BAD2DD9EE3EA,IDebugThreadCreateEvent2
20945017-0113-4636-BBFC-0716071B5B84,SVsProfileDataManager
209D0EB9-6254-47B1-9033-A98DAE55BB27,IMsTscDebug
20A59FA6-A844-4630-9E98-175F70B4D55B,IFeedFolderEvents
20A7123B-69C1-4BEE-9864-27633C35D1A2,IRefreshEvent
20ABAFEE-2077-4BEF-AB6F-52593B8E6CA3,IDictationHost
20B243E0-020F-4197-B810-99B9E76DE1EC,IWMMetadataPlugin
20C224A4-4892-438F-AB89-CDFD51038313,IVsdBaseEditorTreeViewItem
20D4F5E0-5475-11D2-9774-0000F80855E6,IMediaPlayer2
20E3BF07-B506-4AD5-A50C-D2CA5B9C158E,IComInstance2Events
20E8FEA2-88A6-44D5-85DC-37715DD20C51,IVsdFileLocator
20F22571-AA1C-4724-AD0A-BDE2D19D6163,IDebugExtendedField
210D37F3-32A9-11D4-AAA2-00902741F1FC,IQEExplorerNodes
210D37F5-32A9-11D4-AAA2-00902741F1FC,IQETables
210D37F9-32A9-11D4-AAA2-00902741F1FC,IQETable
210D37FC-32A9-11D4-AAA2-00902741F1FC,IQEFields
210D37FE-32A9-11D4-AAA2-00902741F1FC,IQEField
210D3800-32A9-11D4-AAA2-00902741F1FC,IQEParameters
210D3802-32A9-11D4-AAA2-00902741F1FC,IQEParameter
210D3804-32A9-11D4-AAA2-00902741F1FC,IQEIndexes
210D3806-32A9-11D4-AAA2-00902741F1FC,IQEIndex
210D3808-32A9-11D4-AAA2-00902741F1FC,IQEQueryInfo
210D380A-32A9-11D4-AAA2-00902741F1FC,IQESortFields
210D380C-32A9-11D4-AAA2-00902741F1FC,IQEParameterValues
210D380E-32A9-11D4-AAA2-00902741F1FC,IQERowset
210D3811-32A9-11D4-AAA2-00902741F1FC,IQERowsetColumns
210D3813-32A9-11D4-AAA2-00902741F1FC,IQERowsetColumn
210D381C-32A9-11D4-AAA2-00902741F1FC,IQERangeInfoNodes
210D381E-32A9-11D4-AAA2-00902741F1FC,IQERangeInfoNode
210D3820-32A9-11D4-AAA2-00902741F1FC,IQEErrors
210D3822-32A9-11D4-AAA2-00902741F1FC,IQEError
212FC34F-C581-45D0-ACBA-943E67ECF660,IVsdAssemblyCustomProperty
213310DF-D562-4C4C-B302-5AEDD80FF34A,IVsdFilePickerDialog
2133F790-34C2-11D3-A745-0050040AB407,ITfPersistentPropertyLoaderAnchor
2139DFC1-B0AD-4C17-A817-74F2BA47C714,IVsWebFormDesignerSupport
213D716C-D26D-38A2-96D1-91522EC57A83,_LogRecord
213E5C00-A18B-4748-8F47-AD5F76FB62E6,IPktXPacketX
214A0F28-B737-4026-B847-4F9E37D79529,IVssDifferentialSoftwareSnapshotMgmt
215564F6-7007-4826-9384-9ED0E962DE27,IVsCanCoordinatorClipTextSpan
215913CC-57EB-4FAB-AB5A-E5FA7BEA2A6C,IUserNotification2
217E3556-BAA6-462E-B2DC-596E665E7BAB,IVsdRegistryPlugIn
218D0424-9C53-4EA1-A679-A0AED59B0E4F,IVsHTMLConverter
2199F5F3-CEFC-11D0-A341-0000F800E68D,IFaxRoutingMethod
2199F5F5-CEFC-11D0-A341-0000F800E68D,IFaxRoutingMethods
21B52A91-856F-373C-AD42-4CF3F1021F5A,_Rijndael
21B5F37B-BEF3-354C-8F84-0F9F0863F5C5,IServerChannelSink
21BDC491-F828-4846-9FD8-75C9148AEA24,ExceptionGroups
21BDFF06-A0A7-4F89-BFE3-75C3BC735505,IImeExtendedClauseInfo
21C6F94A-89B3-486F-BBAB-28477D56B7F3,IWMPPlaylistInternalProxy
21CA5F54-4D21-4C14-B246-481AF281114D,IVsdFileSystemEditorTreeViewItem
21CD347B-3101-4F04-95C0-7EB0BB0D8200,VCFileConfiguration
21CD80A2-B305-4F37-9D4C-4534A8D9B568,_IWmiProviderFactory
21D077C1-4BAA-11D3-BD45-00C04F6EA5AE,IWMPObjectExtendedProps
21D52F88-1E4E-45F1-9294-7602DB355F9E,IWindowsFormsHostControlType
21DE01CB-3BB4-4929-B21A-17AF3F80F658,IWMDMProgress3
21E8FF4A-D0EF-44B0-81D7-00831DBAF254,IVsdDeployableValidateEvent
21F57128-08C9-4638-BA12-22D15D88DC5C,IActiveScriptParseProcedureOld64
2206CCB1-19C1-11D1-89E0-00C04FD7A829,IDataInitialize
2206CCB2-19C1-11D1-89E0-00C04FD7A829,IDataSourceLocator
22212CD2-83FF-11D2-92E6-005345000000,IVsHighlight
222C4B5D-45D9-4DF0-A7C6-60CF9089D285,IMsRdpClientAdvancedSettings6
22445657-79B4-11D7-932A-00065B83EE53,ITipProgrammabilityState
22445657-CD13-11D7-93CC-00065B83EE53,IBlobTransfer
225120D6-1E0F-40A3-93FE-1079E6A8017B,Document
225F2F59-39CF-4AE3-A08E-44CF751DE700,IVsHiddenTextClientEx
2261AE74-002C-4110-A87D-D7332FB9378C,IWMSchemaEventManager
2271DCCA-74FC-4414-8FB7-C56B05ACE2D7,ICDBurnExt
2273597A-A08C-4A00-A37A-C1AE4E9A1CFD,IOfflineFilesDirectoryItem
22746150-A25D-4D00-9A74-76D7C2B59F01,IWMPlaylistExecution
22800963-2811-410D-BF87-A7808EAC977D,_ProjectItemsEvents
228136B1-8BD3-11D0-B4EF-00A0C9138CA4,ICatalog
2281372A-8BD3-11D0-B4EF-00A0C9138CA4,ICellset
2281372E-8BD3-11D0-B4EF-00A0C9138CA4,Cell
22813732-8BD3-11D0-B4EF-00A0C9138CA4,Axis
22813734-8BD3-11D0-B4EF-00A0C9138CA4,Position
22813736-8BD3-11D0-B4EF-00A0C9138CA4,Member
2281373A-8BD3-11D0-B4EF-00A0C9138CA4,Level
2281373E-8BD3-11D0-B4EF-00A0C9138CA4,CubeDef25
22813742-8BD3-11D0-B4EF-00A0C9138CA4,Dimension
22813746-8BD3-11D0-B4EF-00A0C9138CA4,Hierarchy
22813751-8BD3-11D0-B4EF-00A0C9138CA4,MD_Collection
22813757-8BD3-11D0-B4EF-00A0C9138CA4,Members
22813758-8BD3-11D0-B4EF-00A0C9138CA4,Levels
22813759-8BD3-11D0-B4EF-00A0C9138CA4,Axes
2281375A-8BD3-11D0-B4EF-00A0C9138CA4,Positions
2281375B-8BD3-11D0-B4EF-00A0C9138CA4,Hierarchies
2281375C-8BD3-11D0-B4EF-00A0C9138CA4,Dimensions
2281375D-8BD3-11D0-B4EF-00A0C9138CA4,CubeDefs
22827DB0-8266-4E0F-8172-9C169B813D28,ilink
2294311A-B7BC-4789-B365-1C15FF2CD17C,Windows
229F3491-6E60-4E50-90E5-7DB14B0DC004,AssemblyReference
22B0C1A9-E74E-381A-BABB-66BEF71FF08E,_MaskedTextBox
22B1D170-0BCA-4F19-AF6D-26BCA68FB2D3,IHMEContentDirectoryBrowseCallback
22B6D492-0F88-11D1-BA19-00C04FD912D0,IOptionArray
22BB8891-FD21-313D-92E4-8A892DC0B39C,_SymLanguageType
22C26A41-5FA3-34E3-A76F-BA480252D8EC,_ReflectionTypeLoadException
22C440DF-4720-4B3A-A472-0CCB6E6CDD97,IAddressBand
22D2E146-1A68-40B8-949C-8FD848B415E6,INotifyNetworkEvents
22D44C94-A419-4542-A272-AE26093ECECF,ITextStoreACPSink
22D6F311-B0F6-11D0-94AB-0080C74C7E95,IMediaPlayer
22E0E9FD-5AE8-44FD-8BC7-E6394340FDFA,IVbaIDE2
22E4C895-8AB9-40BB-B81A-001DD9B1F449,IAnimateWindowSize
22F03340-547D-101B-8E65-08002B2BD119,ICreateErrorInfo
22F55881-280B-11D0-A8A9-00A0C90C2004,IPersistPropertyBag2
22F55882-280B-11D0-A8A9-00A0C90C2004,IPropertyBag2
22F74D0A-694F-4F47-A5CE-AE08A6409AC8,ITabletContextP
22F78F7A-210B-4A2F-A447-DE6432966B7F,ISyncSessionCallback
22FDABC0-EEC7-33E0-B4F2-F3B739E19A5E,_DebuggerDisplayAttribute
22FE8E9E-1B49-45E4-AC1C-5D7EE2ADA429,ISTSServerInstanceFactory
22FF7776-2C9A-48C4-809F-39E5184CC32D,IVsContainedLanguageStaticEventBinding
230A0071-62EF-4CAE-AAC0-8988C37024BF,IDebugProcessQueryProperties
232386AE-8BC8-492C-ABF2-CD522FEC9869,ITallyObject
232397F8-B232-479D-B1BB-2F044C70A0F9,IDebugModuleManaged
23320EFC-7C7A-4C3D-AD85-93A4E620FDD0,IVsDebugProcessNotify
2334D2B1-713E-11CF-8AE5-00AA00C00905,IVBDataObject
2334D2B3-713E-11CF-8AE5-00AA00C00905,IVBDataObjectFiles
2338AC6E-2B9D-44C0-A75E-EE64F256B3BD,ITfFnPropertyUIStatus
234BD9F4-551E-47C3-978C-14E836BAD1B3,ITreeNodeCallback
2352728B-0165-4480-B226-50893184B4D9,DSSRibbonEvents
2359E4AA-1CE2-11D5-9E58-00902741EE80,ISCRSubreportController
2359E4AC-1CE2-11D5-9E58-00902741EE80,_ISCRSubreportControllerEvents
235CBEF7-C2DE-4BFD-B8DA-75097C82C87F,IFaxOutboundRoutingGroups
236EC4A7-0694-47EE-A5DF-CFCE6F649EF0,IWMEncStatistics
23753322-C7B3-3F9A-AC96-52672C1B1CA9,_StructLayoutAttribute
237BFFC9-DC65-4982-9B3A-34D704146E5A,ICmAddonsInstalled
237DAC8E-0E32-11D3-A2E2-00C04F79F88E,IWMPTextCtrl
23857E3C-02BA-44A3-9423-B1C900805F37,IUpdateServiceManager
238DEC54-ADEB-4005-A349-F772B9AFEBC4,IMSVidGraphSegment
2392D0C5-72EA-4215-8C66-280E1CB4344A,IControllerConduitCallback
239D58CC-793C-4B64-8320-B51380087C0B,ICredentialRecoveryData
23A08A00-8856-4F8F-9B72-60A1F8898A8D,IVBTextEditSpecific2
23AC833B-3C5C-4A98-9FDE-3C5AA6E1BC0E,VCCodeEvent
23B6FED1-C3CB-4006-BAD0-64A7EB61DF39,IVsProfileSettingsTree
23B7A868-6C89-436A-94FA-25D755456A77,_TextEditorEvents
23BAE0C0-3A36-32F0-9DAD-0E95ADD67D23,_Registry
23BC3F0A-698B-4357-886B-F24D50671334,IWICComponentInfo
23BCE1CB-AB02-45DF-A71C-574D81F12B4F,IAdaptorFactory
23C9DD26-2355-4FE2-84DE-F779A238ADBD,IProcessDump
23DED1E1-7D5F-3936-AA4E-18BBCC39B155,_ToBase64Transform
23E78ED7-C9E1-462D-8BC6-366003486ED9,SolutionConfigurations
23EC4D20-54A9-4365-82C8-ABDFBA686ECF,IVsSolutionEvents4
23ED2454-6899-3C28-BAB7-6EC86683964A,ISymbolNamespace
240A7174-D653-4A1D-A6D3-D4943CFBFE3D,ICurrentItem
241C033E-E659-43DA-AA4D-4086DBC4758D,ITravelLogClient
24210872-A294-4946-A14F-4A264F70258E,IQuarPrivateShaBinding
242B8952-6B0B-4A3F-8701-4B47E271EA16,IWICMetadataPolicyComponent
243006E0-C252-4B89-8D2A-0D4F1BEAC7A9,IVsdLatticeValue
243368F5-67C9-3510-9424-335A8A67772F,_IndexerNameAttribute
2433BF8E-0F9B-435C-BA2C-180611978C30,ITfContextView
24367A32-EF56-405B-A395-5CF2BCCB2283,SVsActivityLog
24552743-AD87-478B-B43F-CBC38E90D65D,VCCodeImport
245F9D6A-E550-404D-82F1-FDB68281607A,IDebugModule3
245FE7FD-E020-3053-B5F6-7467FD2C6883,_SerializationException
2463FBF0-B0AF-11D2-AFC5-00105A2799B5,ITfCreatePropertyStore
2464AA8D-7099-4C22-925C-81A4EB1FCFFE,IRARegSetting
2473D312-D595-4899-B43C-6FE790A08FE6,IVsdPropertyItem
24785B20-135E-11D1-A2A7-00A0C9082766,IADCEvents
248919AE-E345-4A6D-8AEB-E0D3165C904E,IPrincipal2
248DD892-BB45-11CF-9ABC-0080C7E7B78D,IMSWinsockControl
248DD893-BB45-11CF-9ABC-0080C7E7B78D,DMSWinsockControlEvents
24AE6464-2834-32CD-83D6-FA06953DE62A,_DllNotFoundException
24B7E9B5-E38F-4685-851B-00892CF5F940,INetSharingPortMappingProps
24BE5A30-EDFE-11D2-B933-00104B365C9F,IWshShell2
24BE5A31-EDFE-11D2-B933-00104B365C9F,IWshNetwork2
24D16EE5-10F5-4DE3-8766-D23779BA7A6D,INewItemAdvisor
24DBD89D-413E-43E0-BD5B-197F3C56C886,IPortableDeviceServiceCapabilities
24DE490A-2FEC-4ED0-8AA2-2CFE8C71643B,IFunctionInstanceCollectionQuery2
24EA2515-F612-4528-BA82-7BD3DBBAD303,IUPnPServiceCallbackPrivate
24EBB68F-764B-484F-8E96-1BE0C78A45E6,IAggregateMultipleValues
24FAB8EB-9C5D-4032-9589-CA998490169E,IImeDictionaryToolLaunchRequest
24FB3297-302D-4620-BA39-3A732D850558,IVBSAXDTDHandler
2508FDF0-EF80-4366-878E-C9F024B8D981,IVsLog
250CEF9C-121F-493D-ADCD-7A2A6823C0FD,IRecoAsyncResults
250E1E9A-D2FC-410F-99E4-1ABA5B390A9A,IVsFileChange
250E2106-8EFB-4705-9653-EF13C581B6A1,IInstallationCompletedCallbackArgs
2511838A-C4DE-445A-B8D9-1D43E0205FA9,IImportedNamespaceCollection
2516031A-A391-454D-B53D-C5DC84C7F2DB,AsyncINapSystemHealthValidator
251F1257-1DCB-4AD0-A826-4F9E326FE490,IInkStroke
252C9DE6-D4B9-4A59-8A10-9CA73217B3D0,ITrueCryptMainCom
25411283-46FC-4326-8DF2-FF5D34B2DFEF,_IWbemConfigureRefreshingSvcs
25579C5D-40C5-3F43-92D2-434554D95EF2,_RegistrationConfig
2559D053-417E-4276-A905-193191B5816A,IVsDebuggableProjectCfg2
256068F6-1ADD-4F7B-BA76-571314C413AD,_FontsAndColors
25731932-3283-4AE0-B7CF-F4691B8BE523,Window2
25968106-BAFB-11D2-8AD1-00C04F79E479,Breakpoints
25983550-9D65-49CE-B335-40630D901227,IRawCDImageCreator
25983551-9D65-49CE-B335-40630D901227,IRawCDImageTrackInfo
25985E55-2ABF-43AA-B176-B52945A8E016,IVsdMsiBootstrapperPlugIn
25A161E8-96FB-49F5-AF56-93B4BAE5A01B,ICommandExtManager
25BFDF91-4BCA-46BE-9006-FB7935213C84,_DebuggingJustInTimeProperties
25C39C8C-FA1F-33F0-8BD8-2B2DFFDAC524,_VsaLoader
25C72EB0-E437-3F17-946D-3B72A3ACFF37,ISymbolMethod
25DC05A4-9909-41BD-A95B-7E5D1DEC1D43,IFaxOutboundRouting
25E47D71-20DD-31BE-B261-7AE76497D6B9,_NumberFormatInfo
25F2CE20-8B1D-4971-A7CD-549DAE201FC0,IMsRdpClientSecuredSettings2
2600BCCE-C01B-4D57-A478-671BA800622B,IWMEncAttributes
26036036-4010-4578-8091-0DB9A1EDF9C3,IMsRdpClientAdvancedSettings7
261AD877-0F22-33DE-9A3A-31F5DA424B30,_CodeTypeConstructor
263E5741-4F65-4139-85A8-54550776F283,IWMPNowDoingHelper
2659B475-EEB8-48B7-8F07-B378810F48CF,IShellItemFilter
265EC140-AE62-11D1-8500-00A0C91F9CA0,IActiveMovie3
2660212B-070F-40D3-AFC1-1EC7DF0A995D,IMultiComplete
26656EAA-54EB-4E6F-8F85-4F0EF901A406,IEnumNetwork
26831FB7-7C55-4AB1-B4AD-E37783F2D4A8,IVsRelativePathResolver
2685337A-BB9E-11D2-8AD1-00C04F79E479,Expressions
268DE22D-FC2F-4C29-BA84-C469BFD57440,IImeProperty_JKSpecific
2699DD44-C507-4DA3-AA34-314A6C21DFE2,_dispTextEditorEvents
269AD56A-8A67-4129-BC8C-0506DCFE9880,ISWbemObjectEx
26A40BF9-F833-494F-A69C-B954C0BB7E63,IWMEncNetConnectionStats
26ACC7FD-C665-426B-B120-E96762C5DD1A,IVsCodeWindowEvents
26AE5CC6-CCFD-3906-8B68-16E5EEFABB10,_CodeRegionDirective
26D1CA67-824A-403B-A218-151F9B2271D1,ICcObjectContainer
26D61789-CE2B-49BA-AC5B-CA559312A905,IVsdIconPickerDialog
26E7F0F1-B49C-48CB-B43E-78DCD577E1D9,INotifySource2
26EE67BD-5804-11D2-8B4A-00600806D9B6,ISWbemPrivilege
26EE67BF-5804-11D2-8B4A-00600806D9B6,ISWbemPrivilegeSet
26F1B44F-2B86-4934-9E5B-BE4F8ABD7F6E,isaprovider
26F6CC4B-7A48-4E4D-8AF5-9E960232E05F,_Solution
2712E1D1-C205-442E-8A24-B1874058FDEE,IWMPPlayerInternalMarshalled
272919F3-B51E-4B4F-9505-CB14C2FF56B1,IWorkflowDebugEngine
272FE476-BD07-40D1-9FE3-320CF4C2910E,IWMEncFile2
27354131-7F64-5B0F-8F00-5D77AFBE261E,DDiscMaster2Events
27354132-7F64-5B0F-8F00-5D77AFBE261E,IDiscRecorder2Ex
27354133-7F64-5B0F-8F00-5D77AFBE261E,IDiscRecorder2
27354135-7F64-5B0F-8F00-5D77AFBE261E,IWriteEngine2
27354136-7F64-5B0F-8F00-5D77AFBE261E,IWriteEngine2EventArgs
27354137-7F64-5B0F-8F00-5D77AFBE261E,DWriteEngine2Events
2735413A-7F64-5B0F-8F00-5D77AFBE261E,DDiscFormat2EraseEvents
2735413C-7F64-5B0F-8F00-5D77AFBE261E,DDiscFormat2DataEvents
2735413D-7F64-5B0F-8F00-5D77AFBE261E,IDiscFormat2DataEventArgs
2735413F-7F64-5B0F-8F00-5D77AFBE261E,DDiscFormat2TrackAtOnceEvents
27354140-7F64-5B0F-8F00-5D77AFBE261E,IDiscFormat2TrackAtOnceEventArgs
27354142-7F64-5B0F-8F00-5D77AFBE261E,DDiscFormat2RawCDEvents
27354143-7F64-5B0F-8F00-5D77AFBE261E,IDiscFormat2RawCDEventArgs
27354144-7F64-5B0F-8F00-5D77AFBE261E,IWriteSpeedDescriptor
27354145-7F64-5B0F-8F00-5D77AFBE261E,IStreamPseudoRandomBased
27354146-7F64-5B0F-8F00-5D77AFBE261E,IStreamConcatenate
27354147-7F64-5B0F-8F00-5D77AFBE261E,IStreamInterleave
27354150-7F64-5B0F-8F00-5D77AFBE261E,IMultisession
27354151-7F64-5B0F-8F00-5D77AFBE261E,IMultisessionSequential
27354152-8F64-5B0F-8F00-5D77AFBE261E,IDiscFormat2
27354153-9F64-5B0F-8F00-5D77AFBE261E,IDiscFormat2Data
27354154-8F64-5B0F-8F00-5D77AFBE261E,IDiscFormat2TrackAtOnce
27354155-8F64-5B0F-8F00-5D77AFBE261E,IDiscFormat2RawCD
27354156-8F64-5B0F-8F00-5D77AFBE261E,IDiscFormat2Erase
2752364A-924F-3603-8F6F-6586DF98B292,_Stream
27560408-8E64-4FE1-804E-421201584B31,ITextInputPanelEventSink
275B83D1-E452-435F-8E00-CA4F598833A6,IVsdWebFolderEx
27636B00-410F-11CF-B1FF-02608C9E7553,IADsGroup
276A1A21-AAEF-3378-8902-01F695868FF9,_MouseEventArgs
276A2EE0-0B5D-11D2-A484-00C04F8EFB69,ICrBarn
2770C948-1DE7-4F7B-BC68-8C32C36E9E9A,IItemListCollection
27712A1D-ABEA-42E2-95A5-31D370759429,IVsUpgradeBuildPropertyStorage
2780E0D4-2B06-3E1F-ADDF-D8DBBB3FB960,_DataGridTextBox
278D8A94-FF8F-4778-ADE9-462E1C0605D2,IVoidEvents
278E3759-C985-40A7-846E-6E7FAC1B49F4,ITipTsfSqmData
279398E7-6FC1-40A2-9FB3-C321DB469E9B,IVsPublishableProjectStatusCallback
279A808D-AEC7-40C8-9C6B-A6B492C78A66,IMFMediaSource
27A363FC-A242-434D-BD8C-F41D32417825,IMultiObjectElevationFactory
27AB6FA6-A439-4406-8098-EADCD44A02C0,ISCRBooleanFieldFormatConditionFormulas
27ADC812-BB07-11D2-8AD1-00C04F79E479,Expression
27B06FE5-86D2-4A9D-97CB-772299819F29,IWMEncTransformCollection
27BA2E31-5E0F-482C-A2D9-CA165D2B49FA,IHomeGroupProvider
27D06AC1-4BFA-41F5-B45D-0EA4B50208B5,IVsdSequencesPlugIn
27D4EAAF-28A6-4CA5-9AAB-E678168B9527,IWiaTransferCallback
27D54D92-0EBE-11D2-8B22-00600806D9B6,ISWbemEventSource
27DD32E3-984F-440F-898A-97529294469C,_InstallerEvents
27E803E1-6662-41A2-ADEC-C88F21C79E65,ITabletP3
27E94B0D-5139-49A2-9A61-93522DC54652,IUpdate4
27ED701A-FA26-406E-AE71-00011B5AE396,IEEVisualizerDataProvider
27F13729-4915-49F3-87F9-566B626E2386,ISCRFieldFormat
27FEA05C-5DA6-44B7-BAB9-E12DD28F3D7A,IFxCopRulesPage
27FFF232-A7A8-40DD-8D4A-734AD59FCD41,IAppDomainSetup
2804B74C-AC16-4398-9DC0-DB83F5B7ED14,IFileSaveDialogOld
281872D3-5F95-430A-9942-F4F9E4F02607,IWebSettings
2818DF95-3B08-4D8B-A063-0ECFBF3F6220,IRatingsSystem
2834D6ED-297E-4E72-8A51-961E86F05152,AsyncIAssociatedIdentityProvider
286A167F-9F19-4C61-9D53-4F07BE622B84,IInkRecognitionAlternates
286D7F89-760C-4F89-80C4-66841D2507AA,ILocator
287A9E67-8D1D-4A65-8DB4-51915395D019,ITabletEventSinkP
287EB27C-0F8B-4D2D-8E82-A9CA50B6766E,_dispReferencesEvents
2886ABC2-A425-42B2-91C6-E25C0E04581C,Properties
28888FE3-C2A0-483A-A3EA-8CB1CE51FF3D,ITextStoreACP
288A86D1-6F4F-39C9-9E42-162CF1C37226,_TypeLibImportClassAttribute
288F2A0C-B2E5-4799-9B9C-24E6EFCEFBF4,IVsBrowseContainersList
2893E2FB-9DD6-45E9-8D61-A61E3FAEF223,IRecoveryDataClient
289AE5EE-562C-4350-A8CB-0CB0587A12FF,ISensorsCPLConfigureSensor
289E924C-9FA1-4B1F-B8AE-A8B7AD9D74A7,IContactsHelper
28ABE611-DCB8-4684-9793-105C92839AAB,IVsMethodDataEx
28B4D88B-E072-49E6-804D-26EDBE21A7B9,IWindowsParentalControls
28B96BA0-B330-11CF-A9AD-00AA006BC149,IADsNamespaces
28C149D2-8FCB-4AB3-8584-9A2747F3F8FC,IVsTextLayerMarker
28C52640-018A-11D3-9D8E-00C04F72D980,ITuner
28C7F1D0-DE25-11D2-AFDD-00105A2799B5,ITfLangBarItemButton
28D58EEE-EFFC-4B4D-834C-3A746FEAC7AE,IVsBuildDependency
28DDC187-56B2-34CF-A078-48BD1E113D1E,_HijriCalendar
28ECF94E-3510-3A3E-8BD1-F866F45F3B06,_KeyContainerPermissionAccessEntryCollection
28F059BE-AB9F-43CD-930A-50E30B0997EF,CSharpProjectProperties5
290B355D-80D3-3AFA-96AB-B4D395729374,_ComponentEventHandler
290EAC63-83EC-449C-8417-F148DF8C682A,IFaxDeviceProvider
29193147-0EBC-4276-BF8D-A9332A625578,IVstaHostAdapter
293187EA-5F88-316F-86A5-533B0C7B353F,_KeyContainerPermissionAccessEntryEnumerator
2933BF80-7B36-11D2-B20E-00C04F983E60,IXMLDOMNode
2933BF81-7B36-11D2-B20E-00C04F983E60,IXMLDOMDocument
2933BF82-7B36-11D2-B20E-00C04F983E60,IXMLDOMNodeList
2933BF83-7B36-11D2-B20E-00C04F983E60,IXMLDOMNamedNodeMap
2933BF84-7B36-11D2-B20E-00C04F983E60,IXMLDOMCharacterData
2933BF85-7B36-11D2-B20E-00C04F983E60,IXMLDOMAttribute
2933BF86-7B36-11D2-B20E-00C04F983E60,IXMLDOMElement
2933BF87-7B36-11D2-B20E-00C04F983E60,IXMLDOMText
2933BF88-7B36-11D2-B20E-00C04F983E60,IXMLDOMComment
2933BF89-7B36-11D2-B20E-00C04F983E60,IXMLDOMProcessingInstruction
2933BF8A-7B36-11D2-B20E-00C04F983E60,IXMLDOMCDATASection
2933BF8B-7B36-11D2-B20E-00C04F983E60,IXMLDOMDocumentType
2933BF8C-7B36-11D2-B20E-00C04F983E60,IXMLDOMNotation
2933BF8D-7B36-11D2-B20E-00C04F983E60,IXMLDOMEntity
2933BF8E-7B36-11D2-B20E-00C04F983E60,IXMLDOMEntityReference
2933BF8F-7B36-11D2-B20E-00C04F983E60,IXMLDOMImplementation
2933BF92-7B36-11D2-B20E-00C04F983E60,IXSLProcessor
2933BF93-7B36-11D2-B20E-00C04F983E60,IXSLTemplate
2933BF95-7B36-11D2-B20E-00C04F983E60,IXMLDOMDocument2
2933BF96-7B36-11D2-B20E-00C04F983E60,IXMLDOMDocument3
29374B03-4AB2-11D3-916A-00902741EE7C,ISCRReportDocument
2946CCCB-31C6-4323-92D4-B418F3E40B77,ILegacyFindFiles
2948EBCD-5E0A-3184-9A87-37D3258C0D98,_Image
2959618A-A692-48FF-8CEF-7A28A4F50954,IDebugProgramEx2
295ADCD4-B052-49EE-934E-C6B36862A7C6,CodeClass2
295C3011-E9B9-43DE-A04C-4800DA69F4D3,IKnownScopeFiller
2972D819-180C-4B83-802F-9F30DE327E2D,ISCRPageBasedExportFormatOptions
297A65BE-5080-3F7F-AD19-B0D05D6F2327,ISelectionService
297B6D26-54CB-48E6-941D-DD077F30D204,IQETopNInfos
297F3032-BD11-11D1-A0A7-00805FC147D3,ITACDGroupEvent
297F3033-BD11-11D1-A0A7-00805FC147D3,ITQueueEvent
297F3034-BD11-11D1-A0A7-00805FC147D3,ITAgentHandlerEvent
298682BA-70DD-40BF-95E9-4DD4293BA56D,WebService
2988FC41-49C7-43AC-AEEE-3298DDEE0A11,IHardwareDevicesVolumesEnum
29B1A1BA-3B1D-4F94-9640-54C3AD9EB7BA,IVsdLaunchConditionPlugIn
29B86A70-F52E-11CE-9BCE-00AA00608E01,IOptionFrame
29B88B8E-BC39-45AE-ACAB-0C670E49BCC2,IVsCompoundActionEvents
29BDF32D-E055-38E7-8DCB-920A3038FEF7,_ItemCheckEventArgs
29C3390D-B55C-482E-9E92-1E0064B5CA54,ILCIESharedMemoryObject
29C4C592-A443-4574-905D-39D7411DAD4F,IImeKeyMapView_JKSpecific
29CDD341-0F95-42F2-B71C-75BC51A7EB72,IVsAtomicTextProvider
29D1B38E-EDFF-4A0D-B0F4-3DB41C886266,IWMMetadataOfflineWMWebServiceCallback
29D75F73-04DF-4EC4-AC05-47C4119808E6,IIdentityReference
29D97D99-2C50-4855-BC74-B3E372DDD602,IDebugComPlusSymbolProvider2
29DC56CF-B981-3432-97C8-3680AB6D862D,_Environment
29E61DE1-7A1C-11D4-AAC8-00D0B75DB31F,IQERowsetHierarchy
29EC0C96-EAF7-496C-8724-8F21C9C8124A,IVsHelpTopic
29EC8E6C-46D3-411F-BAAA-611A6C9CAC66,IShellFolderViewDual3
29ECB87C-B865-4AE9-8FB8-C58C70A65F9C,IDSPickerDataObject
29ECD774-75AE-11D2-B74E-0000F87572EF,IDebugArrayObject
29F3A001-414A-11D3-9D7E-00902741EE80,ISCRConnections
29F3A003-414A-11D3-9D7E-00902741EE80,ISCRSection
29F3A007-414A-11D3-9D7E-00902741EE80,ISCRChartObject
29F3A025-414A-11D3-9D7E-00902741EE80,ISCRCubeViewDocument
29F3A027-414A-11D3-9D7E-00902741EE80,ISCRReportDefinition
2A005C01-A5DE-11CF-9E66-00AA00A3F464,ISharedProperty
2A005C07-A5DE-11CF-9E66-00AA00A3F464,ISharedPropertyGroup
2A005C0D-A5DE-11CF-9E66-00AA00A3F464,ISharedPropertyGroupManager
2A0B9D10-4B87-11D3-A97A-00104B365C9F,IFileSystem3
2A0DE0E2-2E9F-11D0-9236-00AA00A1EB95,IVSSDatabaseOld1
2A0DE0E3-2E9F-11D0-9236-00AA00A1EB95,IVSSUser
2A0DE0E4-2E9F-11D0-9236-00AA00A1EB95,IVSSUsers
2A0DE0E7-2E9F-11D0-9236-00AA00A1EB95,IVSSItemOld1
2A0DE0E9-2E9F-11D0-9236-00AA00A1EB95,IVSSVersion
2A0DE0EA-2E9F-11D0-9236-00AA00A1EB95,IVSSItem
2A0DE0EB-2E9F-11D0-9236-00AA00A1EB95,IVSSVersions
2A0DE0ED-2E9F-11D0-9236-00AA00A1EB95,IVSSCheckoutModifiable
2A0DE0EE-2E9F-11D0-9236-00AA00A1EB95,IVSSDatabase
2A0DE0F0-2E9F-11D0-9236-00AA00A1EB95,IVSSCheckout
2A1C9EB2-DF62-4154-B800-63278FCB8037,INetworkInterface
2A278175-D5DB-11D3-A64C-009027666FBD,ISCRReadIStreamOnBytes
2A2E0DA3-19FA-4F82-BE18-CD7D7A3B977F,IWMPNowDoingDispatch
2A31FD5D-3D84-4E1D-A92F-4D32F61EAF3E,ISettingDefinition
2A42F137-D50D-3D62-AF58-4DF7A4F57C9B,_ToolStripContainer
2A4E3F4B-8301-4F43-96D5-6D3C652F90A7,IWMPPluginContentProperties
2A504CA2-CA90-4731-87BC-6E99CA2019AF,_IWmiProvSSSink
2A542A1A-50EF-4378-B138-16C81989B981,ITunerHelper
2A6DE4A2-5B3D-46EB-A65C-24C4EF4F396F,IVsUserContextItemCollection
2A6E2939-2595-11D3-B64C-00C04F79498E,IEnumComponents
2A6E293B-2595-11D3-B64C-00C04F79498E,IAnalogRadioTuningSpace
2A6E293C-2595-11D3-B64C-00C04F79498E,IAnalogTVTuningSpace
2A6E91B9-A874-38E4-99C2-C5D83D78140D,IEnvoyInfo
2A75C1FD-06B0-3CBB-B467-2545D4D6C865,_StrongName
2A792539-9CEA-4A63-A80A-A645FEF2046A,IInstanceMgr
2A826396-8756-4A97-A03B-C7E99BD08314,VCCodeIDLImport
2A960141-45F5-4BF2-9634-F5BA1BAF495F,ISharedHandlerAdviseSink
2A99020A-E325-4454-95E0-136726ED4818,IDeviceInfo
2A9C35DA-D357-41F4-BBC1-207AC1B1F3CB,IBootTrigger
2AB20832-0942-42F9-974F-4E65B85DABF3,IVsSyntheticTextManager
2ABC0864-9677-42E5-882A-D415C556C284,INotifyNetworkInterfaceEvents
2ABD757F-2851-4997-9A13-47D2A885D6CA,IVdsHbaPort
2AC06F23-3274-4224-AE7E-F897EDF15FE9,IClrTrksBroker
2AC320C7-944D-4DAC-9798-01C181C78628,IVsdModuleExclusion
2ACA2576-0738-466F-845F-16062ED8D1BC,FolderProperties2
2AD6C81C-42DC-46B8-931B-EE0DB2A20D1B,IItemPropertyCache
2AD71E0D-AD9E-4735-BD4A-AA9AC430A883,IVBGenericExtender
2AD9F14A-0097-3C69-9F8E-5DDB52F3878B,_NumericUpDown
2ADB0D4A-5976-38E4-852B-C131797430F5,_Decoder
2AEE80EF-1BE2-4D87-9511-C935A0957044,IDebugMDMUtilJITHelper2_V7
2AF066B3-4CBB-4CBA-A798-204B6AF68CC0,IAssociatedIdentityProvider
2AF1FE1B-1EC5-4190-BD89-04DFA7EDE9EA,ISdrRestoreService
2AF2D06A-DD5B-4927-A0B4-54F19C91FADE,ITfTextLayoutSink
2AFA4F74-7A1A-4DEE-8F99-46E74E5A3C0F,IVsSupportItemHandoff2
2B09D48C-8AB5-464F-A755-A59D92F99429,IOfflineFilesGhostInfo
2B0C92B8-208A-488A-8F81-E4EDB22111CD,IAzClientContext2 interface
2B130940-CA5E-3406-8385-E259E68AB039,ICustomFormatter
2B21E4E2-BB42-43A1-A9EF-39A64D4D124E,IVsdFileSystemEditor
2B226A06-FF61-44F3-9ADD-B34BD9F72FCB,IDebugSymbolProviderGroup
2B23F7CF-BD59-11D3-A67A-00902771E565,ISCRSimpleTextObject
2B2D0333-4983-4172-8AEE-4607A95F3399,VCXMLDataGeneratorTool
2B322B6E-A9DF-44E3-97BF-259E3583FDA4,Internal_IWbemProviderIdentity
2B34362F-CEB2-4A47-BB10-7E4598668ADD,ISDCommandOutput
2B3F10E2-1981-4EFD-8897-084FF9595DB8,ISCRExportOptions
2B402B84-70C7-4F5A-8BB0-D77D4999D6FA,ICmSHCPUMapContainer
2B4FC258-BCB0-41C4-8B0E-DE2E26A1973F,IGamesCollection
2B67CECE-71C3-36A9-A136-925CCC1935A8,_Array
2B78E400-E7D0-49BF-8F16-CFD6324DB307,IDReport
2B78E401-E7D0-49BF-8F16-CFD6324DB307,IDArea
2B78E402-E7D0-49BF-8F16-CFD6324DB307,IDSection
2B78E403-E7D0-49BF-8F16-CFD6324DB307,IDReportObject
2B78E404-E7D0-49BF-8F16-CFD6324DB307,IDFieldObject
2B78E405-E7D0-49BF-8F16-CFD6324DB307,IDTextObject
2B78E407-E7D0-49BF-8F16-CFD6324DB307,IDDatabaseFieldDefinition
2B78E408-E7D0-49BF-8F16-CFD6324DB307,IDRunningTotalFieldDefinition
2B78E409-E7D0-49BF-8F16-CFD6324DB307,IDGraphObject
2B78E40A-E7D0-49BF-8F16-CFD6324DB307,IDSubreportObject
2B78E40B-E7D0-49BF-8F16-CFD6324DB307,IDCrossTabObject
2B78E40C-E7D0-49BF-8F16-CFD6324DB307,IDFormulaFieldDefinition
2B78E40D-E7D0-49BF-8F16-CFD6324DB307,IDParameterFieldDefinition
2B78E40E-E7D0-49BF-8F16-CFD6324DB307,IDSQLExpressionFieldDefinition
2B78E40F-E7D0-49BF-8F16-CFD6324DB307,IDTextObject2
2B78E410-E7D0-49BF-8F16-CFD6324DB307,IDEditTextObject
2B78E414-E7D0-49BF-8F16-CFD6324DB307,ICSFontDescription
2B81D5F8-F8BD-4A65-8F51-F3BFCD51A924,IVsProjectFlavorCfgProvider
2B8B0B6D-350A-4CC2-8403-4528D16C0A88,ISetupWindowImage
2B8DE2FE-8D2D-11D1-B2FC-00C04FD915A9,IXMLDocument2
2B8DE2FF-8D2D-11D1-B2FC-00C04FD915A9,IXMLElement2
2B8F1709-EC30-48AC-9BAA-23867A5076DC,IDebugObject90
2B90F17E-5A3E-4B33-BB7F-1BC48056B94D,ISyncMgrSyncResult
2B9F01DF-5A12-3688-98D6-C34BF5ED1865,_ProgIdAttribute
2BAD7D35-895F-3D4A-B883-0B3CD324B8BD,_DateTimePicker
2BC88742-618D-46B2-B65D-67AC990E3215,IVsDebuggableProjectCfg
2BCD7A6A-D251-4286-9A61-BDEDDE91114F,IVsObjectBrowserDescription3
2BCF7523-76D9-4452-93DF-B82C47276D5C,ISetupProgress4
2BD3716F-A914-49FB-8655-996D5F495498,IWMPEqualizerSettingsCtrl
2BDF9464-41E2-43E3-950C-A6865BA25CD4,ITextStoreACPSinkEx
2BE10A43-BF34-4CC0-B172-3C16761C4384,IHomeGroupDevice
2BE5F37E-86FC-411F-9AE1-92AD4644F3EA,IProvideRecoFactoid
2BE74789-F70B-42A3-80CA-E91743385844,IProgramPublisher
2C02F66C-519E-4A19-B9EE-B5F884124F6C,IWMMetadataWMWebService
2C05C3F0-6EED-4C05-A15F-ED7D7A98A369,ITaskSettings2
2C06EAB7-1814-4DEF-9625-0F3EC1EF0BC7,IEnumProgressUpdates
2C073D84-B51C-48C9-AA9F-68971E1F6E38,IMPEG2ComponentType
2C1C7E2E-2D0E-4059-831E-1E6F82335C2E,IEnumObjects
2C264A1A-DBFB-43FE-9434-997B5BE0FCCC,AssemblyReferences
2C2B15B7-FC6D-45B3-9622-29665D964A76,IDebugSessionCreateEvent2
2C2EA032-02BE-11D1-8C85-00C04FC2AA89,IUIHostLocale2
2C358E27-8C1A-3C03-B086-A40465625557,_MarshalByRefObject
2C3B7532-A36F-4A6E-9072-49BE649B8541,IDebugThreadDestroyEvent2
2C50087D-D9A9-4FCD-9CF9-58F50440CAEA,IFolderEventDispatcher
2C56D8E6-8C2F-4573-944C-E505F8F5AEED,IFaxOutgoingJobs
2C65D4C0-584C-3E4E-8E6D-1AFB112BFF69,_RNGCryptoServiceProvider
2C787A50-E01C-11CF-8E74-00A0C90F26F8,IPanels
2C787A52-E01C-11CF-8E74-00A0C90F26F8,IPanel11
2C8C6DBF-E3DC-4061-BECC-8542E810D126,IPortableDeviceCapabilities
2C92668B-18A6-4712-95A9-A10F2FB72E70,VCFile
2C9273E0-1DC3-11D3-B364-00105A1F8177,IWbemRefreshingServices
2C941FD5-975B-59BE-A960-9A2A262853A5,IProgressItem
2C941FD6-975B-59BE-A960-9A2A262853A5,IEnumProgressItems
2C941FD7-975B-59BE-A960-9A2A262853A5,IProgressItems
2C941FD8-975B-59BE-A960-9A2A262853A5,IFileSystemImageResult
2C941FD9-975B-59BE-A960-9A2A262853A5,IFsiItem
2C941FDA-975B-59BE-A960-9A2A262853A5,IEnumFsiItems
2C941FDB-975B-59BE-A960-9A2A262853A5,IFsiFileItem
2C941FDC-975B-59BE-A960-9A2A262853A5,IFsiDirectoryItem
2C941FDF-975B-59BE-A960-9A2A262853A5,DFileSystemImageEvents
2C941FE1-975B-59BE-A960-9A2A262853A5,IFileSystemImage
2CA5D9EE-6D2D-4642-A933-4B9C150B3E44,IVsdEnumUINodes
2CA9FC63-C131-4E5A-955A-544A47C67146,IMSVidStreamBufferSink2
2CC5E562-6C14-34A6-9D0B-E6FF949AE8FB,IRootDesigner
2CC8FDB1-BC5E-4FBD-8012-E09CEA6C8050,IProviderCollection
2CD0BD52-BCD5-4B89-B62C-EADC0C031E7D,IMFMediaEventGenerator
2CD2D921-C447-44A7-A13C-4ADABFC247E3,IMFAttributes
2CE15729-376F-4372-AD30-4148A6326EE8,IShellNavigationTarget
2CE46480-1A08-11CF-AD63-00AA00614F3E,SelectedControls
2CE46480-5176-4EF2-8581-7B534D2AC56E,SelectedControls
2CFB826F-F6BF-480D-A546-95A0381CC411,VSProject
2CFEB2A8-1787-4A24-A941-C6EAEC39C842,IAnalogAudioComponentType
2D2CC27B-E2FC-4ABD-909F-D1401DA6E82F,IQueryLinks
2D39742A-C729-44C3-AC5B-85785D4C1C22,IVsHierarchicalOutput
2D3A4C40-E711-11D0-94AB-0080C74C7E95,_MediaPlayerEvents
2D53BDAA-798E-49E6-A1AA-74D01256F411,IWSManEx
2D5F5267-CC7A-428C-A3D9-ADD7BD75AEBE,IImeWordRegistrationDialogLaunchRequest
2D5FDED6-FE2A-437E-B25D-ED497D4C81D2,ISCRReportPartIDs
2D62C034-6953-42F6-B8F7-8102FB84619A,IVSTDocumentDesignerSite
2D7CDC3D-FA79-4DF3-9CD2-AACF65A2846E,IVsComponentSelectorDlg2
2D7EF888-1D3C-484A-A906-9F49D99BB344,IWMPCDDVDWizardExternal
2D8BD984-D7D3-4428-8311-6874207952C6,IVsdDynamicProperties
2D91EEA1-9932-11D2-BE86-00A0C9A83DA1,IFileSearchBand
2D950C7E-C30B-4D2B-AEB0-EE2ADFDBA941,DSSPanelEvents
2D985674-231C-33D4-B14D-F3A6BD2EBE19,_SynchronizationAttribute
2DB48474-D18B-4315-B552-DC6CF5F651D5,IScriptedDiagnosticInformation
2DB9FA90-9973-46CF-B310-9865B644699D,Internal_IWbemObjectSink
2DBC46FE-B3DD-3858-AFC2-D3A2D492A588,_MemoryStream
2DBDF061-439B-4822-9727-CA3ED918B658,IVsProjectCfg
2DBE8CB0-5609-4962-BF20-F7AA6F2ECEC0,ISetupLogDB2
2DBEC0A7-74C7-4B38-81EB-AA8EF0C24900,IInkDivisionResult
2DCAE8AD-FDF1-4588-A688-622C4A6EEF42,IWMEncNetSource
2DD81FE3-A83C-4DA9-A330-47249D345BA1,IEnumResources
2DDBF3D4-8CB8-43CF-B1CA-834987325EE1,IInstanceMgrEvents
2DDE1CEB-BEDD-4278-8D55-199FF7FBB644,ISettingInstance
2DE0A190-A1A4-11D1-B382-00A0C911E8B2,IGenScriptletTLib
2DE1D5E0-CA57-456F-815C-5902825A2795,IDebugExpressionEvaluator2
2DE25EAA-6EF8-42D5-AEE9-185BC81B912D,IInkTablet
2DEA7885-1846-411F-A41E-017A8FD778FF,_AcroAXDocEventSink
2DEE47C8-704D-42A0-9983-FFEED659B64D,ITfContext_P
2E01311B-C322-4B0A-BD77-B90CFDC8DCE7,IServerXMLHTTPRequest2
2E037B27-CF8A-4ABD-B1E0-5704943BEA6F,IFaxServerNotify
2E121723-EB62-476B-B55C-B14FCE7EACF5,IVMXCreator
2E121724-EB62-476B-B55C-B14FCE7EACF5,IElevMgr
2E133422-0037-4AAF-BD97-E7D2D9B6FA64,IWMMediaLibraryResultSetEventManager
2E1BFD1C-5B26-4ACA-B97B-ED9D261BA3E7,IVsTextEditGeneral
2E23BB3B-B011-451D-9484-50CBE7233615,ISetupObjectContext
2E3BD64B-6A82-4DA0-B49E-92A8B4BD59F4,ICredentialBroker
2E3BE3ED-2F22-3B20-9F92-BD29B79D6F42,_ZoneIdentityPermissionAttribute
2E607D76-7654-47EA-AD92-C45309A31BD3,ISetupFeature
2E6269B1-BA2A-46E1-8A01-71470B25320E,V7ONLY_IDebugLaunchMsvcmon2
2E6A14E2-571C-11D3-B652-00C04F79498E,IMSVidOutputDeviceEvent
2E758295-344B-48D6-86AC-BD81F89CB4B8,IVsTextViewIntellisenseHostProvider
2E759B5B-556D-4009-B2E0-94531748FF81,IWMSmartPlaylistFragmentDesc
2E9196BF-13BA-4DD4-91CA-6C571F281495,IServerXMLHTTPRequest
2E922378-EE70-4CEB-BBAB-CE7CE4A04816,IWMPSubscriptionServiceExternal
2E9A5206-2360-49DF-9D9B-1762B4BEAE77,_IDeviceManagerEvents
2E9D9DCA-DD6E-4FEE-B704-FF1E06001F6E,ICreateResultSetsCallback
2EA4C00D-7156-4F8E-B990-FB4271147617,IDebugJIT2
2EAC6733-8D92-31D9-BE04-DC467EFC3EB1,_RegistryKey
2EB1E945-18B8-4139-9B1A-D5D584818530,IMFClock
2EBA43B6-38FC-47B8-ACC7-C9D17D3FE2FD,IWMPNodeFSBlendingHost
2EC2E513-BF48-46CC-8AB6-173CAEBFBF6C,IVsdRootNode
2EC892AF-9642-417F-B452-8AA1ACBFBA99,IVsInvisibleEditor
2EC8EA69-8E64-4654-A177-E787D2F41FA1,ITipAutoCompleteState
2ECAAE47-DE28-4B25-B5ED-DA468CC6B058,IWMEncPushDistribution
2ED7290A-4DD5-4B46-BB26-4E4155E77FAA,IVBSAXContentHandler
2ED7B280-B372-415E-862D-D7D9AEAFCD10,IVsLanguageClipboardOps
2EE13FA1-8A02-3573-9AC9-4FEBD2CEAB45,_CodePropertySetValueReferenceExpression
2EE1E9FA-0AFE-4348-A89F-ED9CB45C99CF,DTE2
2EE48F22-AF3C-405F-8970-F71BE12EE9A2,IAutomaticUpdatesSettings
2EF3DE1D-B12A-49D1-92C5-0B00798768F1,SnapIns
2EFEC16E-EEC9-39A3-9D8A-5E72B5C14F78,_ComboBox
2F01EB29-BD57-11D2-9238-00A02448799A,IDebugENCUpdateOnStaleCodeEvent2
2F0F813F-4CE9-443E-8CA1-738CFAEEE149,IFaxDeviceIds
2F205D9B-64A0-48D3-AB24-D25CD88CC36F,IDevicePackage
2F218F95-4215-3CC6-8A51-BD2770C090E4,_ApplicationId
2F248FAD-47C5-42A8-9672-61095D712258,ISideShowGadgetHost
2F2EDB9C-86A7-4956-8510-683F91978404,VCCustomBuildTool
2F328444-6E74-48B4-8B95-08015F9D65D9,IVsSimpleLibrary2
2F3684D1-6926-4BE1-AAEC-190CCDB1B493,ISdoDatabaseInfo
2F413257-2290-497B-AAF9-2629B75C1C82,IAutoUpdateInternal2
2F43B9E6-386F-4AAE-BCA2-B4D5528B3350,ICancelEventArgs
2F5A88E5-E1BE-4D51-9240-2FA39A69606F,IVixHandle2
2F6C9673-7B26-42DE-8EB0-915DCD2A4F4C,IFaxInboundRoutingExtensions
2F732065-EFF0-4C7C-8FC1-363851B1F1D7,iaudiographcallback
2F7E44AF-6E52-4660-BC08-D8D542587D72,IMSVidFilePlayback2
2F93ACD7-7354-4AEB-B289-0DB74D9EF87F,IControl
2F9469A0-A470-11D0-8821-00A0C903B83C,ICertEncodeDateArray
2FABA4C7-4DA9-4013-9697-20CC3FD40F85,ITaskService
2FC35761-0F20-4AB5-80C7-856E9679F228,IKnownFolderManagerPriv
2FC54DC9-922B-44EB-8CC0-BA182584DC4B,TextWindow
2FD8CB67-E02C-45BD-A0DE-C869505AFA1A,ISystemSettings
2FE9F084-1511-3052-BE7C-9010B522C10E,_QueryAccessibilityHelpEventArgs
2FEE59F3-54F2-4909-9E1E-24E49244B2DA,IVsdBuildManager
2FEF0210-9EBD-32C0-9BFD-24841AC0FCF7,IComponentChangeService
2FF13037-7EF6-4F18-9190-E261EFB4D96A,ISplitButtonEditor
2FF13038-7EF6-4F18-9190-E261EFB4D96A,_ISplitButtonEditorEvents
30068F5C-D1A7-4E7D-A2C4-B47650918159,IWMMediaLibrary
3017056D-9A91-4E90-937D-746C72ABBF4F,IPropertyStoreCache
30176CFE-6F36-4EA4-BE65-A4B728FECE39,IItemSetOperationCallback
3018E511-6282-41FC-8E1F-77AB1BDDE523,IVsPropertyFileOut
301C060E-20D9-4587-9B03-F82ED9A9943C,IMSVidGraphSegmentUserInput
30217F3C-E8FA-416B-ABA6-BF0BD3B79321,IFindInDocumentEvents
3025F666-7891-33D7-AACD-23D169EF354E,_TimeZone
302F0F55-1EDE-4777-9B38-115E1F229D56,IDebugDefaultPort2
302FF09E-E50A-4B62-AA5D-5B8A6D3551E0,ICmOS
30491A5B-A47E-4C9C-8204-18586648A277,IVsViewRangeClient
304AD878-EB66-4F20-AC1E-011A98F65968,IDebugProviderCallback2
3050F1D8-98B5-11CF-BB82-00AA00BDCE0B,IHTMLBodyElement
3050F1D9-98B5-11CF-BB82-00AA00BDCE0B,IHTMLFontElement
3050F1DA-98B5-11CF-BB82-00AA00BDCE0B,IHTMLAnchorElement
3050F1DD-98B5-11CF-BB82-00AA00BDCE0B,IHTMLUListElement
3050F1DE-98B5-11CF-BB82-00AA00BDCE0B,IHTMLOListElement
3050F1E0-98B5-11CF-BB82-00AA00BDCE0B,IHTMLLIElement
3050F1F0-98B5-11CF-BB82-00AA00BDCE0B,IHTMLBRElement
3050F1F1-98B5-11CF-BB82-00AA00BDCE0B,IHTMLDListElement
3050F1F2-98B5-11CF-BB82-00AA00BDCE0B,IHTMLDDElement
3050F1F3-98B5-11CF-BB82-00AA00BDCE0B,IHTMLDTElement
3050F1F4-98B5-11CF-BB82-00AA00BDCE0B,IHTMLHRElement
3050F1F5-98B5-11CF-BB82-00AA00BDCE0B,IHTMLParaElement
3050F1F6-98B5-11CF-BB82-00AA00BDCE0B,IHTMLHeaderElement
3050F1F7-98B5-11CF-BB82-00AA00BDCE0B,IHTMLFormElement
3050F1FF-98B5-11CF-BB82-00AA00BDCE0B,IHTMLElement
3050F200-98B5-11CF-BB82-00AA00BDCE0B,IHTMLDivElement
3050F202-98B5-11CF-BB82-00AA00BDCE0B,IHTMLBaseFontElement
3050F203-98B5-11CF-BB82-00AA00BDCE0B,IHTMLMetaElement
3050F204-98B5-11CF-BB82-00AA00BDCE0B,IHTMLBaseElement
3050F205-98B5-11CF-BB82-00AA00BDCE0B,IHTMLLinkElement
3050F206-98B5-11CF-BB82-00AA00BDCE0B,IHTMLIsIndexElement
3050F207-98B5-11CF-BB82-00AA00BDCE0B,IHTMLNextIdElement
3050F208-98B5-11CF-BB82-00AA00BDCE0B,IHTMLBlockElement
3050F209-98B5-11CF-BB82-00AA00BDCE0B,IHTMLUnknownElement
3050F20A-98B5-11CF-BB82-00AA00BDCE0B,IHTMLPhraseElement
3050F20C-98B5-11CF-BB82-00AA00BDCE0B,IHTMLCommentElement
3050F20E-98B5-11CF-BB82-00AA00BDCE0B,IHTMLListElement
3050F211-98B5-11CF-BB82-00AA00BDCE0B,IHTMLOptionElement
3050F212-98B5-11CF-BB82-00AA00BDCE0B,IHTMLDivPosition
3050F216-98B5-11CF-BB82-00AA00BDCE0B,IHTMLDialog
3050F218-98B5-11CF-BB82-00AA00BDCE0B,IHTMLTextElement
3050F21E-98B5-11CF-BB82-00AA00BDCE0B,IHTMLTable
3050F21F-98B5-11CF-BB82-00AA00BDCE0B,IHTMLElementCollection
3050F220-98B5-11CF-BB82-00AA00BDCE0B,IHTMLTxtRange
3050F230-98B5-11CF-BB82-00AA00BDCE0B,IHTMLTextContainer
3050F23A-98B5-11CF-BB82-00AA00BDCE0B,IHTMLTableCol
3050F23B-98B5-11CF-BB82-00AA00BDCE0B,IHTMLTableSection
3050F23C-98B5-11CF-BB82-00AA00BDCE0B,IHTMLTableRow
3050F23D-98B5-11CF-BB82-00AA00BDCE0B,IHTMLTableCell
3050F240-98B5-11CF-BB82-00AA00BDCE0B,IHTMLImgElement
3050F244-98B5-11CF-BB82-00AA00BDCE0B,IHTMLSelectElement
3050F24F-98B5-11CF-BB82-00AA00BDCE0B,IHTMLObjectElement
3050F25A-98B5-11CF-BB82-00AA00BDCE0B,IHTMLSelectionObject
3050F25B-98B5-11CF-BB82-00AA00BDCE0B,HTMLImgEvents
3050F25E-98B5-11CF-BB82-00AA00BDCE0B,IHTMLStyle
3050F25F-98B5-11CF-BB82-00AA00BDCE0B,IHTMLEmbedElement
3050F260-98B5-11CF-BB82-00AA00BDCE0B,HTMLDocumentEvents
3050F265-98B5-11CF-BB82-00AA00BDCE0B,IHTMLAreaElement
3050F266-98B5-11CF-BB82-00AA00BDCE0B,IHTMLMapElement
3050F28B-98B5-11CF-BB82-00AA00BDCE0B,IHTMLScriptElement
3050F29C-98B5-11CF-BB82-00AA00BDCE0B,IHTMLControlRange
3050F29D-98B5-11CF-BB82-00AA00BDCE0B,HTMLAnchorEvents
3050F2A4-98B5-11CF-BB82-00AA00BDCE0B,IHTMLInputHiddenElement
3050F2A6-98B5-11CF-BB82-00AA00BDCE0B,IHTMLInputTextElement
3050F2A7-98B5-11CF-BB82-00AA00BDCE0B,HTMLInputTextElementEvents
3050F2AA-98B5-11CF-BB82-00AA00BDCE0B,IHTMLTextAreaElement
3050F2AD-98B5-11CF-BB82-00AA00BDCE0B,IHTMLInputFileElement
3050F2AF-98B5-11CF-BB82-00AA00BDCE0B,HTMLInputFileElementEvents
3050F2B2-98B5-11CF-BB82-00AA00BDCE0B,IHTMLInputButtonElement
3050F2B3-98B5-11CF-BB82-00AA00BDCE0B,HTMLButtonElementEvents
3050F2B5-98B5-11CF-BB82-00AA00BDCE0B,IHTMLMarqueeElement
3050F2B8-98B5-11CF-BB82-00AA00BDCE0B,HTMLMarqueeElementEvents
3050F2BB-98B5-11CF-BB82-00AA00BDCE0B,IHTMLButtonElement
3050F2BC-98B5-11CF-BB82-00AA00BDCE0B,IHTMLOptionButtonElement
3050F2BD-98B5-11CF-BB82-00AA00BDCE0B,HTMLOptionButtonElementEvents
3050F2C2-98B5-11CF-BB82-00AA00BDCE0B,IHTMLInputImage
3050F2C3-98B5-11CF-BB82-00AA00BDCE0B,HTMLInputImageEvents
3050F2E3-98B5-11CF-BB82-00AA00BDCE0B,IHTMLStyleSheet
3050F2E5-98B5-11CF-BB82-00AA00BDCE0B,IHTMLStyleSheetRulesCollection
3050F2EB-98B5-11CF-BB82-00AA00BDCE0B,IHTMLTableCaption
3050F302-98B5-11CF-BB82-00AA00BDCE0B,HTMLSelectElementEvents
3050F311-98B5-11CF-BB82-00AA00BDCE0B,IHTMLFrameBase
3050F313-98B5-11CF-BB82-00AA00BDCE0B,IHTMLFrameElement
3050F315-98B5-11CF-BB82-00AA00BDCE0B,IHTMLIFrameElement
3050F319-98B5-11CF-BB82-00AA00BDCE0B,IHTMLFrameSetElement
3050F322-98B5-11CF-BB82-00AA00BDCE0B,IHTMLTitleElement
3050F329-98B5-11CF-BB82-00AA00BDCE0B,HTMLLabelEvents
3050F32A-98B5-11CF-BB82-00AA00BDCE0B,IHTMLLabelElement
3050F32D-98B5-11CF-BB82-00AA00BDCE0B,IHTMLEventObj
3050F335-98B5-11CF-BB82-00AA00BDCE0B,IHTMLRuleStyle5
3050F33A-98B5-11CF-BB82-00AA00BDCE0B,IHTMLStyle5
3050F33B-98B5-11CF-BB82-00AA00BDCE0B,IHTMLCurrentStyle4
3050F33C-98B5-11CF-BB82-00AA00BDCE0B,HTMLElementEvents
3050F357-98B5-11CF-BB82-00AA00BDCE0B,IHTMLStyleSheetRule
3050F35C-98B5-11CF-BB82-00AA00BDCE0B,IHTMLScreen
3050F35F-98B5-11CF-BB82-00AA00BDCE0B,ITimerService
3050F360-98B5-11CF-BB82-00AA00BDCE0B,ITimer
3050F361-98B5-11CF-BB82-00AA00BDCE0B,ITimerSink
3050F364-98B5-11CF-BB82-00AA00BDCE0B,HTMLFormElementEvents
3050F366-98B5-11CF-BB82-00AA00BDCE0B,HTMLAreaEvents
3050F369-98B5-11CF-BB82-00AA00BDCE0B,IHTMLBGsound
3050F375-98B5-11CF-BB82-00AA00BDCE0B,IHTMLStyleElement
3050F376-98B5-11CF-BB82-00AA00BDCE0B,IHTMLFontNamesCollection
3050F377-98B5-11CF-BB82-00AA00BDCE0B,IHTMLFontSizesCollection
3050F378-98B5-11CF-BB82-00AA00BDCE0B,IHTMLOptionsHolder
3050F37E-98B5-11CF-BB82-00AA00BDCE0B,IHTMLStyleSheetsCollection
3050F383-98B5-11CF-BB82-00AA00BDCE0B,IHTMLAreasCollection
3050F388-98B5-11CF-BB82-00AA00BDCE0B,IHTMLDialog3
3050F38A-98B5-11CF-BB82-00AA00BDCE0B,IHTMLNoShowElement
3050F38C-98B5-11CF-BB82-00AA00BDCE0B,IHTMLOptionElementFactory
3050F38E-98B5-11CF-BB82-00AA00BDCE0B,IHTMLImageElementFactory
3050F3BA-98B5-11CF-BB82-00AA00BDCE0B,HTMLMapEvents
3050F3C4-98B5-11CF-BB82-00AA00BDCE0B,HTMLObjectElementEvents
3050F3CB-98B5-11CF-BB82-00AA00BDCE0B,HTMLStyleElementEvents
3050F3CC-98B5-11CF-BB82-00AA00BDCE0B,HTMLLinkElementEvents
3050F3CF-98B5-11CF-BB82-00AA00BDCE0B,IHTMLRuleStyle
3050F3D1-98B5-11CF-BB82-00AA00BDCE0B,IHTMLStyleSheet2
3050F3D5-98B5-11CF-BB82-00AA00BDCE0B,IHTMLStyleFontFace
3050F3DB-98B5-11CF-BB82-00AA00BDCE0B,IHTMLCurrentStyle
3050F3E2-98B5-11CF-BB82-00AA00BDCE0B,HTMLScriptEvents
3050F3E5-98B5-11CF-BB82-00AA00BDCE0B,IHTMLSpanFlow
3050F3E7-98B5-11CF-BB82-00AA00BDCE0B,IHTMLFieldSetElement
3050F3EA-98B5-11CF-BB82-00AA00BDCE0B,IHTMLLegendElement
3050F3EE-98B5-11CF-BB82-00AA00BDCE0B,IHTMLFiltersCollection
3050F3F2-98B5-11CF-BB82-00AA00BDCE0B,IHTMLDatabinding
3050F3F3-98B5-11CF-BB82-00AA00BDCE0B,IHTMLSpanElement
3050F3FC-98B5-11CF-BB82-00AA00BDCE0B,IHTMLMimeTypesCollection
3050F3FD-98B5-11CF-BB82-00AA00BDCE0B,IHTMLPluginsCollection
3050F401-98B5-11CF-BB82-00AA00BDCE0B,IHTMLOpsProfile
3050F407-98B5-11CF-BB82-00AA00BDCE0B,HTMLTableEvents
3050F40B-98B5-11CF-BB82-00AA00BDCE0B,IHTMLTextRangeMetrics
3050F413-98B5-11CF-BB82-00AA00BDCE0B,IHTMLTableRowMetrics
3050F434-98B5-11CF-BB82-00AA00BDCE0B,IHTMLElement2
3050F485-98B5-11CF-BB82-00AA00BDCE0B,IHTMLDocument3
3050F48B-98B5-11CF-BB82-00AA00BDCE0B,IHTMLEventObj2
3050F48F-98B5-11CF-BB82-00AA00BDCE0B,IHTMLUserDataOM
3050F4A1-98B5-11CF-BB82-00AA00BDCE0B,IHTMLTableRow2
3050F4A2-98B5-11CF-BB82-00AA00BDCE0B,IHTMLStyle2
3050F4A3-98B5-11CF-BB82-00AA00BDCE0B,IHTMLRect
3050F4A4-98B5-11CF-BB82-00AA00BDCE0B,IHTMLRectCollection
3050F4A6-98B5-11CF-BB82-00AA00BDCE0B,IHTMLTextRangeMetrics2
3050F4AC-98B5-11CF-BB82-00AA00BDCE0B,IHTMLRuleStyle2
3050F4AD-98B5-11CF-BB82-00AA00BDCE0B,IHTMLTable2
3050F4AE-98B5-11CF-BB82-00AA00BDCE0B,IHTMLWindow3
3050F4B0-98B5-11CF-BB82-00AA00BDCE0B,IHTMLDOMAttribute
3050F4B1-98B5-11CF-BB82-00AA00BDCE0B,IHTMLDOMTextNode
3050F4B3-98B5-11CF-BB82-00AA00BDCE0B,IHTMLDataTransfer
3050F4B7-98B5-11CF-BB82-00AA00BDCE0B,IHTMLGenericElement
3050F4C0-98B5-11CF-BB82-00AA00BDCE0B,IHTMLPersistDataOM
3050F4C3-98B5-11CF-BB82-00AA00BDCE0B,IHTMLAttributeCollection
3050F4C5-98B5-11CF-BB82-00AA00BDCE0B,IHTMLPersistData
3050F4C7-98B5-11CF-BB82-00AA00BDCE0B,HTMLPersistEvents
3050F4CD-98B5-11CF-BB82-00AA00BDCE0B,IHTMLObjectElement2
3050F4CE-98B5-11CF-BB82-00AA00BDCE0B,IHTMLBookmarkCollection
3050F4D0-98B5-11CF-BB82-00AA00BDCE0B,IHTMLUniqueName
3050F4DF-98B5-11CF-BB82-00AA00BDCE0B,IHtmlDlgHelper
3050F4E5-98B5-11CF-BB82-00AA00BDCE0B,IHTMLLinkElement2
3050F4E6-98B5-11CF-BB82-00AA00BDCE0B,IHTMLIFrameElement2
3050F4E9-98B5-11CF-BB82-00AA00BDCE0B,IHTMLControlElement
3050F4EA-98B5-11CF-BB82-00AA00BDCE0B,HTMLControlElementEvents
3050F4EB-98B5-11CF-BB82-00AA00BDCE0B,IHtmlFontNamesCollection
3050F4F6-98B5-11CF-BB82-00AA00BDCE0B,IHTMLFormElement2
3050F4FD-98B5-11CF-BB82-00AA00BDCE0B,IHTCDefaultDispatch
3050F4FF-98B5-11CF-BB82-00AA00BDCE0B,IHTCEventBehavior
3050F502-98B5-11CF-BB82-00AA00BDCE0B,DispHTMLAnchorElement
3050F503-98B5-11CF-BB82-00AA00BDCE0B,DispHTMLAreaElement
3050F504-98B5-11CF-BB82-00AA00BDCE0B,DispHTMLBaseFontElement
3050F506-98B5-11CF-BB82-00AA00BDCE0B,DispHTMLBlockElement
3050F507-98B5-11CF-BB82-00AA00BDCE0B,DispHTMLBody
3050F508-98B5-11CF-BB82-00AA00BDCE0B,DispHTMLTableCaption
3050F509-98B5-11CF-BB82-00AA00BDCE0B,DispIHTMLOptionButtonElement
3050F50A-98B5-11CF-BB82-00AA00BDCE0B,DispHTMLCommentElement
3050F50B-98B5-11CF-BB82-00AA00BDCE0B,DispHTMLDDElement
3050F50C-98B5-11CF-BB82-00AA00BDCE0B,DispHTMLDivElement
3050F50D-98B5-11CF-BB82-00AA00BDCE0B,DispHTMLDTElement
3050F50F-98B5-11CF-BB82-00AA00BDCE0B,DispHTMLDivPosition
3050F510-98B5-11CF-BB82-00AA00BDCE0B,DispHTMLFormElement
3050F511-98B5-11CF-BB82-00AA00BDCE0B,DispHTMLStyleElement
3050F512-98B5-11CF-BB82-00AA00BDCE0B,DispHTMLFontElement
3050F513-98B5-11CF-BB82-00AA00BDCE0B,DispHTMLFrameElement
3050F514-98B5-11CF-BB82-00AA00BDCE0B,DispHTMLFrameSetSite
3050F515-98B5-11CF-BB82-00AA00BDCE0B,DispHTMLHeaderElement
3050F516-98B5-11CF-BB82-00AA00BDCE0B,DispHTMLTitleElement
3050F517-98B5-11CF-BB82-00AA00BDCE0B,DispHTMLMetaElement
3050F518-98B5-11CF-BB82-00AA00BDCE0B,DispHTMLBaseElement
3050F519-98B5-11CF-BB82-00AA00BDCE0B,DispHTMLIsIndexElement
3050F51A-98B5-11CF-BB82-00AA00BDCE0B,DispHTMLNextIdElement
3050F51B-98B5-11CF-BB82-00AA00BDCE0B,DispHTMLIFrame
3050F51C-98B5-11CF-BB82-00AA00BDCE0B,DispHTMLImg
3050F51D-98B5-11CF-BB82-00AA00BDCE0B,DispIHTMLInputImage
3050F51E-98B5-11CF-BB82-00AA00BDCE0B,DispIHTMLInputButtonElement
3050F51F-98B5-11CF-BB82-00AA00BDCE0B,DispHTMLButtonElement
3050F520-98B5-11CF-BB82-00AA00BDCE0B,DispIHTMLInputTextElement
3050F521-98B5-11CF-BB82-00AA00BDCE0B,DispHTMLTextAreaElement
3050F522-98B5-11CF-BB82-00AA00BDCE0B,DispHTMLLabelElement
3050F523-98B5-11CF-BB82-00AA00BDCE0B,DispHTMLLIElement
3050F524-98B5-11CF-BB82-00AA00BDCE0B,DispHTMLLinkElement
3050F525-98B5-11CF-BB82-00AA00BDCE0B,DispHTMLListElement
3050F526-98B5-11CF-BB82-00AA00BDCE0B,DispHTMLMapElement
3050F527-98B5-11CF-BB82-00AA00BDCE0B,DispHTMLMarqueeElement
3050F528-98B5-11CF-BB82-00AA00BDCE0B,DispHTMLNoShowElement
3050F529-98B5-11CF-BB82-00AA00BDCE0B,DispHTMLObjectElement
3050F52A-98B5-11CF-BB82-00AA00BDCE0B,DispHTMLOListElement
3050F52B-98B5-11CF-BB82-00AA00BDCE0B,DispHTMLOptionElement
3050F52C-98B5-11CF-BB82-00AA00BDCE0B,DispHTMLParaElement
3050F52D-98B5-11CF-BB82-00AA00BDCE0B,DispHTMLPhraseElement
3050F52E-98B5-11CF-BB82-00AA00BDCE0B,DispHTMLEmbed
3050F530-98B5-11CF-BB82-00AA00BDCE0B,DispHTMLScriptElement
3050F531-98B5-11CF-BB82-00AA00BDCE0B,DispHTMLSelectElement
3050F532-98B5-11CF-BB82-00AA00BDCE0B,DispHTMLTable
3050F533-98B5-11CF-BB82-00AA00BDCE0B,DispHTMLTableCol
3050F534-98B5-11CF-BB82-00AA00BDCE0B,DispHTMLTableSection
3050F535-98B5-11CF-BB82-00AA00BDCE0B,DispHTMLTableRow
3050F536-98B5-11CF-BB82-00AA00BDCE0B,DispHTMLTableCell
3050F537-98B5-11CF-BB82-00AA00BDCE0B,DispHTMLTextElement
3050F538-98B5-11CF-BB82-00AA00BDCE0B,DispHTMLUListElement
3050F539-98B5-11CF-BB82-00AA00BDCE0B,DispHTMLUnknownElement
3050F53A-98B5-11CF-BB82-00AA00BDCE0B,DispHTMLBRElement
3050F53B-98B5-11CF-BB82-00AA00BDCE0B,DispHTMLDListElement
3050F53C-98B5-11CF-BB82-00AA00BDCE0B,DispHTMLBGsound
3050F53D-98B5-11CF-BB82-00AA00BDCE0B,DispHTMLHRElement
3050F541-98B5-11CF-BB82-00AA00BDCE0B,DispHTMLFrameBase
3050F542-98B5-11CF-BB82-00AA00BDCE0B,DispIHTMLInputFileElement
3050F544-98B5-11CF-BB82-00AA00BDCE0B,DispHTMLSpanFlow
3050F545-98B5-11CF-BB82-00AA00BDCE0B,DispHTMLFieldSetElement
3050F546-98B5-11CF-BB82-00AA00BDCE0B,DispHTMLLegendElement
3050F548-98B5-11CF-BB82-00AA00BDCE0B,DispHTMLSpanElement
3050F54D-98B5-11CF-BB82-00AA00BDCE0B,DispHTMLRichtextElement
3050F557-98B5-11CF-BB82-00AA00BDCE0B,DispHTMLCurrentStyle
3050F558-98B5-11CF-BB82-00AA00BDCE0B,DispCEventObj
3050F55A-98B5-11CF-BB82-00AA00BDCE0B,DispHTMLStyle
3050F55C-98B5-11CF-BB82-00AA00BDCE0B,DispHTMLRuleStyle
3050F55D-98B5-11CF-BB82-00AA00BDCE0B,DispHTMLWindow2
3050F55E-98B5-11CF-BB82-00AA00BDCE0B,DispHTMLWindowProxy
3050F55F-98B5-11CF-BB82-00AA00BDCE0B,DispHTMLDocument
3050F560-98B5-11CF-BB82-00AA00BDCE0B,DispHTMLHtmlElement
3050F561-98B5-11CF-BB82-00AA00BDCE0B,DispHTMLHeadElement
3050F563-98B5-11CF-BB82-00AA00BDCE0B,DispHTMLGenericElement
3050F564-98B5-11CF-BB82-00AA00BDCE0B,DispHTMLDOMAttribute
3050F565-98B5-11CF-BB82-00AA00BDCE0B,DispHTMLDOMTextNode
3050F56A-98B5-11CF-BB82-00AA00BDCE0B,DispHTMLAreasCollection
3050F56B-98B5-11CF-BB82-00AA00BDCE0B,DispHTMLElementCollection
3050F56C-98B5-11CF-BB82-00AA00BDCE0B,DispHTMLAttributeCollection
3050F573-98B5-11CF-BB82-00AA00BDCE0B,DispHTCDefaultDispatch
3050F574-98B5-11CF-BB82-00AA00BDCE0B,DispHTCEventBehavior
3050F577-98B5-11CF-BB82-00AA00BDCE0B,DispDOMChildrenCollection
3050F57C-98B5-11CF-BB82-00AA00BDCE0B,DispHTMLAppBehavior
3050F57D-98B5-11CF-BB82-00AA00BDCE0B,DispHTMLInputElement
3050F57E-98B5-11CF-BB82-00AA00BDCE0B,DispHTCDescBehavior
3050F57F-98B5-11CF-BB82-00AA00BDCE0B,DispHTCPropertyBehavior
3050F583-98B5-11CF-BB82-00AA00BDCE0B,DispHTCAttachBehavior
3050F587-98B5-11CF-BB82-00AA00BDCE0B,DispHTCMethodBehavior
3050F589-98B5-11CF-BB82-00AA00BDCE0B,DispHTMLPopup
3050F58B-98B5-11CF-BB82-00AA00BDCE0B,DispHTMLRenderStyle
3050F58C-98B5-11CF-BB82-00AA00BDCE0B,DispHTMLDefaults
3050F58D-98B5-11CF-BB82-00AA00BDCE0B,DispHTMLStyleSheet
3050F58F-98B5-11CF-BB82-00AA00BDCE0B,DispHTMLDOMImplementation
3050F590-98B5-11CF-BB82-00AA00BDCE0B,DispHTMLParamElement
3050F591-98B5-11CF-BB82-00AA00BDCE0B,DispHTMLScreen
3050F59C-98B5-11CF-BB82-00AA00BDCE0B,DispHTMLStorageItem
3050F59D-98B5-11CF-BB82-00AA00BDCE0B,DispHTMLStorage
3050F59E-98B5-11CF-BB82-00AA00BDCE0B,DispHTMLStorageList
3050F5A0-98B5-11CF-BB82-00AA00BDCE0B,HTMLDocumentEvents3
3050F5AB-98B5-11CF-BB82-00AA00BDCE0B,IHTMLDOMChildrenCollection
3050F5BD-98B5-11CF-BB82-00AA00BDCE0B,IDownloadBehavior
3050F5C5-98B5-11CF-BB82-00AA00BDCE0B,IHTMLBodyElement2
3050F5C6-98B5-11CF-BB82-00AA00BDCE0B,IHTMLFrameSetElement2
3050F5C7-98B5-11CF-BB82-00AA00BDCE0B,IHTMLTableSection2
3050F5C9-98B5-11CF-BB82-00AA00BDCE0B,IHTMLAppBehavior2
3050F5CA-98B5-11CF-BB82-00AA00BDCE0B,IHTMLAppBehavior
3050F5CD-98B5-11CF-BB82-00AA00BDCE0B,IHTMLAppBehavior3
3050F5D2-98B5-11CF-BB82-00AA00BDCE0B,IHTMLInputElement
3050F5DA-98B5-11CF-BB82-00AA00BDCE0B,IHTMLDOMNode
3050F5DC-98B5-11CF-BB82-00AA00BDCE0B,IHTCDescBehavior
3050F5DF-98B5-11CF-BB82-00AA00BDCE0B,IHTCPropertyBehavior
3050F5E0-98B5-11CF-BB82-00AA00BDCE0B,IHTMLDialog2
3050F5E2-98B5-11CF-BB82-00AA00BDCE0B,IHTMLUrnCollection
3050F5E4-98B5-11CF-BB82-00AA00BDCE0B,IHTMLModelessInit
3050F5EC-98B5-11CF-BB82-00AA00BDCE0B,IHTMLAreasCollection2
3050F5ED-98B5-11CF-BB82-00AA00BDCE0B,IHTMLSelectElement2
3050F5EE-98B5-11CF-BB82-00AA00BDCE0B,IHTMLElementCollection2
3050F5F4-98B5-11CF-BB82-00AA00BDCE0B,IHTCAttachBehavior
3050F60F-98B5-11CF-BB82-00AA00BDCE0B,HTMLElementEvents2
3050F610-98B5-11CF-BB82-00AA00BDCE0B,HTMLAnchorEvents2
3050F611-98B5-11CF-BB82-00AA00BDCE0B,HTMLAreaEvents2
3050F612-98B5-11CF-BB82-00AA00BDCE0B,HTMLControlElementEvents2
3050F613-98B5-11CF-BB82-00AA00BDCE0B,HTMLDocumentEvents2
3050F614-98B5-11CF-BB82-00AA00BDCE0B,HTMLFormElementEvents2
3050F615-98B5-11CF-BB82-00AA00BDCE0B,HTMLStyleElementEvents2
3050F616-98B5-11CF-BB82-00AA00BDCE0B,HTMLImgEvents2
3050F617-98B5-11CF-BB82-00AA00BDCE0B,HTMLButtonElementEvents2
3050F618-98B5-11CF-BB82-00AA00BDCE0B,HTMLInputTextElementEvents2
3050F619-98B5-11CF-BB82-00AA00BDCE0B,HTMLOptionButtonElementEvents2
3050F61A-98B5-11CF-BB82-00AA00BDCE0B,HTMLInputFileElementEvents2
3050F61B-98B5-11CF-BB82-00AA00BDCE0B,HTMLInputImageEvents2
3050F61C-98B5-11CF-BB82-00AA00BDCE0B,HTMLLabelEvents2
3050F61D-98B5-11CF-BB82-00AA00BDCE0B,HTMLLinkElementEvents2
3050F61E-98B5-11CF-BB82-00AA00BDCE0B,HTMLMapEvents2
3050F61F-98B5-11CF-BB82-00AA00BDCE0B,HTMLMarqueeElementEvents2
3050F620-98B5-11CF-BB82-00AA00BDCE0B,HTMLObjectElementEvents2
3050F621-98B5-11CF-BB82-00AA00BDCE0B,HTMLScriptEvents2
3050F622-98B5-11CF-BB82-00AA00BDCE0B,HTMLSelectElementEvents2
3050F623-98B5-11CF-BB82-00AA00BDCE0B,HTMLTableEvents2
3050F624-98B5-11CF-BB82-00AA00BDCE0B,HTMLTextContainerEvents2
3050F625-98B5-11CF-BB82-00AA00BDCE0B,HTMLWindowEvents2
3050F631-98B5-11CF-BB82-00AA00BDCE0B,IHTCMethodBehavior
3050F645-98B5-11CF-BB82-00AA00BDCE0B,IHTMLSubmitData
3050F656-98B5-11CF-BB82-00AA00BDCE0B,IHTMLStyle3
3050F657-98B5-11CF-BB82-00AA00BDCE0B,IHTMLRuleStyle3
3050F658-98B5-11CF-BB82-00AA00BDCE0B,IHTMLCurrentStyle2
3050F65E-98B5-11CF-BB82-00AA00BDCE0B,IHTMLControlRange2
3050F665-98B5-11CF-BB82-00AA00BDCE0B,ILayoutRect
3050F666-98B5-11CF-BB82-00AA00BDCE0B,IHTMLPopup
3050F673-98B5-11CF-BB82-00AA00BDCE0B,IHTMLElement3
3050F674-98B5-11CF-BB82-00AA00BDCE0B,LayoutRectEvents
3050F679-98B5-11CF-BB82-00AA00BDCE0B,ITravelLogEx
3050F680-98B5-11CF-BB82-00AA00BDCE0B,IHTMLEventObj3
3050F69A-98B5-11CF-BB82-00AA00BDCE0B,IHTMLDocument4
3050F6AE-98B5-11CF-BB82-00AA00BDCE0B,IHTMLRenderStyle
3050F6B1-98B5-11CF-BB82-00AA00BDCE0B,ITargetNotify2
3050F6B4-98B5-11CF-BB82-00AA00BDCE0B,ITemplatePrinter
3050F6B5-98B5-11CF-BB82-00AA00BDCE0B,IHTMLIPrintCollection
3050F6B8-98B5-11CF-BB82-00AA00BDCE0B,IHTMLNamespaceCollection
3050F6BB-98B5-11CF-BB82-00AA00BDCE0B,IHTMLNamespace
3050F6BD-98B5-11CF-BB82-00AA00BDCE0B,HTMLNamespaceEvents
3050F6C9-98B5-11CF-BB82-00AA00BDCE0B,IHTMLElementDefaults
3050F6CE-98B5-11CF-BB82-00AA00BDCE0B,IHeaderFooter
3050F6CF-98B5-11CF-BB82-00AA00BDCE0B,IHTMLWindow4
3050F6D5-98B5-11CF-BB82-00AA00BDCE0B,IDeviceRect
3050F6DB-98B5-11CF-BB82-00AA00BDCE0B,IHTMLFrameBase2
3050F6DC-98B5-11CF-BB82-00AA00BDCE0B,IHTMLPrivateWindow
3050F7EB-98B5-11CF-BB82-00AA00BDCE0B,IHTCAttachBehavior2
3050F7EC-98B5-11CF-BB82-00AA00BDCE0B,IHTMLSelectionObject2
3050F7ED-98B5-11CF-BB82-00AA00BDCE0B,IHTMLTxtRangeCollection
3050F7EE-98B5-11CF-BB82-00AA00BDCE0B,IHTMLStyleSheetPage
3050F7F0-98B5-11CF-BB82-00AA00BDCE0B,IHTMLStyleSheetPagesCollection
3050F7F5-98B5-11CF-BB82-00AA00BDCE0B,IHTMLFrameElement2
3050F7FF-98B5-11CF-BB82-00AA00BDCE0B,HTMLFrameSiteEvents2
3050F800-98B5-11CF-BB82-00AA00BDCE0B,HTMLFrameSiteEvents
3050F804-98B5-11CF-BB82-00AA00BDCE0B,IWebBrowserPriv
3050F809-98B5-11CF-BB82-00AA00BDCE0B,IHTMLDOMTextNode2
3050F80A-98B5-11CF-BB82-00AA00BDCE0B,IHTMLAttributeCollection2
3050F80B-98B5-11CF-BB82-00AA00BDCE0B,IHTMLDOMNode2
3050F80C-98B5-11CF-BB82-00AA00BDCE0B,IHTMLDocument5
3050F80D-98B5-11CF-BB82-00AA00BDCE0B,IHTMLDOMImplementation
3050F80F-98B5-11CF-BB82-00AA00BDCE0B,IHTMLElement4
3050F810-98B5-11CF-BB82-00AA00BDCE0B,IHTMLDOMAttribute2
3050F813-98B5-11CF-BB82-00AA00BDCE0B,IHTMLCommentElement2
3050F814-98B5-11CF-BB82-00AA00BDCE0B,IHTMLEventObj4
3050F816-98B5-11CF-BB82-00AA00BDCE0B,IHTMLStyle4
3050F817-98B5-11CF-BB82-00AA00BDCE0B,IHTMLRuleStyle4
3050F818-98B5-11CF-BB82-00AA00BDCE0B,IHTMLCurrentStyle3
3050F81C-98B5-11CF-BB82-00AA00BDCE0B,IHTMLHtmlElement
3050F81D-98B5-11CF-BB82-00AA00BDCE0B,IHTMLHeadElement
3050F81E-98B5-11CF-BB82-00AA00BDCE0B,IHTMLLinkElement3
3050F81F-98B5-11CF-BB82-00AA00BDCE0B,IHTMLMetaElement2
3050F820-98B5-11CF-BB82-00AA00BDCE0B,IHTMLOptionElement3
3050F821-98B5-11CF-BB82-00AA00BDCE0B,IHTMLInputElement2
3050F822-98B5-11CF-BB82-00AA00BDCE0B,IHTMLListElement2
3050F823-98B5-11CF-BB82-00AA00BDCE0B,IHTMLBlockElement2
3050F824-98B5-11CF-BB82-00AA00BDCE0B,IHTMLPhraseElement2
3050F825-98B5-11CF-BB82-00AA00BDCE0B,IHTMLAnchorElement2
3050F826-98B5-11CF-BB82-00AA00BDCE0B,IHTMLImgElement2
3050F827-98B5-11CF-BB82-00AA00BDCE0B,IHTMLObjectElement3
3050F828-98B5-11CF-BB82-00AA00BDCE0B,IHTMLScriptElement2
3050F829-98B5-11CF-BB82-00AA00BDCE0B,IHTMLTable3
3050F82A-98B5-11CF-BB82-00AA00BDCE0B,IHTMLTableCol2
3050F82B-98B5-11CF-BB82-00AA00BDCE0B,IHTMLTableSection3
3050F82C-98B5-11CF-BB82-00AA00BDCE0B,IHTMLTableRow3
3050F82D-98B5-11CF-BB82-00AA00BDCE0B,IHTMLTableCell2
3050F82E-98B5-11CF-BB82-00AA00BDCE0B,IHTMLFrameBase3
3050F82F-98B5-11CF-BB82-00AA00BDCE0B,IHTMLIsIndexElement2
3050F832-98B5-11CF-BB82-00AA00BDCE0B,IHTMLLabelElement2
3050F833-98B5-11CF-BB82-00AA00BDCE0B,IHTMLFieldSetElement2
3050F834-98B5-11CF-BB82-00AA00BDCE0B,IHTMLLegendElement2
3050F835-98B5-11CF-BB82-00AA00BDCE0B,IHTMLElementCollection3
3050F836-98B5-11CF-BB82-00AA00BDCE0B,IHTMLFormElement3
3050F837-98B5-11CF-BB82-00AA00BDCE0B,IHTMLAreasCollection3
3050F838-98B5-11CF-BB82-00AA00BDCE0B,IHTMLSelectElement4
3050F83D-98B5-11CF-BB82-00AA00BDCE0B,IHTMLParamElement
3050F83F-98B5-11CF-BB82-00AA00BDCE0B,ITemplatePrinter2
3050F84A-98B5-11CF-BB82-00AA00BDCE0B,IHTMLScreen2
30510414-98B5-11CF-BB82-00AA00BDCE0B,ITimerEx
30510417-98B5-11CF-BB82-00AA00BDCE0B,IHTMLDocument6
30510418-98B5-11CF-BB82-00AA00BDCE0B,IHTMLDocumentCompatibleInfoCollection
3051041A-98B5-11CF-BB82-00AA00BDCE0B,IHTMLDocumentCompatibleInfo
3051041D-98B5-11CF-BB82-00AA00BDCE0B,IHTMLAnchorElement3
3051041F-98B5-11CF-BB82-00AA00BDCE0B,IHTMLAreaElement2
30510420-98B5-11CF-BB82-00AA00BDCE0B,IHTMLBaseElement2
30510422-98B5-11CF-BB82-00AA00BDCE0B,IHTMLBodyElement3
30510425-98B5-11CF-BB82-00AA00BDCE0B,IHTMLElementCollection4
3051042C-98B5-11CF-BB82-00AA00BDCE0B,IHTMLFormElement4
3051042D-98B5-11CF-BB82-00AA00BDCE0B,IHTMLFrameElement3
3051042F-98B5-11CF-BB82-00AA00BDCE0B,IHTMLHeadElement2
30510433-98B5-11CF-BB82-00AA00BDCE0B,IHTMLIFrameElement3
30510434-98B5-11CF-BB82-00AA00BDCE0B,IHTMLImgElement3
30510435-98B5-11CF-BB82-00AA00BDCE0B,IHTMLInputElement3
3051043A-98B5-11CF-BB82-00AA00BDCE0B,IHTMLLinkElement4
3051043D-98B5-11CF-BB82-00AA00BDCE0B,IHTMLPhraseElement3
3051043E-98B5-11CF-BB82-00AA00BDCE0B,IHTMLObjectElement4
30510444-98B5-11CF-BB82-00AA00BDCE0B,IHTMLParamElement2
30510447-98B5-11CF-BB82-00AA00BDCE0B,IHTMLScriptElement3
30510453-98B5-11CF-BB82-00AA00BDCE0B,IHTMLWindow6
30510454-98B5-11CF-BB82-00AA00BDCE0B,IHTMLXDomainRequest
3051045D-98B5-11CF-BB82-00AA00BDCE0B,IHTMLElement5
30510462-98B5-11CF-BB82-00AA00BDCE0B,IDocumentSelector
30510463-98B5-11CF-BB82-00AA00BDCE0B,IElementSelector
30510468-98B5-11CF-BB82-00AA00BDCE0B,IHTMLDOMAttribute3
30510469-98B5-11CF-BB82-00AA00BDCE0B,IHTMLAttributeCollection3
3051046B-98B5-11CF-BB82-00AA00BDCE0B,IIE70DispatchEx
3051046C-98B5-11CF-BB82-00AA00BDCE0B,IIE80DispatchEx
30510471-98B5-11CF-BB82-00AA00BDCE0B,IHTMLRuleStyle6
30510472-98B5-11CF-BB82-00AA00BDCE0B,IHTMLStorageItem
30510474-98B5-11CF-BB82-00AA00BDCE0B,IHTMLStorage
30510476-98B5-11CF-BB82-00AA00BDCE0B,IHTMLStorageList
30510478-98B5-11CF-BB82-00AA00BDCE0B,IHTMLEventObj5
30510480-98B5-11CF-BB82-00AA00BDCE0B,IHTMLStyle6
30510481-98B5-11CF-BB82-00AA00BDCE0B,IHTMLCurrentStyle5
30510482-98B5-11CF-BB82-00AA00BDCE0B,IHTMLXMLHttpRequest2
30510492-98B5-11CF-BB82-00AA00BDCE0B,IHTMLAreasCollection4
30510494-98B5-11CF-BB82-00AA00BDCE0B,IHTMLBlockElement3
30510495-98B5-11CF-BB82-00AA00BDCE0B,IHTMLMetaElement3
30510496-98B5-11CF-BB82-00AA00BDCE0B,IHTMLStyleSheet3
3051049B-98B5-11CF-BB82-00AA00BDCE0B,IHTMLDOMConstructor
3051049C-98B5-11CF-BB82-00AA00BDCE0B,IHTMLDOMConstructorCollection
3051049D-98B5-11CF-BB82-00AA00BDCE0B,IHTMLSelectElement5
305104A1-98B5-11CF-BB82-00AA00BDCE0B,IHTMLScreen3
305104A7-98B5-11CF-BB82-00AA00BDCE0B,IHTMLStyleSheetPagePrivate
305104A9-98B5-11CF-BB82-00AA00BDCE0B,IHTMLPrivateWindow2
305104AD-98B5-11CF-BB82-00AA00BDCE0B,IHTMLPrivateWindow3
3051D675-EF40-4B08-934C-67A516E2471F,VCCodeProperty
3065E6E0-39D7-4CEC-9AFA-B7E1BC769C7B,IWMContentIdWMWebService
306E831C-5BC7-11D1-A3B8-00C04FB950DC,IADsPropertyValue2
307F64C0-621D-4D56-BBC6-91EFC13CE40D,ISimpleTextSelection
3080F77D-AB1C-44EE-B5FE-81C7016E992A,VCManagedResourceCompilerTool
3083B64D-47B0-4B83-92B7-92F7245CE2AE,IGenericTokenReplacer
30842443-1220-4F99-A926-84F1A7BB927D,IActiveXWrapper
308DE042-ACC8-32F8-B632-7CB9799D9AA6,IChannelSinkBase
30989668-E1C9-4597-B395-458EEDB808DF,IWICMetadataQueryReader
30C65C40-4E54-3051-9D8F-4709B6AB214C,_SoapInteger
30C96324-A117-4618-A9A9-0B06EC455121,Templates
30E5C390-C3E6-40AC-BD1D-7015B1B5F541,IVsEnumHierarchyItemsFactory
30E6C90E-757E-48CF-8DB8-20B061AFBBAE,IPropertyProxyProvider
30F3D47A-6447-11D1-8E3C-00C04FB9386D,IBlockingLock
31024DD7-30E5-4C91-821D-218BDEADA18B,IVsUndoTrackingEvents
310A7715-AC2B-4C6F-9827-3D742F351676,IVdsHwProviderPrivateMpio
310AAD5D-8F2A-4CAB-94D4-3611217EEEAE,ISdSetupExtension
310AFA62-0575-11D2-9CA9-0060B0EC3D39,IDSOControl
31155A3B-871D-407F-9F73-DEBFAC7EFBE3,ISSCEError
31179B69-E563-489E-B16F-712F1E8A0651,_IInkOverlayEvents
3127CA40-446E-11CE-8135-00AA004BB851,IErrorLog
3133B2C4-515C-481B-B1CE-39327ECB4F74,IMDSPStorage4
313B01DF-B22F-4D42-B1B8-483CDCF51D35,Nodes
31411192-A502-11D2-BBCA-00C04F8EC294,IHxSession
31411193-A502-11D2-BBCA-00C04F8EC294,IHxQuery
31411194-A502-11D2-BBCA-00C04F8EC294,IHxTopicList
31411196-A502-11D2-BBCA-00C04F8EC294,IHxTopic
314111A1-A502-11D2-BBCA-00C04F8EC294,IHxCollection
314111A9-A502-11D2-BBCA-00C04F8EC294,IHxAttribute
314111AB-A502-11D2-BBCA-00C04F8EC294,IHxAttributeList
314111AE-A502-11D2-BBCA-00C04F8EC294,IHxInitialize
314111B2-A502-11D2-BBCA-00C04F8EC294,IHxHierarchy
314111B9-A502-11D2-BBCA-00C04F8EC294,IHxTreeView
314111BB-A502-11D2-BBCA-00C04F8EC294,IHxTreeViewEvents
314111BC-A502-11D2-BBCA-00C04F8EC294,IHxRegister
314111C4-A502-11D2-BBCA-00C04F8EC294,IHxIndexView
314111CC-A502-11D2-BBCA-00C04F8EC294,IHxIndex
314111CE-A502-11D2-BBCA-00C04F8EC294,IHxAttrNameList
314111D2-A502-11D2-BBCA-00C04F8EC294,IHxAttrName
314111D4-A502-11D2-BBCA-00C04F8EC294,IHxAttrValueList
314111D8-A502-11D2-BBCA-00C04F8EC294,IHxAttrValue
314111DA-A502-11D2-BBCA-00C04F8EC294,IHxPlugIn
314111DF-A502-11D2-BBCA-00C04F8EC294,IHxIndexViewEvents
314111E3-A502-11D2-BBCA-00C04F8EC294,IHxFilters
314111E6-A502-11D2-BBCA-00C04F8EC294,IHxSampleCollection
314111E8-A502-11D2-BBCA-00C04F8EC294,IHxSample
314111ED-A502-11D2-BBCA-00C04F8EC294,IHxSessionEvents
314111EF-A502-11D2-BBCA-00C04F8EC294,IHxRegistryWalker
314111F1-A502-11D2-BBCA-00C04F8EC294,IHxRegNamespace
314111F3-A502-11D2-BBCA-00C04F8EC294,IHxRegNamespaceList
31411202-A502-11D2-BBCA-00C04F8EC294,IHxRegTitle
31411203-A502-11D2-BBCA-00C04F8EC294,IHxRegTitleList
3141120A-A502-11D2-BBCA-00C04F8EC294,IHxRegPlugIn
3141120B-A502-11D2-BBCA-00C04F8EC294,IHxRegPlugInList
31411212-A502-11D2-BBCA-00C04F8EC294,IHxRegFilterList
31411218-A502-11D2-BBCA-00C04F8EC294,IHxRegisterSession
31411221-A502-11D2-BBCA-00C04F8EC294,IHxRegFilter
31411223-A502-11D2-BBCA-00C04F8EC294,IHxRegisterSessionEvents
31411225-A502-11D2-BBCA-00C04F8EC294,IHxCancel
31411227-A502-11D2-BBCA-00C04F8EC294,IHxRegisterProtocol
31457DCC-EAD0-4D14-B08C-44A2FAF08980,IVCCollection
3148E685-B243-423D-8341-8480D6EFF674,IWMPOfflineExternal
31597583-D615-4A1B-BD83-0B43D579A5DC,StyleState
315AD0A5-2456-410F-9E24-08F3E6E314D4,IWMPDMCServersManager
3169AB11-7109-3808-9A61-EF4BA0534FD9,_Binder
31739D04-3471-4CF4-9A7C-57A44AE71956,IWbemUnsecuredApartment
317EE249-F12E-11D2-B1E4-00C04F8EEB3E,IShellLinkDual2
3183E9CF-37E5-41E8-9082-39780D626F13,ICcServer
3188878C-DEB3-3558-80E8-84E9ED95F92C,_ManifestResourceInfo
3194B4CC-EF32-11D1-93AE-00AA00BA3258,IEventSourceCallback
31B330C4-F6CE-478E-8D4D-837CC6D9A46A,IVstaHostAdapter
31B39DC1-6847-3B3A-BF21-DCD93BB6490B,_Location_2
31C147B6-0ADE-4A3C-B514-DDF932EF6D17,IShellFolderViewDual2
31C2DDD0-B692-11D4-BFE3-0060082AE372,IXceedZip__0402
31C2DDD1-B692-11D4-BFE3-0060082AE372,IXceedZipItem__0405
31C2DDD2-B692-11D4-BFE3-0060082AE372,IXceedZipItems
31CA6EA9-C08A-4BEA-8811-8E9C1BA3EA3A,ITFileTrack
31E2DCA7-CCFF-4E09-B433-17C739CF69AD,IVsTextLineMarker
31E4FA78-02B4-419F-9430-7B7585237C77,IFrameManager
31ED1DCB-C007-3F96-8809-4D5E3540A7C1,_CodeNamespace
31EFB5B1-C655-4ADA-BB52-3ED87FB2A4AE,Windows2
31FADCA9-AB73-464B-B67D-5C1D0F83C8B8,IUPnPServiceCallback
320CF551-8E59-49BB-93D5-CF5AD5C29299,IChangeNotifySink
320E51F6-D238-4BD0-BA89-CCA91DBCF411,IVsHierarchyDeleteHandler
3215D3AA-D9BD-4C96-8119-ED089594AF2A,IMFStallableTimeSource
321A6A6A-D61F-4BF3-97AE-14BE2986BB36,IObjectWithBackReferences
322A304D-11AC-3814-A905-A019F6E3DAE9,_AssemblyKeyNameAttribute
322D5099-1F8B-4F52-B956-1A9CA810AF56,WebLogger
32445657-79B4-11D7-932A-00065B83EE53,AsyncITipProgrammabilityState
324B64FA-33B6-11D2-98B7-00C04F8EE1C4,IComStaThreadPoolKnobs
324FF2C6-4981-4B04-9412-57481745AB24,IDownloadProgressChangedCallbackArgs
3255DE56-38FB-4901-B980-94B438010D7B,IDxtKey
3276D3A2-48A2-416D-ABA1-B1D0824158B5,VCFxCopTool
327BB5CD-834E-4400-AEF2-B30E15E5D682,IMsTscAx_Redist
327C43D7-CCB1-41D7-9A7B-CE87751201F7,IVsCommentTaskToken
32A09D98-E870-3ACE-9EA4-7443B78F0B71,_COMPropertyInfo
32A3094F-0063-4370-9F1C-CA8CF131D631,IEnumMCString
32AE3A1F-D90E-4417-9DD9-23B0DFA4621D,IItemSetOperations
32B56515-D48B-4DD9-87AC-9216F6BEAA6F,IFaxControl
32B8ECC9-2901-11D3-8FB8-00C04F6109B7,_IWMEncoderAppEvents
32BB0343-D614-4282-9FBE-903AFCA22E89,DSSOption
32C7E799-C6D1-4583-90EE-EB1C2B4A7256,IVsdMsiCollisionCheck
32CE8036-A42A-4005-8062-57524F767341,ILicensingStatusData
32D9AF0A-358E-493E-A593-F0FC71E2F963,IVsdUINode
32EA9E1B-2D24-4AC0-A743-227EE04979DE,IVsdWebCustomFolder
32FB6780-1ED0-11CF-A988-00AA006BC149,IADsPrintJob
3301CC1E-B47B-4EB6-AF29-47C881DD429E,_EnvironmentInternationalProperties
33259B86-4260-44AA-9E5D-CB376695D7EC,VCFileCodeModel
3327E7AA-F023-4A21-B83D-C0FEE2725FC7,IEnumOfflineFilesData
332C4425-26CB-11D0-B483-00C04FD90119,IHTMLDocument2
332C4426-26CB-11D0-B483-00C04FD90119,IHTMLFramesCollection2
332C4427-26CB-11D0-B483-00C04FD90119,IHTMLWindow2
332CEDEE-6610-11D3-85FD-00C04F6123B3,IVsComponentEnumeratorFactory
33372170-A08F-47F9-B1AE-CD9F2C3BB7C9,IVsMSBuildTaskFileManager
333C7BC5-460F-11D0-BC04-0080C7055A83,ITDCCtl
333C7BC6-460F-11D0-BC04-0080C7055A83,ITDCCtlEvents
333FEDE3-8102-4C4B-B89C-4F933C6EC77E,IExcelAdaptorSite
334125C1-77E5-11D3-B653-00C04F79498E,IMSVidDataServices
334125C2-77E5-11D3-B653-00C04F79498E,IMSVidDataServicesEvent
33445B48-7DF7-425C-AD8F-0FC6D82F9F75,IWMDMOperation2
3344E8B4-A5C3-3882-8D30-63792485ECCF,_DebuggerStepThroughAttribute
33452684-FAB0-4F76-B4E9-19EE0B96B4AD,IVsLinkedUndoClient
334E1F15-7D97-4231-81B0-998E4A960E69,IVsUserSettingsQuery
33591C10-0BED-4F02-B0AB-1530D5533EE9,IFunctionInstance
33627A56-8C9A-4430-8FD1-B5F5C771AFB6,IEnumOpenServiceActivityCategory
336D5562-EFA8-482E-8CB3-C5C0FC7A7DB6,IMsTscAxEvents
336E1878-03BB-4C4A-BF07-0F5006D3F84B,IVsClientBuildManagerService
33770C02-21B7-4224-A577-6877BDBA60EA,CodeProperty2
338FB9A0-BAE5-11D2-8AD1-00C04F79E479,Debugger
33914B4D-53F3-4B78-B9D7-A2A7A0CC5FE2,IVsdMsiBuildClient
339B24F2-9BC0-4F16-9AAC-F165433D13D4,IRDPSRAPISessionProperties
33A2872F-096D-44F7-A199-2C93255AD6C5,ISetupComponent
33AC5733-264C-436B-919D-366A235A15A3,ICcEmulatorConfig
33ACFF60-F355-4C1F-915C-3AD4CB71E0AB,IVsdModule
33B87426-5C06-49F4-84BD-F486B1B4A21D,IVdsMigrateDisks
33B9DAAE-9309-491D-A051-BCAD2A70CD66,IESEventServiceConfiguration
33BD7FEF-EEB4-412A-A4C1-9FBFF6F57067,_VSLangProjWebReferencesEvents
33C0C1D8-33CF-11D3-BFF2-00C04F990235,IProvidePropertyBuilder
33C0C1DA-33CF-11D3-BFF2-00C04F990235,IPerPropertyBrowsing2
33C0C1DB-33CF-11D3-BFF2-00C04F990235,IPropertyPageUndoString
33C0C1DC-33CF-11D3-BFF2-00C04F990235,IProvideRuntimeHTML
33C0C1DD-33CF-11D3-BFF2-00C04F990235,IProvideAltHTML
33C54A2D-02BD-3848-80B6-742D537085E5,_SecurityPermission
33C5EBB8-244E-449D-9CEE-FAD70A774E59,ContextAttributes
33D90D1C-2665-4EEC-9194-A79AFD63275F,IVsSettingsErrorInformation
33E9291A-F6A9-11D2-9435-00A0C92A2F2D,IBarsEffect
33EC72E3-002F-4966-B91C-5CE2F7BA5124,IDebugDocumentTextEvents2
33F2EA09-1398-4AB9-B6A4-F94B49D0A42E,IFeed2
33FC4E1B-0716-40FA-BA65-6E62A84A846F,IOfflineFilesEventsFilter
33FCD00A-BD45-403C-9C66-07BA9A923501,IVsProjectFactory
340F4076-6856-48F9-B3C4-97B91B68D77E,IUPnPPrivateServiceHelper2
3410E0FB-636F-3CD1-8045-3993CA113F25,_InvalidProgramException
3411DD99-2445-43C8-918E-99BFBFAF8292,IVSMDTypeResolutionService
341E80BE-5B26-4DEE-A111-32A8373D1B51,IVsExpansionEnumeration
34201E5A-A787-41A3-A5A4-BD6DCF2A854E,ICredentialProviderEvents
34418787-726B-3E74-AEED-C01397FC707D,_CodeNamespaceImport
3442D4FE-224D-4CEE-98CF-30E0C4D229E6,IUpdateInstaller2
3448FF72-B072-435E-9059-29D89C0A3CD0,IVsFontAndColorDefaultsProvider
345062D3-AD83-4186-AE4E-CFDB1E859346,IQueueItem2
3450DE68-04CB-4A30-AC67-ABE35D06E964,IVsdSimpleProjectOutputGroup
34561F6E-6DF4-48E9-B6CF-AFEBD12B12BA,IVCWebServiceGeneralPage
3458385A-CE80-4A3B-BE5A-6374C204E3FA,IWMEncSource
345C8244-43A3-4E32-A368-65F073B76F36,IInstallationProgress
347C45E1-5C42-4E0E-9E15-DEFF9CFC7841,IDebugEncNotify
347DFF0C-3AF9-42DC-89F1-D6BE9CEE8C1B,IVCWizCtl
34896BBB-A3D5-4C80-BCCE-E9271BEEDC11,IVsCommandWindowCompletion
34995131-427C-40B5-877B-4A9B6F3CA758,IWMEncProfile2
349ABB10-883C-4F22-8714-CECAEEE45D62,IMSVidEVREvent
34A05B20-4AAB-11CF-AE2C-00AA006EBFB9,IADsResource
34A47DA1-6D69-4304-A4B0-AFA9C9E798B1,IVsdFrameworkDependency
34A715A0-6587-11D0-924A-0020AFC7AC4D,DWebBrowserEvents2
34B0417E-E71D-304C-9FAC-689350A1B41C,_PermissionRequestEvidence
34B0A629-03E4-4E06-B793-8CF117110541,IVsdSubsetFilter
34C83102-FD43-4474-BF66-076639B426A6,ICcPackageTypeContainer
34D1F26B-E339-430D-ABCE-738CB48984DC,IAnalogLocator
34DBAA55-2CA4-44EF-9F92-85435D3E4451,IVsSwitchToolWindow
34E00EF9-83E2-3BBC-B6AF-4CAE703838BD,_TypeDelegator
34E64FB9-6B31-4D32-8B27-D286C0C33606,IFaxLoggingOptions
34EAAE27-2D89-4278-84EF-61DEFA323FC1,iscanprofilemgr
34EC3BD7-F2F6-3C20-A639-804BFF89DF65,_IsolatedStorage
34F1F22B-07CE-433E-806C-E588E2D9E23D,IInstrumentationInformation
350BA78B-6BC8-4113-A5F5-312056934EB6,IWMPClosedCaption2
350F85D1-1227-11D3-83D4-00C04FB6809F,ITCallInfo
3515CF63-9863-3044-B3E1-210E98EFC702,_PublisherMembershipCondition
35187E2A-E5F6-4F89-A4CE-DA254640855B,CodeAttribute2
351A72AB-21CB-47AB-B7AA-C4D7B02EA305,IMsmMerge2
3527268B-7D53-4DD9-92B7-7296AE461249,ITfFnAdviseText
35299EEC-11EE-4518-9F08-401638D1D3BC,IVsUIShellOpenDocument
35355DA7-3EEA-452E-89F3-68344278F806,IPersistFileCheckSum
353631D1-B8FA-4226-A53E-04E9E44A583B,IVstaHostAdapterEvents
3540A9C7-E60F-4111-A840-8BBA6C2C83D8,IVdsLun
35481B58-F46C-4254-B52C-FDC3001484C3,IRestrictedCalls
3552E971-528C-4988-BE75-64952F5F85A6,IWowExecuteCallback
356697A2-85D3-4DE3-A30C-0CEED30704B4,IVsdFile
357AD764-B3C6-4B2A-8FA5-0722827A9254,ITCustomTone
3581572A-9B9E-4500-BCAD-5BB5A737B0E2,IRoamTokens
35872687-5A11-34D7-85AB-865830A3BDEE,_CodeEventReferenceExpression
358F6C9F-CD65-446A-B79A-30CEE094FDC1,IVsDeployableProjectCfg
359B3901-572C-4854-BB49-CDEF66606A25,IRegisterTuner
359DDA6E-68CE-4383-BF0B-169133C41B46,ITTAPIObjectEvent2
35A8F3AC-FE28-360F-A0C0-9A4D50C4682A,IEvidenceFactory
35A96FFB-7ED0-4D76-93CE-49BE83A9C91E,IVsIntelliMouseHandler
35BD3360-1B35-4927-BAE4-B10E70D99EFF,IFrameTaskManager
35BFC475-8432-4569-BF44-7BD13624CE26,IDeployNotificationCallback
35C22FEA-79F6-4D3D-AE15-1699CBF54721,IItemStoreOwner
35CD9E36-7C96-4429-968F-C0C350CB1A47,CodeParameter2
35D574BF-7A4F-3588-8C19-12212A0FE4DC,IDictionaryEnumerator
35D6FB50-35B6-4C81-B91C-3930B0D95386,Reference
35D81C54-6448-459C-86B4-A48D1F7746FF,IEnumFontNames
35DE0002-232C-4629-A915-7E600E80CD88,ITabletCursorP
35E88F96-047C-443C-A336-91BB8E2B40EC,IVsLastChangeTimeProvider
35E981F1-77EF-4343-AAA1-8741F38627A2,IVsEnumLineMarkers
35F38044-2017-3E05-BA83-1B87CC0D49C7,_MarshalByValueComponent
35FCE01E-8917-496E-A509-497C5F2FA365,IDiskLibCreateParam
35FE1BB8-A3A9-40FE-BBEC-EB569C9CCCA3,IMFWorkQueueServices
3600DDB7-34C2-4CED-9337-5B266CC0A169,JSharpProjectConfigurationProperties3
3604C9DD-A22E-4A15-A469-8181C0C113DE,IQualifier
3609D27B-6504-4C90-9C5E-8B2F56FCD569,ICmiEvent
36116642-D713-4B97-9B83-7484A9D00433,IFileDialogControlEvents
3612706E-0239-35FD-B900-0819D16D442D,_AsyncCallback
36149969-0A8F-49C8-8B00-4AECB20222FB,IPreviewItem
3614C646-3B3B-4DE7-A81E-930E3F2127B3,IWMPErrorItem
361A5049-1BC8-35A9-946A-53A877902F25,_InternalRM
361BBDC7-E6EE-4E13-BE58-58E2240C810F,IExplorerBrowserEvents
361C26F7-90A4-4E67-AE09-3A36A546436A,IFeedEnclosure
36329EBA-F97A-3565-BC07-0ED5C6EF19FC,_ParameterBuilder
365E69DA-797F-4DA9-B036-3DFDD836EF82,IVsdPlugInSite
366704D5-85D0-4F7D-B267-90FA4DD37D5B,IVsParseCommandLine
3671CC40-B624-4671-9FA0-DB119D952D54,IInkCursorButtons
3677CBB0-784D-3C15-BBC8-75CD7DC3901E,IMessageCtrl
368D6D5E-8E57-4B9D-930D-EC4C91144749,IVCManifestAdvancedPage
368FC032-AE91-44A2-BE6B-093A8A9E63CC,IVsBrowseProjectLocation
36936699-FC79-324D-AB43-E33C1F94E263,_String
3697C30B-CD88-11D0-8A3E-00C04FC9E26E,IBandNavigate
369D6214-71F0-11D3-9DA5-00902741EE80,ISCDReportClientDocument
369D6219-71F0-11D3-9DA5-00902741EE80,ISCDCubeViewClientDocument
36BA4347-FE2D-45EB-B7A3-FEDA55380716,MonthCalendar
36CB559B-87C6-3AD2-9225-62A7ED499B37,_Mutex
36DB0196-9665-46D1-9BA7-D3709EECF9ED,IObjectWithAppUserModelID
36DE898D-AD48-40A5-B4B2-123F916BFBAB,IProtDoc
36DF1A3D-973D-4956-B55A-47DE453E8103,IElevatedFactoryServerManager
36E2DE92-1FB3-3D7D-BA26-9CAD5B98DD52,_JulianCalendar
36F4DF66-0551-419F-BC4B-1155DC14B38B,IImePropertyHookNotify
36F8F313-644B-4ED2-8455-6EA0DF8B9038,IWMMediaLibraryResultSetProperties
370DF02E-F934-11D2-BA96-00C04FB6D0D1,IADsDNWithString
3714EAC4-F413-426B-B1E8-DEF2BE99EA55,IDevice
37171746-B784-3586-A7D5-692A7604A66B,_SoapEntity
37196B38-CCCF-11D2-B35C-00105A1F8177,IWbemSmartMultiTarget
37196B39-CCCF-11D2-B35C-00105A1F8177,IWbemFetchSmartMultiTarget
371D0742-7A57-11D2-AD5A-00105A17B608,IUdp
371D0744-7A57-11D2-AD5A-00105A17B608,_IUdpEvents
3720FAD5-F2EF-4E55-B20A-B2895BC7F6EF,IWMPLayoutSettings
3727C4E2-8EFA-4382-8D81-D7AD506A7FBE,INetCenterLUA
372FCE34-4324-11D0-8810-00A0C903B83C,ICertConfig
37318B32-4553-4B37-B0B9-3A0F8A2C1E60,ICommandBarsEvents
373984C8-B845-449B-91E7-45AC83036ADE,IXMLDOMSchemaCollection
373A9399-FDF5-4F64-8866-E14B7F2CFFF7,IVsExternalCompletionSet
373FF7F1-EB8B-11CD-8820-08002B2F4F5A,ISlider10
373FF7F2-EB8B-11CD-8820-08002B2F4F5A,ISliderEvents
37410540-BA48-4222-8A42-578C8CC1A4A6,_EnvironmentTaskListProperties
3741BC6F-101B-36D7-A9D5-03FCC0ECDA35,_TimerCallback
37473440-9CEF-4061-9DA2-0730773E7806,IRASMapi
376208E4-2679-4C9E-B3D5-929EB0F1A1F7,SVsToolsOptions
37625095-7BAA-377D-A0DC-7F465C0167AA,_RSAOAEPKeyExchangeDeformatter
37647BF7-3DDE-4CC8-A4DC-0D534D3D0037,IMSVidAnalogTuner2
37668D37-507E-4160-9316-26306D150B12,IBackgroundCopyJob
376BD3AA-3845-101B-84ED-08002B2EC713,IPerPropertyBrowsing
376ED667-F576-458F-B991-2CFD3EBC7B08,IVsRunningDocTableEvents3
37724650-C156-4FCE-87B0-2C622FD67BE6,ILegacyAutoUpdateInternal
3776F33D-6BF8-4ADD-9C7E-946AB4A7718D,IInkPoint
378EFAEB-5FCB-4AFB-B2EE-E16E80614487,IFaxReceiptOptions
378F3CA7-BD24-481C-8DC3-5E5ECE1BCAD7,IEventServer2
37941AB6-DADC-47A5-8F42-3F9EE5966224,IObjectWithClassIdentity
37A44580-D5FC-473E-A048-21702EBFC466,IDebugExpressionContext2
37ADC645-ACE6-4A31-B6A1-FD1F4EF48012,IRecoWordList
37B03538-A4C8-11D2-B634-00C04F79498E,IMSVidPlayback
37B03539-A4C8-11D2-B634-00C04F79498E,IMSVidFilePlayback
37B0353A-A4C8-11D2-B634-00C04F79498E,IMSVidFilePlaybackEvent
37B0353B-A4C8-11D2-B634-00C04F79498E,IMSVidPlaybackEvent
37B0353D-A4C8-11D2-B634-00C04F79498E,IMSVidInputDevice
37B0353E-A4C8-11D2-B634-00C04F79498E,IMSVidInputDeviceEvent
37B0353F-A4C8-11D2-B634-00C04F79498E,IMSVidAudioRenderer
37B03540-A4C8-11D2-B634-00C04F79498E,IMSVidVideoRenderer
37B03541-A4C8-11D2-B634-00C04F79498E,IMSVidAudioRendererEvent
37B03545-A4C8-11D2-B634-00C04F79498E,IMSVidVideoRendererEvent
37B03546-A4C8-11D2-B634-00C04F79498E,IMSVidOutputDevice
37B03547-A4C8-11D2-B634-00C04F79498E,IMSVidFeature
37C69A5D-7619-3A0F-A96B-9C9578AE00EF,_OverflowException
37D84F60-42CB-11CE-8135-00AA004BB851,IPersistPropertyBag
37E412F9-016E-44C2-81FF-DB3ADD774266,ISyncMgrEventStore
37F1423E-E93F-4AA8-A0B2-85F1320AB769,INotificationDataProviderSink
37F266CD-4CFB-4CD9-934F-91E87FA81B9D,IVstaProjectHostItemCollection
380F5CAD-1B5E-42F2-805D-637FD392D31E,IPropertyChangeArray
3836F049-9413-45DD-BF46-B5AAA82DC310,IOfflineFilesItemContainer
3838290E-E8E4-40F1-9BCF-449CC3E16E90,IDeviceOwnershipControl
383D4D97-FC44-478B-B139-6323DC48611C,Columns
383F7E71-A4C5-401F-B27F-F826289F8458,IVssDifferentialSoftwareSnapshotMgmt3
3853EAB3-ADB3-4BE8-9C96-C883B98E76AD,IProtectedModeAPI
38698B65-1CA7-458C-B4D6-E0A51379C1D2,IInfoPaneProvider
387E9530-CF66-4CA9-807D-EB1788515F25,IVsdPickerDialog
3883B893-216F-4094-AD9A-61C2BD85F12B,ITipProperties
3887C9CA-04A0-42AE-BC4C-5FA6C7721145,IGameStatistics
388EED6A-DF36-4009-B5EA-609D3309CC5D,IInterruptItem
389153AB-EA42-457F-9704-7AB979C9EF93,IHomeGroupPrinterMonitor
389C6DFA-1F78-49A2-A351-264C0C90BA5F,IWMEncFilterWrapper
38A0A9AB-7CC8-4693-AC07-1F28BD03C3DA,IVdsIscsiInitiatorPortal
38AE69E0-4409-402A-A2CB-E965C727F840,INetSharingPrivateConnectionCollection
38B2F8D7-8CF4-323B-9C17-9C55EE287A63,_ZoneIdentityPermission
38B6068C-1E94-3119-8841-1ECA35ED8578,_RegistryPermissionAttribute
38C38501-1428-4ABB-8B27-2F0E1E6DD757,IVsSettingsReader
38D0CFCF-4AB7-471A-A516-7BDBAA3F6E0B,IEnumPartnership
38D6C7F1-354B-4F80-A175-F73D593D237C,IVsdCabDeployableTemplate
38E09D4C-586D-435A-B592-C8A86691DEC6,ISpeechCommandProvider
3900DD4E-8F3D-4CE7-B78F-9DB43E635D80,ISetupObject
3901A765-AB91-4BA9-A553-5B8538DEB840,IWscAVStatus
39099152-D9F8-43C3-9A61-0CDD01585AA1,IOfflineFilesErrorCount
391FFBB9-A8EE-432A-ABC8-BAA238DAB90F,IAssemblyLocator
39210938-E469-49FC-AE5F-3BF2435B99F2,IMSPropShellEvents2
3924A637-C2C4-3558-945F-279B5AC39ED9,_DesignerTransactionCloseEventArgs
39298A5B-389B-4B0A-B1DF-25F002B85AD8,iaudioprocessor
3931DEF1-8200-481F-A6C2-A4740DE84658,IVsProvideUserContext2
3936ABE1-B29E-3593-83F1-793D1A7F3898,_AsyncResult
3943DE80-1464-11D2-A484-00C04F8EFB69,ICrWheel
395C7DFB-F158-431C-8F43-DDA83B4EF54E,ToolBoxItems
39651294-8F5C-452A-9DCB-75EA630399E4,IItemCollection
3977526D-1A0A-435A-8D06-ECC9516B484F,ITfDisplayAttributeCollectionProvider
398B7DA0-4AAB-11CF-AE2C-00AA006EBFB9,IADsSession
3990034A-3AF2-44C9-BD22-7B10654B5721,VCProject
399C0499-29D3-3D95-AF77-111DCDB92177,_AccessibleObject
39A34D1A-B97C-4F81-BE11-7AEA2E03F770,ITabTipSetLanguage
39A48091-FFFE-4182-A161-3FF802640E26,IComponents
39AA95DB-A98E-45F3-89A2-4E2FC8609637,IPktXPacketSink
39C2F8D5-1CF2-4D5E-AE09-D73492CF9EAA,IWMPLibraryServices
39DD45DA-2DA8-46BA-8A8A-87E2B73D983A,IAnalogRadioTuningSpace2
3A02D3F7-3F40-3022-853D-CFDA765182FE,IChannelReceiverHook
3A0D53C4-3D23-4F94-9A11-62B25D28554C,IVsdDragDropData
3A0DAA30-908D-4789-BA87-AED879B5C49B,IWMPWindowMessageSink
3A182AD6-596A-4070-A574-73941817B674,IRecognizer
3A2B7FBC-3AD5-48BD-BBF1-0E6CFBD10807,ISideShowBulkCapabilities
3A2F8555-8498-4DD5-BAB9-DBA681C5CF4E,IMSFeedsPriv
3A3BBFFD-A9DF-40A6-A371-3298FE86AB1C,IVCNMakePage
3A439AB0-155F-470A-86A6-9EA54AFD6EAF,IStreamBufferMediaSeeking2
3A43F550-B383-4E92-B04A-E6BBC660FEFC,IWMDMProgress2
3A4C8B1A-4AF9-344A-BC88-DFE863328C86,_SplitterPanel
3A56BFB8-576C-43F7-9335-FE4838FD7E37,ICategoryCollection
3A57684A-3480-4D0B-920A-C21912455D94,IBuiltMenu
3A5B876C-CDE4-32D2-9C7E-020A14ACA332,_SecurityPermissionAttribute
3A5D428E-8C97-4DF4-BB2A-2CF773BA2861,IVsdWebAppDeployableTemplate
3A5FDE6B-DB46-34E8-BACD-16EA5A440540,IClientChannelSinkStack
3A652E0F-02B9-4FA8-9DF9-4760467266BF,IDevicePairingConfigurationNoUI
3A6AD9E0-23B9-11CF-AD60-00AA00A74CCD,ITransactionOptions
3A6AD9E1-23B9-11CF-AD60-00AA00A74CCD,ITransactionDispenser
3A6AD9E2-23B9-11CF-AD60-00AA00A74CCD,ITransactionOutcomeEvents
3A77CE00-6F74-4594-9399-C4578AA4A1B6,INotifyAppStart
3A7AE019-B8F7-4E8F-AB88-60131A1DB689,IVsdMsiCollisionCheck
3A7D3CA4-B7D1-3A2A-800C-8FC2ACFCBDA4,_Queue
3A83904D-4540-4C51-95A7-618B32A9A9C0,IVsProfferCommands3
3AA7AF7E-9B36-420C-A8E3-F77D4674A488,IKnownFolder
3AAE6967-05C7-4B9A-BC0A-EE170B01DB52,IVsdPlugInType
3AB4C8DA-D038-4830-8DD9-3253C55A127F,AsyncIIdentityAdvise
3AC646B6-6B84-382F-9AED-22C2433244E6,_SoapQName
3AC68B80-BA24-41D3-877E-AC4874E57935,ISCRFilterController
3ACB216B-40BD-487A-8672-5CE77BD7E3A3,ITAddressDeviceSpecificEvent
3ACB664A-F25F-4231-A2B2-D8BCDE3B2D8B,VSTHostItem
3ACE574D-7372-46B2-8F0D-6EBDDF0AA0A2,IVsdRegistryEditorClient
3AD4FB48-647E-4B03-9C1E-52754E80C880,IDebugNoSymbolsEvent2
3ADA7A5D-591E-4C9E-8B87-5E33F8E64AA8,IVsSingleFileGeneratorFactory
3ADEFFE3-C802-11D1-82FB-00A0C91EEDE9,IClerksCollection
3AE0080A-7E3A-4366-BF89-0FEEDC931659,IWbemEventSink
3AE3F2DC-D813-47F7-8184-C365EEE5CD45,ISCRParameterFieldController
3AEFB6C0-9D61-4A36-BC30-5F8D5DF7CF42,MFCDialogStringVariableExtender
3AF24290-0C96-11CE-A0CF-00AA00600AB8,IAdviseSinkEx
3AF93D5A-32A2-44A7-935A-E451221DEC91,IWMPlaylistEventCallback
3AF9E499-91B8-4B54-BD1D-81F414A587C9,SVsToolboxDataProviderRegistry
3AFAB213-F5A2-3241-93BA-329EA4BA8016,IClientResponseChannelSinkStack
3AFAE242-B530-11D0-8199-00A0C91BBEE3,IPersistFileFormat
3B0749FF-31E8-42D8-9CD2-F612148D7BDC,SVsProfilesManagerUI
3B096E87-6218-4A3B-A880-F6CB951E7805,IExtendedProperties
3B1569CA-8F17-4694-B309-66C3A2A00736,clsTimerLite
3B16811B-6A43-4EC9-A813-3D930C13B940,IWICBitmapFrameDecode
3B16811B-6A43-4EC9-B713-3D5A0C13B940,IWICBitmapSourceTransform
3B1B24EF-DD8E-4C98-8799-4EFAC80080E9,CodeDelegate2
3B21263F-26E8-489D-AAC4-924F7EFD9511,IBroadcastEvent
3B274703-DFAE-3F9C-A1B5-9990DF9D7FA3,_SHA256
3B3D4DCE-87E9-443F-ADE6-BAC56FAB5DBF,IVsdGenericListDialog
3B43DDD1-EBAC-4FEE-9F5A-270A240E393D,ISHVConfigManagementPrivate
3B452D17-3C5E-36C4-A12D-5E9276036CF8,_CallConvFastcall
3B494597-84EE-11D2-8600-00C04F8ECEE1,ICommon
3B4A1A6B-8E65-355D-B93A-E6AB753B2401,_CodeThisReferenceExpression
3B4CBA75-CDD6-421D-BA73-6FBC94B8401F,IVsPublishFileInfo
3B620DB1-1932-40E2-A6AC-82AB295029BC,ITsfInsertion
3B67EB4F-F874-4654-94B7-43D06A35425A,IHostItemRemoved
3B69D7F5-9D94-4648-91CA-79939BA263BF,IVdsPack
3B813CE7-7C10-4F84-AD06-9DF76D97A9AA,IAcroAXDocShim
3B826B68-8521-4AD0-8CFD-230D102232C6,IStorageWrapper
3B83B579-4969-4E12-A964-11EC19CC1503,IVsIntellisenseProject
3BAB89E4-5FBE-45F4-A5BC-DCA36AD225A8,ITfFnBalloon
3BC129A8-86CD-45AD-BDE8-E0D32D61C16D,IInkRecognitionResult
3BCF0CB2-A849-375E-8189-1BA5F1F4A9B0,_BinaryFormatter
3BD82D8D-FB97-462A-B942-4BDFE8811A0C,IInitializeWithPropertyKeys
3BDB28CF-DBD2-4D24-AF03-01072B67EB9E,IDebugMessageEvent2
3BDC0A97-04E5-4E26-B813-18F052D41DEF,IInkGesture
3BDD78E2-C16E-47FD-B883-CE6FACC1A208,ITfMouseTrackerACP
3BE408AF-4177-4A43-8A68-12AFFD718FD5,IWMSchemaEventQueue
3BE910F6-3459-49C6-A1BB-41E6BE9DF3EA,SnapIn
3BF1B24A-01A5-4AA3-91F9-25A60B50E49B,IRational
3BFFC423-6C82-46C0-AF2A-79A3ED3EDA93,IVsProjectFlavorCfg
3C0628F4-FA53-4AA2-AD88-7E9B82A984FF,_EnvironmentWebBrowserProperties
3C07B8BC-504B-3C65-8BAB-5CD562C42269,_VsaEngine
3C1FD869-FFC3-4444-AEF5-23FC65EBF680,IWMPPluginNotify
3C2EC7FF-A682-4F24-AD14-508E9109A5F0,IWMEncSourcePluginAdvanced
3C2F7DF6-33F8-4343-8758-7A793616A2D0,ISusInternal_V3
3C374A41-BAE4-11CF-BF7D-00AA006946EE,IUrlHistoryStg
3C374A42-BAE4-11CF-BF7D-00AA006946EE,IEnumSTATURL
3C3A8C69-7417-32FA-AA20-762D85E1B594,_DiscardableAttribute
3C44BA76-DE0E-4049-B6E4-6B31A5262707,IPersistString2
3C594F9F-9F30-47A1-979A-C9E83D3D0A06,IApplicationDocumentLists
3C5A1C94-C951-4CB7-BB6D-3B93F30CCE93,IDelegateItem
3C5EC61F-E547-45A5-B1FE-6DEB1302F396,ISdGITInitializer
3C613A02-34B2-44EA-9A7C-45AEA9C6FD6D,IWICColorContext
3C65B4AB-12B3-465B-ACD4-B8DAD3BFF9E2,IMsRdpClientAdvancedSettings
3C708557-C99D-4FA3-9231-56518418B4E4,IComputerAccounts
3C781C02-2DA7-4EED-AF54-F54758BF70E8,ISupportAddinSecurity
3C7901EE-6689-4019-9D6E-CC6C4F0006D5,IWMEncPrivateCommunicator
3C9EEBE5-09AB-4EBB-9B42-A25FD57F19C0,ICrystalReportViewer9
3CAEBD68-DEA7-43FD-892B-06108B1C4286,IInstallerManager
3CB00755-7536-4B0A-A213-572EFCAF93CD,ISoftKbd
3CC86595-FEB5-3CE9-BA14-D05C8DC3321C,ICustomAdapter
3CC974D2-B302-4D36-AD3E-06D93F695D3F,IFolderViewOptions
3CD141F4-3C6A-11D2-BCAA-00C04FD929DB,IAutoCompleteDropDown
3CD159F7-39C3-40D8-AED2-5E4E26B6BF8A,IWMPMediaExternal
3CD62D67-586F-309E-A6D8-1F4BAAC5AC28,_PasswordDeriveBytes
3CDAA65D-1E9D-11D3-B202-00C04F79CACB,ProjectConfigurationProperties
3CDAA65D-1E9D-11D4-B203-00C04F79CACB,ProjectConfigurationProperties2
3CDAA65E-1E9D-11D3-B202-00C04F79CACB,ProjectProperties
3CDAA65E-1E9D-11D4-B212-00C04F79CACB,ProjectProperties2
3CDBD25B-6B5D-4607-81DE-060BF1EF1590,IVsdObjectChangeFireEventEx
3CEE8CC1-1ADB-327F-9B97-7A9C8089BFB3,IDataObject
3D01AA33-A83F-4535-876C-4352672D4804,IVsdFireTrackChange
3D077954-7BCC-325B-9DDA-3B17A03378E0,_SHA256Managed
3D112E21-62B2-11D1-9FEF-00600832DB4A,IMMCTask
3D18A8E2-EEDE-3139-B29D-8CAC057955DF,_TypeLibFuncAttribute
3D1FF0EA-679A-4190-8D46-7FA69E8C7E15,IMFDRMNetHelper
3D2EAFC0-96D0-4925-9F7D-FF80B168F243,IHCCommand
3D320710-06C0-437B-A55F-826F48CC7EE7,IDebugNativeExceptionInfo
3D3C6D4D-44BA-4B39-9648-1D14D37DE56A,IVsdUserInterfaceEditorClient
3D3CE5C4-1508-4711-A5EB-F848F6E10072,IDebugRemoteServer2
3D445657-824A-11D7-9332-00065B83EE53,AsyncITipTsfDataInit
3D44D0D1-98C9-4889-ACD1-F9D674BF2221,IUPnPDevice
3D49C160-5F5D-4A09-86D8-518EC7CECE79,ISCROlapGridObject
3D5905ED-523C-11D1-9FEA-00600832DB4A,IMMCCtrl
3D61BF11-AC5F-42C8-A4CB-931BCC28C744,IEnumTfLanguageProfiles
3D657110-CFD2-4351-B188-0C647D042B09,ISCRObjectFactory
3D68703C-A371-4CF2-81F6-B5EFE698252A,_ISCRCustomFunctionControllerEvents
3D73A659-E5D0-4D42-AFC0-5121BA425C8D,ICDBurn
3D7A5166-72D7-484B-A06F-286187B80CA1,IMSVidStreamBufferSinkEvent2
3D7C353C-0D04-45F1-A742-F97CC1188DC8,IDVBSLocator
3D8B0590-F691-11D2-8EA9-006097DF5BD4,IAsyncOperation
3D9E3887-1929-423F-8021-43682DE95448,IBroadcastEventEx
3DA2E63D-9D7D-478C-BDB1-BC5426FF6A51,ITabTipUI
3DA67B83-F195-11D2-909B-00105A17B608,ISnmpVariable
3DA67B85-F195-11D2-909B-00105A17B608,ISnmpVariables
3DA67B87-F195-11D2-909B-00105A17B608,ISnmpTrap
3DA67B89-F195-11D2-909B-00105A17B608,ISnmpTraps
3DA67B8B-F195-11D2-909B-00105A17B608,ISnmpMib
3DA67B8D-F195-11D2-909B-00105A17B608,ISnmpMessage
3DA67B90-F195-11D2-909B-00105A17B608,IAgent
3DA67B92-F195-11D2-909B-00105A17B608,_IAgentEvents
3DA67B93-F195-11D2-909B-00105A17B608,IManager
3DA67B95-F195-11D2-909B-00105A17B608,_IManagerEvents
3DBE8DA4-C3C0-4D17-BC64-11C02546ABD3,IVSTDocumentDesigner
3DC5EDBF-A959-4CC9-9042-72449DCFC2DC,_IItemEditEvents
3DCA9DCD-FB09-4AF1-A926-45F293D48B2D,IDebugStopCompleteEvent2
3DCBC21E-907D-4406-B8AB-DD2FEE9D832F,IDataSchemaCollection
3DCC8FB1-C434-11D1-A817-00A0C92784CD,ICrystalReportSourcePackage
3DCC8FB2-C434-11D1-A817-00A0C92784CD,IEnumCrystalReportSource
3DCC8FB6-C434-11D1-A817-00A0C92784CD,ICrystalReportSourceEx
3DCCC293-4FD9-4191-A25B-8E57C5D27BD4,IWindowsMediaLibrarySharingDevice
3DD2903C-E0AA-11D2-B63A-00C04F79498E,IMSVidFeatureEvent
3DD2903D-E0AA-11D2-B63A-00C04F79498E,IMSVidGraphSegmentContainer
3DD2903E-E0AA-11D2-B63A-00C04F79498E,IEnumMSVidGraphSegment
3DE338A7-918A-4A4F-B602-2C02D7BAE1F0,IVxWebsiteEventsRoot
3DED2CFF-E828-4929-A7FD-4D6EAFA3341C,VCCodeClass
3DF47861-7DF1-4C1F-A81B-4C26F0F7A7C6,IWMPLibrary
3DFA7603-3B51-4484-81CD-FF1470123C7C,IVsExpansionSession
3E079A0B-31D8-4830-81AF-9C963866154A,IVsdPrjTaskListError
3E0F5166-542D-4FC6-947A-012174240B7E,IVdsHwProviderType
3E23C5A8-F55C-4618-909F-90F7D78A5BB1,AsyncISdCallback2
3E2A0832-17E1-4886-8C0E-204DA242995F,IDebugProcessDestroyEvent2
3E2BF5A5-4F96-4899-A1A3-75E8BE9A5AC0,ISBE2FileScan
3E322340-E4A8-4292-9D52-24E5B7B08253,ILCIEThreadRef
3E35B0DC-F239-4427-8A27-D4CDAD59378C,DispWebPartElement
3E37E320-17E2-11CF-ABC4-02608C9E7553,IADsUser
3E431682-BBDE-31B1-AE7F-9D8DD582BD0D,_RadioButton
3E481212-DFE0-4756-A033-0928214904BC,IFileOpenDialogPrivate
3E4C9351-D966-4B8B-BB87-CEBA68BB0107,ITaskVariables
3E4D4F1B-2AEE-11D1-9D3D-00C04FC30DF6,Iasphelp
3E72E067-4C5E-36C8-BBEF-1E2978C7780D,_SEHException
3E8269DF-7F45-40AD-B281-CCB5D2E34D5D,IDocumentSavedEventArgs
3E8A5547-F07F-4E13-AF22-2D4E83FDAD22,IWMEncTransformPlugins
3E90ADE3-7594-4CB0-BB58-69628F5F458C,ITfThreadMgrEx
3EA2BB1D-66E7-47F7-8795-CC03D388F887,ISoftKeyboardEventSink
3EAA71A9-5B21-4492-9167-5712DE19A003,ISSCheck
3EB1D909-E8BF-3C6B-ADA5-0E86E31E186E,_ContextBoundObject
3EC0A43F-5241-4960-9D6B-7400C9240AD8,IWMEncBroadcast
3EC36F3E-5BA3-4C3D-BF39-10F76C3F7CC6,IDriveFolderExt
3EC97A1E-9F42-4251-923F-04C139A4BAAA,IWMStoreTask
3ECF7048-E586-47AE-9095-B13B53B3E9B1,IVSTOWrappedControlEvents
3ED50C4F-03F2-491D-8525-3C8558660D8D,IComponentSettings
3ED72303-6FFC-4214-BA90-FAF1862DEC8A,IWebBrowserPriv2
3EEAE9EF-7F4C-470D-B40D-09F11D0487A9,IVBUpgradeStatus
3EEFD1FC-4D8D-3177-99F6-6C19D9E088D3,_PolicyStatement
3EFAA413-272F-11D2-836F-0000F87A7782,IXMLDOMDocumentFragment
3EFAA425-272F-11D2-836F-0000F87A7782,IXTLRuntime
3EFAA426-272F-11D2-836F-0000F87A7782,IXMLDOMParseError
3EFAA427-272F-11D2-836F-0000F87A7782,XMLDOMDocumentEvents
3EFAA428-272F-11D2-836F-0000F87A7782,IXMLDOMParseError2
3EFAA429-272F-11D2-836F-0000F87A7782,IXMLDOMParseErrorCollection
3F0613FC-B71A-464E-A11D-5B881A56CEFA,IAzApplicationGroup2 interface
3F0804CB-B114-447D-83DD-390174EBB082,ILatLongReportFactory
3F1B099B-9507-4CC0-BDD5-CD04DC0C870E,ITreeNode
3F243EBD-612F-3DB8-9E03-BD92343A8371,_AutoResetEvent
3F298504-609E-4E6A-89F6-A8390A351558,IVsHostingProcessCallback
3F3311CE-6BAF-3FB0-B855-489AFF740B6E,_ImportedFromTypeLibAttribute
3F34CD3E-5907-4341-9AF9-97F4187C3AA5,IMDSPObject2
3F3B1B86-DBBE-11D1-9DA6-00805F85CFE3,IApplicationControl
3F3BE369-0B78-4511-91E5-08F9FC5CAE0D,IDebugFuncEvalAbortedEvent2
3F457174-09A5-493D-A222-A2385C138A25,IUserFilter
3F469B2E-F56C-11D3-9DF1-00902741EE80,ISCRCubeViewDefinition
3F4DACA0-160D-11D2-A8E9-00104B365C9F,IRegExp
3F4DACA1-160D-11D2-A8E9-00104B365C9F,IMatch
3F4DACA2-160D-11D2-A8E9-00104B365C9F,IMatchCollection
3F4DACB0-160D-11D2-A8E9-00104B365C9F,IRegExp2
3F4DACB1-160D-11D2-A8E9-00104B365C9F,IMatch2
3F4DACB2-160D-11D2-A8E9-00104B365C9F,IMatchCollection2
3F4DACB3-160D-11D2-A8E9-00104B365C9F,ISubMatches
3F50C7D0-D1AF-4A97-AD81-7FDD5934AD32,IDebugENCSnapshot3
3F5E95C0-0F43-4ED4-93D2-C89A45D59B81,IWMDMNotification
3F69F350-0379-11D2-A484-00C04F8EFB69,ICrIris
3F710016-58D5-4887-AD76-936D1A45A588,IVsCompletionSetEx
3F7AD678-2EE1-4C98-B7D5-4821EFEA01ED,IVCMidlGeneralPage
3F7F31AC-E15F-11D0-9C25-00C04FC99C8E,IXMLElement
3F819030-50CF-4B72-B3FC-B3B9BFBBEE69,IVsProjectResources
3F83A98F-463E-4691-8962-9EE27964A497,VCRuntimeBooleanProperty
3F8742C2-AC57-3440-A283-FE5FF4C75025,IClientChannelSinkProvider
3F8C8E9E-9A7A-4DC8-BC41-FF31FA374956,IUPnPServices
3F9E54A7-0499-4A67-A8E0-F862F122F2F7,ISCRGroupAreaFormat
3FA19CF8-64C4-4F53-AE60-635B3806ECA6,DRendezvousSessionEvents
3FAA35EE-C867-3E2E-BF48-2DA271F88303,_FormatterConverter
3FAD49F9-A326-4E93-B9F0-F357867DCCE5,IVsdPersistProperties
3FCF5C06-9F38-4E99-9AA4-A239BB43FF56,IFrontPageBotElement
3FF130FC-B14F-4BAE-AE44-46B1CD3928CC,IDebugObject2
3FFC5AE5-A66B-499C-A180-C7393DB6BA8D,IUPnPDeviceHostICSSupport
40025C28-3303-42CA-BED8-0F3BD856BD6D,IVsUpdateSolutionEvents3
400ABD29-D423-4E0E-946D-AC934EA0AD43,IEnumImeCommands
401518EC-DB00-4611-9B29-2A0E4B9AFA85,IVersionInfo
401F89CB-C127-3041-82FD-B67035395C56,_ArrayList
4025E624-8C0F-11D3-9DB3-00902741EE80,ISAServerAgentInfo
4025E626-8C0F-11D3-9DB3-00902741EE80,ISAFetchDirectoryItemChildrenRequest
4026DFB9-7691-4142-B71C-DCF08EA4DD9C,IUICommand
4042BD4D-B5AB-30E8-919B-14910687BAAE,ISymbolVariable
404FAFDD-1E3F-3602-BFF6-755C00613ED8,_DebuggerTypeProxyAttribute
40571E58-A308-470A-80AA-FA10F88793A0,IProperties
40673495-3AEF-45C5-9AC2-F2D13C953301,IScriptProgramNode
406A66E8-0DC2-49E4-81E2-1F7A7DA666DB,ICategoryDescriptionArray
4072AE37-3739-43C9-AC88-CA2EA79ED32B,V7ONLY_IDebugFindSymbolEvent2
407E0FAF-D047-4753-B0C6-8E060373FECD,ITToneDetectionEvent
40806CEA-ABAB-4887-A356-D8869C28A6E6,_dispImportsEvents
40864B73-C4B0-4E9C-9C17-567D130CB413,ICommandBarButtonEvents
40897764-CEAB-47BE-AD4A-8E28537F9BBF,IWMPPlayerApplication
40A3D052-8BFF-4C4B-A338-D4A395700DE9,ISyncMgrResolutionHandler
40A7882C-7138-4711-82E3-1016EF591B32,ISdCallback2
40AA75E1-A930-4DDB-943A-AFE31BC70B3A,IImeCandidateHanjaCategory
40BC7B1A-E625-4DA1-86B4-7660F3CCBB16,IVsFontAndColorStorage
40C6BDE7-9C90-49D4-AD20-BEF81A6C5F22,IBatteryPreset
40CD37D4-C756-4B0C-8C6F-BDDFEEB13B50,IUIAutomationPropertyChangedEventHandler
40D0E4E8-E5EA-49F7-BBB0-66DF5217DD8B,EmailLogs
40D4577F-E237-4BDB-BD69-58F089431B6A,IDelayedPropertyStoreFactory
40D4B9B6-739B-4965-8D65-692AEC692266,Find
40DFC50A-E93A-3C08-B9EF-E2B4F28B5676,_WaitHandle
40E5451F-B237-33F8-945B-0230DB700BBB,_NotSupportedException
40E8E914-DC23-38A6-936B-90E4E3AB01FA,_NativeCppClassAttribute
40F73C8B-687D-4A13-8D96-3D7F2E683936,IVdsDisk2
40FB079B-B62C-486F-9823-C9A2EAE8DBFD,IVsEditorFactory
410381DA-AF42-11D1-8F10-00C04FC2C17B,ICOMNSView
411F3E08-E6B1-4789-AB29-755C52E52AC4,IDebugDataGrid
412D0C3A-9650-44FA-AF5B-DD2A06C8E8FB,IWICComponentFactory
4134F762-D0EC-3210-93C0-DE4F443D5669,_CryptoStream
413DAFB0-BCF4-11D1-861D-0080C729264D,IReceiveAppData
4141B9F0-9A65-4F9C-9EF8-972DF1A6A0EE,ISetupTransferErrorInfo
41487E33-9A10-42FE-BA3B-15FDE59D09D5,IDebugArrayObject2
41506929-7855-4392-9E6F-98D88513E55D,IImageProcess
415A984A-88B3-49F3-92AF-0508BEDF0D6C,IUPnPDeviceFinderCallback
4164071A-ED12-3BDD-AF40-FDABCAA77D5F,_EnvironmentPermissionAttribute
416CADDD-071A-4260-B690-94ABA6AD6BBD,IShellContextMenu
416D8B73-CB41-4EA1-805C-9BE9A5AC4A74,IRegistrationInfo
41757F4A-CF09-4B34-BC96-0A79D2390076,ITPluggableTerminalClassInfo
418A8D96-59A0-4789-B176-EDF3DC8FA8F7,IFaxOutgoingJob2
418EE892-56F0-4C3B-9238-696BA0CEF799,IHCCheckProvider
41904400-BE18-11D3-A28B-00104BD35090,IWshShell3
4192A87C-5C57-3879-8624-AF5CA2ED9EB2,_CodeVariableDeclarationStatement
419B26E3-FA99-4408-83DE-CC1276EFA489,iaudiometer
41A7D760-5176-4EF2-8581-7B534D2AC56E,DataObject
41A7D760-6018-11CF-9016-00AA0068841E,DataObject
41A7D761-5176-4EF2-8581-7B534D2AC56E,DataObjectFiles
41A7D761-6018-11CF-9016-00AA0068841E,DataObjectFiles
41AA40E6-2FBA-4E80-ADE9-34306567206D,_IWmiProviderSubsystemRegistrar
41B68150-904C-4E17-A0BA-A438182E359D,IZoomEvents
41BE8D4D-F235-46D4-B9F8-C6D6459D503C,FileProperties2
41C4F8B2-7439-11D2-98CB-00C04F8EE1C4,IObjectConstructString
41D02413-8A67-4C28-A980-AD7539ED415D,WindowConfiguration
41D412AD-5F73-497D-B243-7C997B6B6410,IVsdDependencyValidationClient
41DC24D8-6B81-41C4-832C-FE172CB3A582,IERegHelperBroker
41DD35A8-9FF9-45A6-9A7C-F65B2F085D1F,IKeyUsage
41DEC279-BABB-47A9-96FF-52A6EC43EB68,IVsHelpPrivate
41E57382-63F9-48E6-9DBD-163D2B14D41B,IVsHiddenRegion
41E7A09D-EB7A-436E-935D-780CA2628324,IRDPSRAPIApplication
41EBA572-23ED-4779-BEC1-8DF96206C44C,IWPCProviderSupport
41EBD813-8D39-46FA-9771-43248A8D980A,IVsdBuildListener
41F41C1B-7B8D-39A3-A28F-AAE20787F469,_UnverifiableCodeAttribute
41F80783-4646-441E-989E-7B127EE6F544,SVsOnlineHelpData
41F92AB8-98B0-4CF4-907B-C5CE4403A570,IVsAddNewWebProjectItemDlg
42085C99-3F5B-4B61-9737-592479718CEC,IVsDetermineWizardTrust
420D16AD-C97D-4E00-82AA-00E9F4335DDD,IMDSPDevice2
4216EE1A-BE05-466B-B900-7B25971C3E30,IVsdPropertyStreamOut
422AC997-E209-4FAA-8DC6-9D2E5EFA4216,WebFolderProperties
422E8E90-D955-11D1-8B09-00600806D9B6,ISWbemMethod
4231415A-16D2-473A-B4D1-FDCC13199A92,ISCRAdoNetDataSet
42320454-626C-4DD0-9ECB-357C4F1966D8,VirtualPoint
423238D6-DA42-4989-96FB-6BBA26E72E09,IDebugEvent2
423EC01E-2E35-11D2-B604-00104B703EFD,IWbemWCOSmartEnum
424B71AE-0695-11D2-A484-00C04F8EFB69,ICrRadialWipe
425BFF0D-59E4-36A8-B1FF-1F5D39D698F4,_PKCS1MaskGenerationMethod
42660DEC-799B-4BD8-BD0B-198AC367B396,ILocalConnectionMgr
42684E14-F6BC-4F1F-B829-70898DB4262D,IWebItemProperties
426E255C-F1CE-4D02-A931-F9A254BF7F0F,IDebugProgramNode2
42751198-5A50-4460-BCB4-709F8BDC8E59,IWMPNodeRealEstate
427B1865-CA3F-479A-83A9-0F420F2A0073,_IInkEvents
427BBFEF-A7D9-48DB-B63C-45B907C5305C,IVsdCustomActionPlugIn
427E255D-AF02-3B0D-8CE3-A2BB94BA300F,IApplicationTrustManager
427EA9D3-11D8-3E38-9E05-A4F7FA684183,_RijndaelManaged
4283CA6C-D291-3481-83C9-9554481FE888,IPrincipal
428E3627-2B1F-302C-A7E6-6388CD535E75,_DebuggableAttribute
4291224C-DEFE-485B-8E69-6CF8AA85CB76,IAssistance
42959ECE-0606-3758-9679-A48E88F9BAF8,_NavigateEventArgs
42B54C4B-2A9C-4EBC-A9A2-344A8F96107F,WebSiteProperties3
42C642C1-97E1-11CF-978F-00A02463E06F,IDictionary
42C9F529-AC7B-45D3-A320-C2F23F250B94,IInitializeResultShape
42CF1C02-B6CC-3CC0-8A89-337C3679BE9E,_ClerkInfo
42D4D099-7C1A-4A89-B836-6C6F22160DF0,ITfEditRecord
42EF9F29-7777-42ED-BA74-944AEFD663DA,IJITDebuggingHost2
42F00C62-F454-3A38-AF9E-35D4E2BDFDAC,_ComponentCollection
42F85136-DB7E-439C-85F1-E4075D135FC8,IFileDialog
4311E8F5-B249-3F81-8FF4-CF853D85306D,_CryptographicException
43177367-ADEF-4330-B9AF-E814C5C035CA,IRCNodeNotLoaded
43242FEA-91D1-4A72-963E-FBB91829CFA2,IInkStrokeDisp
43286FEA-6997-4543-803E-60A20C473DE5,IDebugProcess2
432A1DA5-3888-4B9A-A734-CFF1E448C5B9,INapClientManagement
4343B837-6EC8-3E43-8A59-046C35024677,_ButtonBaseAccessibleObject
434E95D9-A6B5-48FA-8CB7-89485900A8D2,ISCRQueryDefinitionOptions
435899C8-44AB-11D1-AF00-080036234103,IDSPrintQueue
435EB1B8-B681-4569-B862-551E13764315,IRoamLocalStore
4371079A-47C3-4B7A-93AE-BFB90FEDB8F0,IVsIntellisenseEngine
437A2AB1-CA7F-4896-8F61-C76826FB602D,IHomeGroupUIStatusAdvise
43826D1E-E718-42EE-BC55-A1E261C37BFE,IShellItem
438E8DCF-6875-305F-8CA5-40DBB15782A6,_ComponentEventArgs
43BE964C-1B4A-3D1F-9D94-8185A1E6CB7B,_DesignerLoader
43C9FE15-F494-4C17-9DE2-B8A4AC350AA8,ITfLanguageProfileNotifySink
43D24196-0000-467F-8C6B-9C006922D02F,IDebugThread3
43DDC4B2-B21C-466C-AA02-69BD70C26C6D,_DFolderViewEvents
43DFCA99-9318-410E-B641-202C6A632250,IVsdLaunchConditionsEditorTreeViewItem
43EFC137-1403-4E73-89FC-A49FDBFC09EC,IDataModelCB
43F406AA-9295-4D20-A646-AC576D3787CF,IVsdMsiComponentID
43FD5911-7BAC-4BDC-AB6C-2DE65B5C0233,CommandBarControl
44099B4D-26CB-41A5-BC87-AEB7DBD9FD41,ITabTipTest
44140B42-9155-4D7A-B952-55779D778B7B,IPropertyProvider
4421A1DA-573B-49F8-B20D-44CAE0E64F1E,IVsdModuleProperty
442E3C03-A205-3F21-AA4D-31768BB8EA28,_BinaryReader
443E6A57-0669-42A7-9B84-51EBF6719D78,VSWebPackage
44494E35-C370-3014-BC78-0F2ECBF83F53,_PolicyLevel
44569501-2AD0-4966-9BAC-12B799A1CED6,IVsAggregatableProjectFactory
445833B6-83D5-44AE-9164-D1EEA753D19B,IVsHelpUserSettings
445CA8E4-861B-42E3-AE5A-F5AC2490A77A,ITasks
44746BE0-372D-4C95-A5B4-1AEE099AD411,_DebuggingGeneralProperties2
44792A74-5DD8-3410-A897-F568E4E58161,_DomainUpDown
4480A802-4A3B-4E6D-A264-40297CED552C,IPrivateTestDriverPackager
448A2EDF-AE95-4B43-A3CC-747843C453D4,IDVBTLocator2
4491E81C-5661-4079-A994-826B512F3AB2,ICcPackageContainer
4494508A-F2E7-4600-9CE6-AA52C57EFC05,IMobilityCenterTile
449494BC-B468-4927-96D7-BA90D31AB505,IWICStreamProvider
4495AD01-5176-4EF2-8581-7B534D2AC56E,_PropertyBag
4495AD01-C993-11D1-A3E4-00A0C90AEA82,_PropertyBag
449D84E5-CB7C-41F4-8468-E82352E7A71D,IVLTableLink
449F659E-88A3-11D1-BB5D-00C04FB6809F,ITForwardInformation
44ACA675-E8FC-11D0-A07C-00C04FB68820,IWbemCallResult
44B0CAB3-6DF8-4931-9064-8FD18AFBC88E,IVsTextBufferEvents
44C09D56-8D3B-419D-A462-7B956B105B47,IOwnerDataCallback
44D04155-1876-4BC0-AA9D-A8616F36C601,IDiskLib
44D5F81A-727C-35AE-8DF8-9FF6722F1C6C,_ResourceSet
44DB8E15-ACB1-34EE-81F9-56ED7AE37A5C,_RemotingTimeoutException
44DC35B3-0BAF-4048-8118-BAEAC4F07EAC,IVsdBuildManager
44F876D8-8391-11D0-B16F-00AA00BA3258,IMtsEventsPriv
44F8F85F-5514-49A3-8173-6F9C9F1C4832,IEELocalObject
44FCEACA-7F56-4D2C-A637-60052B1B9CBE,IDebugInterceptExceptionCompleteEvent2
44FF7DA4-22B8-4DFC-9801-2E7E7F5D7495,IWMEncDeviceControlPlugin
450222D0-87CA-3699-A7B4-D8A0FDB72357,_SerializationBinder
45046D60-08CA-11CF-A90F-00AA0062BB4C,PropertyBag_VB5
45046D60-5176-4EF2-8581-7B534D2AC56E,PropertyBag_VB5
451A0030-72EC-11CF-B03B-00AA006E0975,IADsMembers
451FE266-DA6D-406A-BB60-82E534F85AEB,IVdsLunControllerPorts
4527C0F8-7B76-42EB-A996-A01A7D8E9B6D,ISrDriversWUStatusCallback
4534589B-CFC6-4544-98F6-2A8C48603E14,VCAssemblyReference
4543D155-EE6A-3529-BC8D-CF0E866B6B0B,_DesignerTransactionCloseEventHandler
4544D333-8D5F-4517-9113-3550D618F2AD,IVsToolWindowToolbar
4549EA25-55E9-4055-A33A-087596608817,IWgpOobWebEvents
455090AB-5C44-3F4F-8EED-CCC90A3112B5,_CodeTypeDelegate
455ACF59-5345-11D2-99CF-00C04F797BC9,ICreateWithTipTransactionEx
456129E2-1078-11D2-B0F9-00805FC73204,ICatalogUtils
4564C80D-7497-4468-856F-BE3571071929,ISetupScriptEngine2
45672EB9-9059-46A2-838D-4530355F6A77,ITfSystemDeviceTypeLangBarItem
45700061-AD9D-4776-A8C4-64065492CF4B,IFaxInboundRoutingMethod
457C6C85-E65B-4F58-A4E8-568FDB69AD44,IVsdBaseEditor
45838341-1AF6-11D3-BD41-00C04F6EA5AE,IWMPLayoutHost
458725B9-129D-4135-A998-9CEAFEC27007,ISyncMgrConflictResolutionItems
458AB8A2-A1EA-4D7B-8EBE-DEE5D3D9442C,IWin32Window
459A6481-9A3C-48E3-B92C-BD4CEB003E46,IHMEServiceDiscoveryHandler
459A6C84-21D2-4DDC-8A53-F023A46066F2,ISyncMgrScheduleWizardUIOperation
459ECC43-BCF5-11DC-A8A8-001321F1405F,IMbnSubscriberInformation
45AAAF04-9D6F-41AE-8ED1-ECD6D4B2F17F,ITabletContext
45ABED49-8D6E-47B8-A0D6-C9F2405817C6,IVsItemTypeResolutionSite
45AE9835-6090-4CCA-97E0-5EA9A5608FBE,_DebuggerExpressionEvaluationEventsRoot
45BD8E74-6727-11D3-8600-00C04F6123B3,IVsComponentSelectorData
45C35144-154E-4797-BED8-D33AE7BF8794,ITfCleanupContextDurationSink
45C7B917-44CC-4A61-A5BB-832D75CE9220,ISCRBorderConditionFormulas
45D18FDA-CC0F-46DE-B5DF-816E975D9E86,IVsdUserInterfaceEditor
45E29CA6-670A-3B13-9557-4E5903056BF3,_CodeBaseReferenceExpression
45E2B4AE-B1C3-11D0-B92F-00A0C90312E1,IShellLinkDataList
45F31264-BACD-45A9-AE64-036120C52582,IVsMSBuildHostObject
45F4F6F3-D602-4F98-9A8A-3EFA152AD2D3,IInstallationCompletedCallback
45FD4C49-3DB8-3BFB-9B5A-C9D4891C13B5,_ServicedComponent
4600C3A5-E301-41D8-B6D0-EF2E4212E0CA,Property
46102071-60B4-4E58-8620-397D17B0BB5B,IItems
46187751-37C4-4BD0-BE08-7F954C2FD0D0,IInitCategoryEnum
461FDA3E-BBA5-11D2-B10F-00C04F72DC32,IDebugNativeSnapshot2
46209330-0FBA-11D3-B880-00C04F79E479,_dispDebuggerEvents
46217B31-38B7-415E-BDEE-021BA74F4FEF,IWMEncEditDecisionList
4623BD61-5603-444F-824A-AAEBCEED93FA,IComputerInfoAdvise
46297823-9940-4C09-AED9-CD3EA6D05968,IUpdateIdentity
4634D64C-B361-4AF9-94BC-FB86A7B18EFF,ITSRDSettings
4638D76F-5EC4-4B10-BC0E-7ADA1A35EE16,IVsdLaunchConditionsEditorClient
4639DB2A-BFC5-11D2-9318-00C04FBBBFB3,IDataFactory3
4639DB2B-BFC5-11D2-9318-00C04FBBBFB3,DIDataFactory3
463A506D-6992-49D2-9B88-93D55E70BB16,ITfRangeBackup
463D40D9-F98C-41A8-B039-859202B1E591,IVCLinkerManifestPage
4646D11F-8B7D-48B6-925C-8D6A7097A151,IVsdDefaultFeaturePlugIn
464CDAFE-D31A-44B5-8B92-24D92D70C8C3,IVsdValidationManager
46527C03-B144-3CF0-86B3-B8776148A6E9,IClientFormatterSink
46538D1B-4D81-4002-8BB4-DBDB65BABB23,ToolBoxItem
465A756D-45AD-4305-85FD-D3321650F3B7,IInitializeWithDelegate
465E5CC0-7B26-11D1-88FB-0080C7D771BF,IPublisherFilter
465E5CC1-7B26-11D1-88FB-0080C7D771BF,IMultiInterfacePublisherFilter
466EFAF6-F832-4079-83CD-4BBB02719C1D,IVsProfileDataManager
468B8EB4-89AC-381B-8F86-5E47EC0648B4,_PathTooLongException
4691E7BB-E535-496E-B90A-9E7275A03C01,IVsdDragDropDataCallback
469239D0-B657-46BB-929C-52350E16D762,ITipTsfData
46927657-EC14-4A77-9122-A88D976FF40E,ISCRBorder
4697E418-183E-414E-9173-E5FBF27692A9,IVsTextManagerEvents2
469D64EC-EB30-3462-A93B-E01BAA5CAF83,_VScrollBar
46A3F9FF-F73C-33C7-BCC3-1BEF4B25E4AE,_SoapFieldAttribute
46A4AC38-8317-4C5A-88E9-E82516C88B8B,IVsdDragDropDataCallback
46AD648D-53F1-4A74-92E2-2A1B68D63FD4,IWMPStringCollection2
46B4B7C2-11EB-4753-BE4B-0E0A16E9CE53,IEnumComReferences
46B89F5A-769D-4792-AD9A-E3755915CBC3,IStatusEvents
46D00353-3CE9-49FA-A48D-0E3350041C8B,IMSMediaSchemaBase
46DBF318-D92F-4C38-A6BD-FBD8813E210F,ISdGITManager
46E4E7F0-B5C6-4863-B600-59887BB71965,ITipAutoCompleteStateSink
46E4FA02-8789-4AB9-8AD3-8CF46B8459C7,ICRMRecoveryClerk
46E51A6B-9738-4E66-80B9-DD4281F819C3,IWMEncAudienceCollection
46E6FB26-3107-4FB9-9CAD-7E3E4D0031FE,IVsdTaskListItem
46F14FDA-232B-11D1-A808-00C04FD8D5A8,IADsObjectOptions
470DE738-5261-302A-B205-4744652D2FD3,_TabControl
4710E236-63E2-4DE8-865C-840722C84A09,ICcObject
471F93FA-0D7A-44FE-AC48-190CBB8B84C7,VBPackageSettings2
4722B049-92C3-4C2D-8A65-F7348F644DCF,IRDPSRAPIInvitationManager
472B7121-2C54-31F6-9EF0-183BA7E89C21,_SecurityCallers
473AC99B-AF0C-4D30-9B81-4AC9B4E92B95,IUDFDataCollection
4758CB90-6110-4440-B577-2E3FC91E4B84,IVsCodeWindowManager
475B6469-90A5-4878-A577-17A86E8E3462,IFaxServer
475CE18F-11FE-4A64-95B4-C88F5107D07C,IVCManifestInputOutputPage
47698389-F182-3A67-87DF-AED490E14DC6,_UIPermission
476B1BDE-52F1-43A6-8F0F-D06835E54BC1,ICQryAutoColumn
4776F9CD-9517-45FA-BF24-E89C5EC5C60C,IWICProgressCallback
477BFD8A-5FD5-434F-981B-2FD3C145B473,WebSiteProperties
47811DA4-330F-4EB5-9D14-BBC82773DA66,IVsCoTaskMemFreeMyStrings
4784FCF2-068E-4F3C-A2EB-B0E0DA980683,IXSLElement
478F06D4-5D57-473F-9B74-5F8E88EFA5E7,_EnvironmentProjectsAndSolution
479F6E74-49A2-11D2-8ECA-00C04FC2F519,ISdoServiceControl
479F6E75-49A2-11D2-8ECA-00C04FC2F519,ISdoMachine
47B1D60A-4EB8-4723-B991-992E6393E392,IVsDocOutlineProvider
47C01F95-E185-412C-B5C5-4F27DF965AEA,IFolderBandPriv
47C41E8A-34B2-417C-9CF2-09731FA298B6,IWMPEmbed
47C87CEC-8C4B-4E3C-8D22-34280274EFD1,IEKUs
47CBDB9E-1972-4F5E-BD3C-5EB6230614B5,INapComponentConfig2
47CDE9A1-0BF6-11D2-8016-00C04FB9988E,ICSServiceControl
47D9E2B2-CBB3-4FE3-A925-F49978685982,IContextMenuFactory
47FF8FE0-6198-11CF-8CE8-00AA006CB389,WHTMLControlEvents1
47FF8FE1-6198-11CF-8CE8-00AA006CB389,WHTMLControlEvents2
47FF8FE2-6198-11CF-8CE8-00AA006CB389,WHTMLControlEvents3
47FF8FE3-6198-11CF-8CE8-00AA006CB389,WHTMLControlEvents4
47FF8FE4-6198-11CF-8CE8-00AA006CB389,WHTMLControlEvents5
47FF8FE5-6198-11CF-8CE8-00AA006CB389,WHTMLControlEvents6
47FF8FE6-6198-11CF-8CE8-00AA006CB389,WHTMLControlEvents7
47FF8FE8-6198-11CF-8CE8-00AA006CB389,WHTMLControlEvents9
47FF8FE9-6198-11CF-8CE8-00AA006CB389,WHTMLControlEvents10
4803CE39-2F30-31FC-B84B-5A0141385269,_CodeAccessPermission
481319F9-28AD-4B07-B0F8-DBF64ADA94BA,VCCodeModel
482B05C0-4056-44ED-9E0F-5E23B009DA93,IPortableDevicePropertiesBulk
484E3ECE-1F81-4591-B9D4-943BA13B609D,_IWmiProviderLoad
48600DD2-0099-337F-92D6-961D1E5010D4,_SHA1
486360F5-6213-322B-BEFB-45221579D4AF,_HMACMD5
486849BC-F2E9-4287-902A-59CD2BEED291,IVsdDeployableTemplate
486B60C7-C087-4CC8-856F-0F1E2BBF51E8,IVCGeneralFileConfigurationSettings
487E52F1-2BB9-3BD0-A0CA-6728B3A1D051,_DirectoryInfo
48815668-6C27-3312-803E-2757F55CE96A,_SecurityAttribute
489E9453-869B-4BCC-A1C7-48B5285FD9D8,IExplorerHost
48A98A1F-5CDD-47EE-9286-DB04A3EB7CE1,ITravelLogRecoveryData
48AD41DA-0872-31DA-9887-F81F213527E6,IChannelReceiver
48BEA6C4-752E-3974-8CA8-CFB6274E2379,_KoreanCalendar
48C14DE9-1413-46AC-A7BE-A132E52023F9,DispWebPartZoneElement
48C6ECA0-1E5E-37DD-8FFC-467113D7A868,_DebugConvert
48E61D9C-8C8D-42D3-914B-46D70C8B7A40,_EnvironmentGeneral
48F66A11-171A-419A-9525-BEEECD51584C,IDigitalCableLocator
48F8A5B1-82B4-47A3-8A7A-A097BC5E349D,IUICommand2
48FF3109-A366-4B56-B340-01FAE758BA64,_IWmiProviderAbnormalShutdown
490363CF-95D8-46B0-B119-2B3F9825F7DC,IReferenceRedirectionTableEntry
490C5B0A-F1D0-4C5D-A6AF-DB7DD11A3A90,ISetupMainWindow3
4914174C-1E60-4F44-920E-F5A567E1C884,VCCodeNamespace
49278A16-7447-11D2-ACCB-0000F87A37D8,IBindMgr
492E5541-215B-4F67-AD73-20F48614912E,IDebugSourceServerModule
49306C59-B52E-4867-9DF4-CA5841C956D0,IFaxDevice
4932ADFA-A7B7-11D0-B436-00A0244A1DD2,IThreadBank
49348954-E3A2-4A41-8C9D-D59786C20D12,ILicensingPackageProperties
49372E7F-701F-4520-801A-06ACA0E16384,ILicensingStateTools
49372E7F-701F-4520-801A-06ACA0E16385,ILicensingPackage
49440575-E33C-4169-9735-F3FD5AE54D8D,IVsSccProvider
49473E34-D4CC-49C8-BF62-79A08D2134A5,IDebugThisAdjust
494A7583-190E-3693-9EC4-DE54DC6A84A2,ICspAsymmetricAlgorithm
495388DA-21A5-4852-8BB1-ED2F29DA8D60,ITfSysHookSink
49539BFE-84DD-4B7E-8A82-B9E1C7639940,IVsCodePageSelection
49547308-7665-425C-AAF2-3C9A519C22A0,_EnvironmentEvents
4954E0D0-FBC7-11D1-8410-006008C3FBFC,IActiveScriptProperty
495C7270-EF67-4DE4-BDE9-C9B7CA3A63A8,_ISCRDatabaseControllerEvents
495E4FDF-BC93-4DAA-9365-DBFB9E3E2541,IHMEServiceDiscovery
496B0ABE-CDEE-11D3-88E8-00902754C43A,IEnumerable
496B0ABF-CDEE-11D3-88E8-00902754C43A,IEnumerator
4979EC29-C2B7-3AD6-986D-5AAF7344CC4E,_SoapPositiveInteger
498175A5-67A8-4E7D-B666-B0FB9D029B6B,IAutoExpandInNSC
4996A9CA-ED7F-456F-BA84-BA13C0E1EB98,IDSPickerDataObject
499C547F-1B31-4750-8C85-CAF73060C07F,ISCRReportPartNavigationRequestContext
49A0995B-8AC2-43A8-A91C-37DADDFB3BFA,IDebugIISResolver90
49C771F9-41B2-4CF7-9F9A-A313A8F6027E,IMSVidStreamBufferV2SourceEvent
49D0588C-6D88-479F-8780-B45E76C1F46E,IVsdProjectOutputGroup
49DB35DD-FDD9-43BA-BD3F-2BAF50F5C45E,Process4
49DD9E4B-84F3-3D6D-91FB-3FEDCEF634C7,_SHA512
49E69A2C-131A-4D06-8DCB-1F3C7F6AEDB6,IFocusHotfixBroker
49EBD502-4A96-41BD-9E3E-4C5057F4250C,IWindowsDriverUpdate3
49F46AB2-21F6-4063-BF6F-B51FF281F709,ISCRBooleanFieldFormat
49FF1172-EADC-446D-9285-156453A6431C,IActionProgressDialog
49FF1173-EADC-446D-9285-156453A6431C,IActionProgress
4A0D1C61-0B5E-44B1-83E9-D5BC9464B1AB,IQEFetchTableOptions
4A0EEC68-6521-46CF-A2A5-8B4BF0302BC6,IControlPanelGrepEnumerator
4A11E23B-3AFD-48B2-B02A-EA15E30CBB7F,ILayoutRegion
4A235D38-01A3-44FE-87CE-2A3AFB4B5EE0,IClearCancel
4A2F5C31-CFD9-410E-B7FB-29A653973A0F,IAutomaticUpdates2
4A3BCDE5-5F66-4CC8-9FA0-14275CCEE688,IEEHelperObject
4A3DF050-23BD-11D2-939F-00A0C91EEDBA,DFConstraint
4A42C4B5-5821-423D-A7D8-078809AAE4C0,IProvider
4A5AF829-CA32-4B01-AAE4-4C53D260E75C,IDebugRemoteServerFactory2
4A647EAE-7167-4A0A-9B0E-0B6F34D61E61,SVsSearchService
4A65481B-49CF-4FCB-A891-32AE435EC941,IVsOutputWindowPane2
4A669A5B-6546-4C07-B258-8C81724C5983,IVsdUserInterfaceEditorTreeViewItem
4A68BAA3-27AA-314A-BDBB-6AE9BDFC0420,IContextAttribute
4A6B0E15-2E38-11D1-9965-00C04FBBB345,IEventSubscription
4A6B0E16-2E38-11D1-9965-00C04FBBB345,IEventSubscription2
4A6CD477-BE65-488E-9528-D71BAD931380,IVsdCollection
4A753DA6-E044-4F12-A718-5D14D079A906,IOfflineFilesItem
4A791148-19E4-11D3-B86B-00C04F79F802,Help
4A7DEB90-D5F5-4763-9BE5-60126DD39E43,IVariantDictionary
4A894040-247E-4AFF-BB08-3489E9905235,IPDDomNodeExt
4A8DF970-8D9A-11CF-8827-00AA00B569F5,IDocfileAsyncConnectionPoint
4A976298-8C0D-11D3-B389-00C04F68574B,IWMPStringCollection
4AAA99AA-77B1-3CF7-85D8-D9CF69271AC6,_KeyEventArgs
4AB67927-3C86-328A-8186-F85357DD5527,_LCIDConversionAttribute
4ACB3495-05DB-381B-890A-D12F5340DCA3,_ContextProperty
4ACDA08F-21CF-45AE-A5D5-75CB63D3C4EE,IAddressEditBox
4AD6A88B-AAEB-4234-AD09-9B0E449313E0,IWMDownload
4ADEAC9B-A62B-429C-A117-9C5AACA53380,IWMMediaLibraryInternal
4AE894F1-B866-4838-AAF9-A6EDBB616027,ISCRCrossTabGridOptions
4AF886C3-7796-4C81-A174-4A87080DEE58,IVsProject2
4AFB026D-0A24-445C-8A31-A668093B3C7A,IVsdBaseEditorTreeViewItem
4AFC3636-DB01-4052-80C3-03BBCB8D3C69,IVdsServiceInitialization
4B0645AA-08EF-4CB9-ADB9-0395D6EDAD35,IDebugDocumentText2
4B09B644-3D5B-4B5F-9F75-22A5FF90453F,IVsdPersistProperties
4B106F97-3DF5-40F2-BC3C-44CB8115EBDF,IFaxActivity
4B10971E-D61D-373F-BC8D-2CCF31126215,_RemotingConfiguration
4B2BEBAA-BA1E-4479-8720-8CE19D276098,IVsProjectSpecificEditorMap
4B2E958C-0393-11D1-B1AB-00AA00BA3258,IMtsGrp
4B346BA0-2265-4846-AD95-BC77586A5E82,ISTSServerInstance
4B4939AF-61C1-378F-BDF0-68B9B3EE48E3,_ContextMenuStrip
4B51103D-513C-4773-B56A-354D0928FD04,TaskItems
4B57C85E-5100-4CAF-9301-4544B85C7945,_dispTextDocumentKeyPressEvents
4B5A7827-8DF2-45C0-8F6F-57EA1F856A9F,IComObjectConstruction2Events
4B5FC561-5983-31E4-903B-1404231B2C89,_DSASignatureFormatter
4B7272AE-1955-4BFE-98B0-780621888569,IActiveScriptSiteTraceInfo
4B7571C3-1275-3457-8FEE-9976FD3937E3,_BufferedStream
4B7A4ABB-18F6-4707-A3DF-0EBD1479939A,IVsdSpecialFolder
4B866542-1A2C-427B-9150-CDEB77221133,IVCManifestRegfreeCOMPage
4B8B1A1F-CCDB-41B6-8F2B-4B60407E3C73,MonthCalendar
4B9A0116-A30B-4031-BB2D-7188453EE034,ISCRReportPartNavigationResult
4B9A5032-4B8C-3DE6-997C-C38B4B3AF26A,_CodeStatementCollection
4B9F5C52-C15F-4DAB-9DED-2B6DB5D560EC,IWMContentIdentifier
4BA01ED4-2325-48B6-8BAA-E7E05A4A0C96,IVsdGlobalAssemblyCacheFolder
4BA9EB90-732C-11D0-8816-00A0C903B83C,ICertServerExit
4BBB60B4-5CB0-4ED6-9648-2D59EB469AB5,IExcelAdaptor
4BBFDBC5-9A57-4780-AE95-0B5CEDD02BAF,IVCRemoteDebugPageObject
4BC18A5B-DBB6-4AF5-A443-2E3F19365304,_EnvironmentTaskList
4BC490BD-FC29-4D06-ADFA-FB45D4074D32,ISettingOverrideConflictInformation
4BD2EF87-D5F1-48DE-996B-2E69CAEB47F1,IWMPNormalizer
4BD3464D-8F1A-48A0-8DC9-D49DB861F6C4,IDeviceEmulatorVirtualMachineManager
4BD5C26A-B267-4C76-9800-B5D31AC24D80,AsyncISTSServerInstanceFactory
4BEA424E-478A-46B2-9C8A-948DD780F8E5,VCNMakeTool
4BFDDEB8-130E-41D1-8E6E-670E469DC9CD,IConnectionCreatedCallback
4C195994-9BD9-488A-A9AA-B2071084F680,ISCRDateTimeFieldFormatConditionFormulas
4C1FA685-4751-4928-82DE-66943FACDDBB,ISetupFileErrors
4C3D624D-FD6B-49A3-B9B7-09CB3CD3F047,IExecAction
4C3D93E8-938D-47C6-85B1-CEFE0E9A700F,IPktXAdapter
4C4095EC-0AF1-48B2-A900-DB496765EE9E,IVsButtonBar
4C482CC2-68E9-37C6-8353-9A94BD2D7F0B,_SystemException
4C4A2835-682E-4CE1-AEBC-1E6B3A165B44,IEnumDebugModules2
4C545457-76D7-3C56-B277-6A9E86D1046F,_CodeNamespaceImportCollection
4C599243-6926-101B-9992-00000B65C6F9,IImage
4C5992A5-6926-101B-9992-00000B65C6F9,ImageEvents
4C5F0CEA-5AC9-4EA4-85E2-72E088EA75A8,IVsRegisterProjectDebugTargetProvider
4C5F0CEB-5AC9-4EA4-85E2-72E088EA75A8,IVsProjectDebugTargetProvider
4C62A9FA-2437-49CA-8EB4-5238205AFEAA,ISharePermissionList
4C691564-057C-430A-BC66-2120BFB048F7,AsyncIeAxiService
4C73F8B9-0899-3837-B30C-3476326EB78A,_ComManagedImportUtil
4C778378-93FB-42DA-A0D0-BA4329915892,IWMEncSampleControl
4C7EC6F5-BB6C-43A2-853C-80FF48B7A8A6,IDebugExpressionEvaluator3
4C81ED02-1B04-43F2-A451-69966CBCD1C2,IFunctionDiscoveryServiceProvider
4C836511-BB70-11D2-A5A7-00105A9C91C6,IXceedCompression__0400
4C896039-7B6D-49E6-A8C1-45116A98292B,IAccClientDocMgr
4C8B348E-9810-4344-9A19-9949F65A9C76,IVCClusterDebugPageObject
4C8FEC3A-C218-4E0C-B23D-629024DB91A2,IRegistrationTrigger
4C933253-83F2-35B6-961A-0780FF1BAF7C,_EventDescriptorCollection
4C963678-3A51-4B88-8531-98B90B6508F2,IXFeedFolder
4C9ADEBE-CD38-4647-A9D8-D326CB1B683F,SVsHelpPage
4CA8147E-BAA3-3A7F-92CE-A4FD7F17D8DA,_BinaryWriter
4CAC6328-B9B0-11D3-8D59-0050048384E3,ILicWizExternal
4CBDCB2D-1589-4BEB-BD1C-3E582FF0ADD0,IUpdateSearcher2
4CC8CCF5-A926-4646-B17F-B4940CAED472,Properties
4CCA29E4-584B-3CD0-AD25-855DC5799C16,_Calendar
4CCA2F0E-8CBA-4126-A2A0-AA609286A154,IWMPLocation
4CD19ADA-25A5-4A32-B3B7-347BEE5BE36B,IStartMenuPinnedList
4CD21518-1B10-4393-A7D9-8698F7DB326B,ICommandSearch
4CE66AD5-9F3C-469D-A911-B99887A7E685,IAzApplicationGroups interface
4CEA93C0-0A58-11D3-8DF0-00105A2799B5,ITfFnReconversion
4CF504B0-DE96-11D0-8B3F-00A0C911E8E5,IBandSite
4D0BC339-E3F9-3E9E-8F68-92168E6F6981,_WellKnownClientTypeEntry
4D10B48B-C531-4731-9BDE-B03C28E9C61C,IUserName
4D125449-BA27-3927-8589-3E1B34B622E5,ILogicalThreadAffinative
4D25F3C7-3138-4AC6-91AF-D7FF6929DB9F,IVsUIHierWinClipboardHelperEvents
4D399130-DA47-430C-9563-E07028EB628B,IWMPContentPartnerCallbackInternal
4D6E6284-D21D-401E-84F6-909E00B50F71,IMsmConfigurableItem
4D725739-9AA4-4006-BBBE-109CC5A9A68A,IResetUserProfileCallback
4D7DBEEF-4266-4BAF-AD17-B127FDAA8A49,DSSPanel
4D7FF4BA-1565-4EA8-94E1-6E724A46F98D,IMXWriter
4D8E14CD-5EC4-4037-9778-5C402217DB04,IModemActivationPhoneList
4DA57D2E-8EB3-41F6-A07E-98B52B88242B,IEnhancedStorageACT2
4DA6ABC4-BDCD-4317-B650-262075B93A9C,IStore2
4DAA0135-E1D1-40F1-AAA5-3CC1E53221C3,IVdsVolumePlex
4DB06329-23F4-443B-9ABD-9CF611E8AE07,IExtenderProvider
4DB066E1-93A3-496F-9AD8-D86B4AAECD68,ILCIEShowInternetSecurity
4DB2C2B7-CBC2-3185-B966-875D4625B1A8,_ArgumentException
4DB34967-D3C8-417E-9FA4-4343A9CF1CB4,IVsdMIMEEditorClient
4DB956B7-69D0-312A-AA75-44FB55FD5D4B,IContributeClientContextSink
4DBCEE9A-6343-4651-B85F-5E75D74D983C,IVdsVolumeMF2
4DD43BE1-1A09-4AE2-B954-7817146104B4,ICmiLogConfig
4DE38661-BB8F-4B9B-8D2F-425949341BBE,IVsSymbolicNavigationNotify
4DE4F0E2-9E33-491B-BDD7-D653AC0F68A4,IPrivateTestPackager
4DE671B7-7C85-37E9-AFF8-1222ABE4883E,_ResourceManager
4DE85C9D-818C-40D8-BCA1-BF23045ACB6E,IDeviceEmulatorDebuggerHaltNotificationSink
4DF7BBA0-660F-11D3-85FD-00C04F6123B3,IVsProvideComponentEnumeration
4DF99B70-E148-4432-B004-4C9EEB535A5E,IFunctionDiscovery
4DFA78AC-43C1-4DE5-8179-3C3EC9010A31,IDebugWrappedJITDebugger2
4E14FB9F-2E22-11D1-9964-00C04FBBB345,IEventSystem
4E195DB1-9E29-47FC-9CE1-DE9937D32925,IWMPDMRAVTransportService
4E1E8D93-9E55-4F64-A43D-747A520E3543,IHostDataComponentCollection
4E298C47-ABA6-459E-851B-993D6C626EAD,IBasicConstraints
4E3D2D48-3C17-457D-84A1-F209476DE897,ITfDisplayAttributeCollectionMgr
4E42424E-D013-4716-A7D3-47141B70432C,VBPackageSettings
4E4B18A8-C87A-11D7-BA5F-505054503030,IMigrationPattern
4E4B18AC-C87A-11D7-BA5F-505054503030,IMigrationIncludeInformation
4E4B18AE-C87A-11D7-BA5F-505054503030,IMigrationExcludeInformation
4E4B18B0-C87A-11D7-BA5F-505054503030,IMigrationElementInformation
4E4B18B2-C87A-11D7-BA5F-505054503030,IMigrationSupportedComponent
4E4B18B4-C87A-11D7-BA5F-505054503030,IMigrationInformation
4E4F0569-E16A-4DA1-92DE-10882A4DDD8C,TaskList
4E506848-39A0-4F04-8B96-428FB9D1B523,IGetCachedIndexAndVersion
4E530B0A-E611-4C77-A3AC-9031D022281B,IApplicationAssociationRegistration
4E5A64A0-0C8B-11D2-A484-00C04F8EFB69,ICrZigzag
4E6350D1-A08B-3DEC-9A3E-C465F9AEEC0C,_LocalBuilder
4E6B4F16-5A0C-4815-9AA2-DE231F5AAA26,IRenderingContext
4E6B6EF9-8E3D-4756-99E9-1192BAAD5496,IVsUIShell2
4E6CDCC9-FB25-4FD5-9CC5-C9F4B6559CEC,IComTrackingInfoEvents
4E76D92E-E29D-46F3-AE22-0333158109F1,IVsaGlobalItem
4E872631-4E75-496C-A4D6-CE1D5B6A90A3,IBindingRedirect
4E95244E-C6FC-3A86-8DB7-1712454DE3B6,IIdentityPermissionFactory
4E982FED-D14B-440C-B8D6-BB386453D386,IIdentityAdvise
4EA48A35-60AE-446F-8FD6-E6A8D82459F7,ITfSource
4EA8090E-D289-4D56-98CD-C48DD2853B2E,_dispCodeModelEvents
4EB5335B-6429-477D-B922-E06A28ECD8BF,IMsRdpClient5
4ECE4541-81D4-44AC-9DF6-D199EF66F904,IUIAutomationCrossBitnessHook
4ED00120-BCC7-432E-AD97-E1D77AF2E908,ISetupTextSubstitution
4ED13EF3-A971-4D19-9F51-0E1826B2DA57,IMDServiceProvider3
4ED85664-BBA2-11D2-8AD1-00C04F79E479,StackFrames
4EDA3328-FE43-413E-9433-5A989DEFBE52,ISCRTableJoin
4EDAE929-1ED1-471E-8731-20BD177DCC2B,IGameDescriptionRating
4EE5752F-403A-42C4-B6E1-088F998B764E,IRibbon
4EE61C0D-D2D5-3A50-972B-C0A957D3A541,_LinkLabel
4EE9EAD9-DA4D-43D0-9383-06B90C08B12B,IDxtAlphaSetter
4EEA50C7-78D0-47C2-B585-3B7C026CCC15,IInitializeQueryResult
4EF6100A-512C-43CC-B53F-E3B55FEB6B04,FontEvents
4EF6100A-AF88-11D0-9846-00C04FC29993,IFontEventsDisp
4EF89150-0807-11D3-8DF0-00105A2799B5,ITfPersistentPropertyLoaderACP
4F04F79D-1FF1-4DCD-802B-3D51B9356C14,ISSCERDA
4F05869A-686B-45B0-90B8-82707B9A8510,IForceShutdown
4F1C59A4-E90C-48EA-A857-F7AAE4944B93,VCCodeMacro
4F2DF574-C588-11D3-9ED0-00C04FB6E937,IWMPClosedCaption
4F3D1C70-B894-4E28-A48F-866DAF96793D,IOnlineActivation
4F445657-CD13-11D7-93CC-00065B83EE53,ITextCorrection
4F4D070B-A275-49FB-B10D-8EC26387B50D,IRendezvousApplication
4F5385F1-F9A8-4536-9920-93E8D144DBD0,IFilterHost
4F55CDA8-5E7C-473E-BE44-9437D6F91DEB,MFCDialogVariableExtender
4F664F90-FF01-11D0-8AED-00C04FD7B597,ISNMP
4F8721D7-7D59-4D8B-99F5-A77775586BD5,IMSVidStreamBufferSink3
4F894457-3E96-42C0-B923-1AFC8C69002A,IVsdProjectFile
4F8F7656-67FD-4D44-9698-99F2AF937B08,IVsdSimpleProjectOutputPlugIn
4F99A074-5227-11D2-AD06-00105A17B608,IDaemon
4F99A076-5227-11D2-AD06-00105A17B608,_IDaemonEvents
4F9B5291-E6E0-419E-A28D-09EB23E91CB3,ITIMEImportMedia
4F9F9FCB-E0F4-48EB-B7AB-FA2EA9365CB4,IHttpNegotiate2
4FAC1D43-FC51-45BB-B1B4-2B53AA562FA3,IRDPSRAPIInvitation
4FC80282-23B6-4378-9A27-CD8F17C9400C,IDynamicPortMapping
4FD0599E-FCC0-4FB1-ACED-6B6773199268,IFindInDocument
4FD67194-1002-4513-BFF2-C0DDF6258552,ITfInputProcessorProfileSubstituteLayout
4FEDAA4F-7C4E-4D4E-AC6B-86F03BB7D200,SVsHelpFirstTimeDialog
4FF1D798-ECF7-4524-AA81-1E362A0AEF3A,ISyncMgrHandlerInfo
4FF40A0F-3F3B-4D7C-A41B-4F39D7B44D05,IWindowsParentalControlsCore
4FFF24C5-5644-4A47-A48A-B74C3F1F8FC8,Reference2
5007373A-20D7-458F-9FFB-ABC900E3A831,IPDomNode
5009834F-2D6A-41CE-9E1B-17C5AFF7A782,IWICBitmapFlipRotator
501464A0-2F48-4C76-B545-48915E93CDD0,IDTSagent
501C1E21-C557-48B8-BA30-A1EAB0BC4A74,IDebugBreakpointEvent2
5021602E-2025-4299-88D2-0A92E8B41ADF,Reference3
50305597-5E0D-4FF7-B3AF-33D0D9BD52DD,ISideShowCapabilitiesCollection
503575AD-433C-11D3-8C41-00A0C9E71919,ISCRRowsetController
503575AF-433C-11D3-8C41-00A0C9E71919,_ISCRRowsetControllerEvents
503626A3-8E14-4729-9355-0FE664BD2321,IUpdateExceptionCollection
5038FC98-82FF-436D-8728-A512A57C9DC1,IWeeklyTrigger
5049A6EE-922E-42F7-9FC4-4B36BF745470,VCWebDeploymentTool
504B27AA-001F-4179-9AD0-663A37C317A9,ICheckDiskDialog
504C9F82-0F68-47F4-8F63-083E58C88412,IDropTargetFactory
504D0F15-73E2-43DF-A870-A64F40714F53,IAzNameResolver interface
504F112E-77CC-4E3C-A073-5371B31D9B36,IWMPNowPlayingHelperDispatch
50590801-D13E-4404-80C2-5CA30A4D0EE8,AddIns
505B7600-8FCC-487C-9E4F-C7FD0B5FB690,_TextDocumentKeyPressEvents
505DEFE5-AEFA-3E23-82B0-D5EB085BB840,_CompareInfo
505F1513-6B3E-4892-A272-59F8889A4D3E,IImageRecompress
507171A9-0D7B-47CA-8DF5-56B23ACDC623,IVSTOAccessor
50796786-6F52-4636-BD2B-6E4E29ADB8F0,ISetupTransferEvents2
507C37B4-CF5B-4E95-B0AF-14EB9767467E,IVssAsync
507C3AC8-3E12-4CB0-9366-653D3E050638,IGetAppTrackerData
508E71D3-EC66-4FC3-8775-B4B9ED6BA847,IMFFieldOfUseMFTUnlock
508ED8E9-923D-44ED-8165-5B96DA4E0829,IVsWindowPaneCommit
509B9955-7303-48C9-90D4-E165B974E6BA,CommandWindow
509D0E4F-A770-44C3-9185-D4F1E4813AD6,IVsGetCfgProvider
50B6A267-C4BD-450B-ADB5-759073837C9E,IWPCProviderState
50B729AD-AC3B-451F-BE03-9EA167F5D637,SVsCreateAggregateProject
50BC72DA-9633-47CB-80AC-727661FB9B9F,IViewResultRelatedItem
50C852B0-C95F-4FEE-BE00-87DC18B2661B,IEnumAccounts
50CE8A7D-9C28-4DA8-9042-CDFA7116F979,IMSVidStreamBufferSourceEvent
50D4531E-D3FC-4F3B-BA6B-8E958E0CB715,VsaFolderProperties
50EA08B0-DD1B-4664-9A50-C2F40F4BD79A,IXMLDOMSchemaCollection2
50EA08B1-DD1B-4664-9A50-C2F40F4BD79A,ISchemaStringCollection
50EA08B2-DD1B-4664-9A50-C2F40F4BD79A,ISchemaItemCollection
50EA08B3-DD1B-4664-9A50-C2F40F4BD79A,ISchemaItem
50EA08B4-DD1B-4664-9A50-C2F40F4BD79A,ISchema
50EA08B5-DD1B-4664-9A50-C2F40F4BD79A,ISchemaParticle
50EA08B6-DD1B-4664-9A50-C2F40F4BD79A,ISchemaAttribute
50EA08B7-DD1B-4664-9A50-C2F40F4BD79A,ISchemaElement
50EA08B8-DD1B-4664-9A50-C2F40F4BD79A,ISchemaType
50EA08B9-DD1B-4664-9A50-C2F40F4BD79A,ISchemaComplexType
50EA08BA-DD1B-4664-9A50-C2F40F4BD79A,ISchemaAttributeGroup
50EA08BB-DD1B-4664-9A50-C2F40F4BD79A,ISchemaModelGroup
50EA08BC-DD1B-4664-9A50-C2F40F4BD79A,ISchemaAny
50EA08BD-DD1B-4664-9A50-C2F40F4BD79A,ISchemaIdentityConstraint
50EA08BE-DD1B-4664-9A50-C2F40F4BD79A,ISchemaNotation
50F4AA22-3684-4837-AB29-9485F697A0D1,ILayoutType
50FC8D31-67AC-11D3-BD4C-00C04F6EA5AE,IWMPRegionalButtonEvents
51016709-F127-43D9-A644-6D60BBD83CB6,ILocationDescription
51017B88-1913-49AD-82BE-6BB7C417DCF2,ISigner
51068CD9-0913-4A0C-97C6-EC335248104A,ICRDesigner
511FC40D-A899-4423-A1F5-D154E0AF2387,IVssWriterCallback
51372AFD-CAE7-11CF-BE81-00AA00A2FA25,IPlaybackControl
5141D79C-7B01-37DA-B7E9-53E5A271BAF8,_SymDocumentType
51448AEC-7C3F-4FFC-9A53-1338BE79CAE4,ITipSettings
5151882E-58E1-4856-BFE8-4F17A30BE839,IVsAutoOutliningClient
5166F3D0-8F3B-4150-BC23-A5E5DE1CB1A2,IPktXFactory
516BD64E-51C0-11D3-85CF-00C04F6123B3,FileProperties
51737562-4F12-4B7A-A3A0-6E9EFE465E1E,INavigationRelatedItem
517F87FE-597A-4672-8555-6DAF1C8C788D,ISessionManager
518020A6-8D59-4C80-9AAE-015AB9DCC3DE,IVsLanguageTextOps
518A56E2-FBCE-3386-BB15-4A0F67872BDC,_DataGrid
518AB114-E3C6-4BBC-A469-99279F1A54E9,IVsContainedLanguage
518B9BAE-FE54-4200-92CA-A82F58673F81,IWMPContentProviderItem
518E5FFE-D8CE-4F7E-A5DB-B40A35419D3B,ISdoMachine2
518F00C6-2AAB-3B25-A76A-F62883781E18,_ChildAccessibleObject
51973C00-CB0C-11D0-B5C9-00A0244A0E7A,IDebugApplicationEx
51973C01-CB0C-11D0-B5C9-00A0244A0E7A,IRemoteDebugApplicationEx
51973C02-CB0C-11D0-B5C9-00A0244A0E7A,IDebugDocumentHelperEx
51973C03-CB0C-11D0-B5C9-00A0244A0E7A,ISetNextStatement
51973C09-CB0C-11D0-B5C9-00A0244A0E7A,IDebugSessionProviderEx
51973C10-CB0C-11D0-B5C9-00A0244A0E7A,IActiveScriptDebug32
51973C12-CB0C-11D0-B5C9-00A0244A0E7A,IActiveScriptErrorDebug
51973C13-CB0C-11D0-B5C9-00A0244A0E7A,IDebugCodeContext
51973C14-CB0C-11D0-B5C9-00A0244A0E7A,IDebugExpression
51973C15-CB0C-11D0-B5C9-00A0244A0E7A,IDebugExpressionContext
51973C16-CB0C-11D0-B5C9-00A0244A0E7A,IDebugExpressionCallBack
51973C17-CB0C-11D0-B5C9-00A0244A0E7A,IDebugStackFrame
51973C18-CB0C-11D0-B5C9-00A0244A0E7A,IDebugStackFrameSniffer
51973C19-CB0C-11D0-B5C9-00A0244A0E7A,IDebugStackFrameSnifferEx32
51973C1D-CB0C-11D0-B5C9-00A0244A0E7A,IEnumDebugCodeContexts
51973C1E-CB0C-11D0-B5C9-00A0244A0E7A,IEnumDebugStackFrames
51973C1F-CB0C-11D0-B5C9-00A0244A0E7A,IDebugDocumentInfo
51973C20-CB0C-11D0-B5C9-00A0244A0E7A,IDebugDocumentProvider
51973C21-CB0C-11D0-B5C9-00A0244A0E7A,IDebugDocument
51973C22-CB0C-11D0-B5C9-00A0244A0E7A,IDebugDocumentText
51973C23-CB0C-11D0-B5C9-00A0244A0E7A,IDebugDocumentTextEvents
51973C24-CB0C-11D0-B5C9-00A0244A0E7A,IDebugDocumentTextAuthor
51973C25-CB0C-11D0-B5C9-00A0244A0E7A,IDebugDocumentTextExternalAuthor
51973C26-CB0C-11D0-B5C9-00A0244A0E7A,IDebugDocumentHelper32
51973C27-CB0C-11D0-B5C9-00A0244A0E7A,IDebugDocumentHost
51973C28-CB0C-11D0-B5C9-00A0244A0E7A,IDebugDocumentContext
51973C29-CB0C-11D0-B5C9-00A0244A0E7A,IDebugSessionProvider
51973C2A-CB0C-11D0-B5C9-00A0244A0E7A,IApplicationDebugger
51973C2B-CB0C-11D0-B5C9-00A0244A0E7A,IApplicationDebuggerUI
51973C2C-CB0C-11D0-B5C9-00A0244A0E7A,IMachineDebugManager
51973C2D-CB0C-11D0-B5C9-00A0244A0E7A,IMachineDebugManagerCookie
51973C2E-CB0C-11D0-B5C9-00A0244A0E7A,IMachineDebugManagerEvents
51973C30-CB0C-11D0-B5C9-00A0244A0E7A,IRemoteDebugApplication
51973C33-CB0C-11D0-B5C9-00A0244A0E7A,IRemoteDebugApplicationEvents
51973C34-CB0C-11D0-B5C9-00A0244A0E7A,IDebugApplicationNode
51973C35-CB0C-11D0-B5C9-00A0244A0E7A,IDebugApplicationNodeEvents
51973C37-CB0C-11D0-B5C9-00A0244A0E7A,IRemoteDebugApplicationThread
51973C3A-CB0C-11D0-B5C9-00A0244A0E7A,IEnumDebugApplicationNodes
51973C3B-CB0C-11D0-B5C9-00A0244A0E7A,IEnumRemoteDebugApplications
51973C3C-CB0C-11D0-B5C9-00A0244A0E7A,IEnumRemoteDebugApplicationThreads
51973C40-CB0C-11D0-B5C9-00A0244A0E7A,IEnumDebugExpressionContexts
51973C41-CB0C-11D0-B5C9-00A0244A0E7A,IProvideExpressionContexts
51973C50-CB0C-11D0-B5C9-00A0244A0E7A,IDebugProperty
51973C51-CB0C-11D0-B5C9-00A0244A0E7A,IEnumDebugPropertyInfo
51973C52-CB0C-11D0-B5C9-00A0244A0E7A,IDebugExtendedProperty
51973C53-CB0C-11D0-B5C9-00A0244A0E7A,IEnumDebugExtendedPropertyInfo
51973C54-CB0C-11D0-B5C9-00A0244A0E7A,IPerPropertyBrowsing2
51973C55-CB0C-11D0-B5C9-00A0244A0E7A,IDebugPropertyEnumType_All
51973C56-CB0C-11D0-B5C9-00A0244A0E7A,IDebugPropertyEnumType_Locals
51973C57-CB0C-11D0-B5C9-00A0244A0E7A,IDebugPropertyEnumType_Arguments
51973C58-CB0C-11D0-B5C9-00A0244A0E7A,IDebugPropertyEnumType_LocalsPlusArgs
51973C59-CB0C-11D0-B5C9-00A0244A0E7A,IDebugPropertyEnumType_Registers
519EB857-7A2D-3A95-A2A3-8BB8ED63D41B,_ExtensibleClassFactory
51A183DB-67E0-4472-8602-3DBC730B7EF5,IBitsTest1
51A3662C-9B06-497C-942A-E80EA7DFB95E,IWMPDMCServer
51A3C204-AE11-4032-B8B2-5E7E9D628D7F,IDSPickerGenericDataObject
51A94113-8788-4A54-AE15-08B74FF922D0,IDebugExceptionEvent2
51AAB89C-2AE4-489A-90AA-A9D07285DDFC,ISCRSectionFormat
51B867E4-CD7E-4FF6-93AA-CA151E36351F,WebFileProperties
51BA926F-AAB5-3945-B8A6-C8F0F4A7D12B,_ComRegisterFunctionAttribute
51C28078-C91E-4D16-B013-9C43BFF6303E,IReportClientDocumentState
51D2C393-9B70-3551-84B5-FF5409FB3ADA,_FileLoadException
520692BC-C727-4031-8759-5810E118694A,IDDData
520CCA62-51A5-11D3-9144-00104BA11C5E,IDiscMaster
521B4726-04E9-47E7-B3A5-CD93A7F74F5B,IDebugNativePort2
5229B4ED-B260-4382-8E1A-5DF3A8A4CCC0,ITForwardInformation2
52353EA6-0E12-400C-9D75-DDD5DA72141F,ICcDatastore
523F42A5-1FD2-355D-82BF-0D67C4A0A0E7,_MarshalDirectiveException
5251D540-37D1-409B-BD72-5C36C3167344,IWMPDMCMedia
525D42EF-D7F6-412A-9D64-79E787E70E45,SVsComponentSelectorDlg2
5261B0B1-BE1B-4DD6-AC83-D5051C2D6DFB,IDebugCausalityProvider2_V7
5275B680-745C-40CF-8C63-99E0392C99E3,IGameExplorerPrivate
527832F6-5FB1-414D-86CC-5BC1DA0F4ED9,IObjectWithGITCookie
5283A230-19A5-4D8B-9B2A-431DFBA50903,ICmSHCPUMap
52958B02-BCCA-41CF-A447-D24F460B24E9,IIdentityPath
52B14A6A-58F1-45BD-B00A-DCE7403D951E,IRootAndRelativeParsingFolder
52B5179A-70AD-4009-AB92-891C67D302E3,ISCRParameterFieldRangeValue
52BBC746-9F9C-44B4-8D7C-0AAAB79BC7DC,IDynamicStorage
52CDD19E-B5BA-4342-B950-5AAC5AA0F641,ISSButtonBase
52DA9F90-89B3-35AB-907B-3562642967DE,_ServerChannelSinkStack
52DB3016-6923-49B2-A5B8-76BD627B3A85,IVsdProjectFile
52F0DAB8-99A9-4AEA-A037-42581B7009D2,SVsSmartOpenScope
52F25063-A5F1-11D2-AE04-00A02463D6E7,ICOMReplicate
52F50FAC-B245-4A81-9A02-DBF8F115389B,IVsProjectFlavorCfgOutputGroups
5303CCDE-D37A-445B-88A1-A71742F66345,IEnumToolboxItems
53081540-56EF-4B5A-BE16-8ECD2EB05F28,IVBUpgradePropertyBag
53326B4A-E949-41FA-AE2C-9293FF144A50,ISyncMgrEventCollection
5338B84E-7A26-41D6-8C61-38BFC3EC8C93,ISCRFieldLink
533A62E9-FDDD-4FEF-B7C3-BE4117773087,IDebugSymbolProviderDirect
533FAD11-FE7F-41EE-A381-8B67792CD692,IVsOutputWindow
53474C4D-6279-30C2-B4B4-005004775AB4,IVsQueryEditQuerySave3
534CDDD6-B414-49B8-B695-13D3BE5A0DC4,ISCRDataDefController
53544C4D-00F8-11D0-8E5E-00A0C911005A,IVsSccProjectEnlistmentFactory
53544C4D-01F8-11D0-8E5E-00A0C911005A,IVsSccEnlistmentPathTranslation
53544C4D-02F8-11D0-8E5E-00A0C911005A,IVsSccProjectProviderBinding
53544C4D-06F8-11D0-8E5E-00A0C911005A,IVsSccProjectEnlistmentChoice
53544C4D-0ADC-4F55-BD82-7E8383C02CFB,IVsSccVirtualFolders
53544C4D-104B-4D82-AD93-074816C1A0E5,SVsSccToolsOptions
53544C4D-1639-11D3-A60D-005004775AB1,SVsTrackProjectDocuments
53544C4D-1927-4320-B9DA-13D2CB3EA93B,SVsSccManager
53544C4D-1984-11D3-A606-005004775AB1,SVsQueryEditQuerySave
53544C4D-304B-4D82-AD93-074816C1A0E5,IVsSccToolsOptions
53544C4D-5984-11D3-A606-005004775AB1,IVsQueryEditQuerySave2
53544C4D-6639-11D3-A60D-005004775AB1,IVsTrackProjectDocuments2
53544C4D-663D-11D3-A60D-005004775AB1,IVsTrackProjectDocumentsEvents2
53544C4D-724A-46C8-8D01-6D4518CA118C,IVsSccAddWebProjectFromSourceControl
53544C4D-9097-4325-9270-754EB85A6351,IVsTrackProjectDocuments3
53544C4D-AC92-49AC-9172-603E01FA483A,IVsSccProject2
53544C4D-B927-4320-B9DA-13D2CB3EA93B,IVsSccManager2
53544C4D-BD74-4D21-A79F-2C190E38AB6F,IVsTrackProjectDocumentsEvents3
53544C4D-C1F3-4FA8-BEA7-EA1A8FECFDD9,IVsRegisterScciProvider
53544C4D-DF28-406D-81DA-96DEEB800B64,IVsSccManagerTooltip
535573DD-68B1-463F-8916-EEFF79094419,IPipStateManager
5357E238-FB12-4ACA-A930-CAB7832B84BF,IXFeedsManager
535E1379-C09E-4A54-A511-597BAB3A72B8,ISideShowCapabilities
53610480-9695-11D1-82ED-00A0C91EEDE9,ICRMClerk
5363D066-6295-3618-BE33-3F0B070B7976,_AsymmetricSignatureFormatter
53655703-5956-11D3-91AA-005004B34F28,IRSLicense2
5370AE0A-DFB2-4872-BAF6-CCF1B8E6D743,IHMEContentDirectoryBrowseResults
53796910-D224-44E8-84A4-0AD3227C5983,IWMEncPrivateProfile
537DA0EF-4C93-4FA9-8E9A-E9EC5DF40B2B,ISCRRequestContext
538684E0-BA3D-4BC0-ACA9-164AFF85C2A9,IVdsDiskPartitionMF
538A9C7B-858A-4FF1-9769-62B6D74993D9,IRenderInk
539698A0-CDCA-11CF-A5EB-00AA0047A063,IActiveScriptSiteInterruptPoll
539AF630-DFD7-48C4-AB0A-7464D3FA284B,ISDSpecData
539F2127-096A-46EF-8AC1-F20186908764,IDTSConnection
53A561F2-CBBF-3748-BFFE-2180002DB3DF,ILease
53A87FA1-CE93-48BF-958B-C6DA793C5028,AddIn
53AB8A82-8CB8-4E6E-A57B-F25C270E535A,ISCRSubreport
53B9D5C2-7703-11D3-9075-00A0C9E71419,IVLCollection
53BA0F89-24DD-46E1-A7D6-ED24C039FBC4,IVsPersistSolutionOpts
53BA3083-1378-3B7F-8CD9-34AD229CCFD9,_TransactionEndDelegate
53BAD8C1-E718-11CF-893D-00A0C9054228,ITextStream
53BCE4D4-6209-396D-BD4A-0B0A0A177DF9,_CallContext
53CDC4C5-4429-406F-9AF4-DB1FA8FDAF75,IVsdPackageStream
53CE0D11-ED77-4B62-9CC2-CF23CDA3049F,IWMPlaylistNode
53CF9B6B-3502-4323-AAB8-537BED6ED844,IVsdMsiObjectCollisionCheckClient
53DE685F-C0E3-4662-A8F3-74628C952CC6,ISetupObjectLifetime
53E037BF-3992-4282-AE34-2487B4DAE06B,IStreamBufferConfigure2
53F68191-7B2F-4F14-8E55-40B1B6E5DF66,IDebugPortSupplier2
54062B68-052A-4C25-A39F-8B63346511D4,IWMPPlayer3
5422FD3A-D4B8-4CEF-A12E-E87D4CA22E90,ICertRequestD2
54244A13-555A-4E22-896D-1B0E52F76406,IX509CertificateTemplate
542612C4-A1B8-4632-B521-DE11EA64A0B0,IMFTrustedInput
54410B83-6787-4418-9735-5AAAABE83A9A,IScopeFactory
54465C6D-E2CF-4668-BC22-88DB466DC869,IRating
5447CE90-561E-4C8E-BE70-9FD5F89BCFA7,IVsGlobalsCallback2
544A6477-BE0B-42ED-B47B-553ED8C5F22C,SourceControlBindings
544C975E-22E7-461D-8FBF-882EF1E4422B,IVCProjectConfigurationSettings
54542649-CE64-3F96-BCE5-FDE3BB22F242,_IUnknownConstantAttribute
5463076D-EC14-491F-926E-B3CEDA5E5662,IFaxAccountOutgoingArchive
547B6D26-3226-487E-8253-8AA168749434,ISBE2Crossbar
547BF8CD-F2A8-3B41-966D-98DB33DED06D,_OnSerializedAttribute
548054D5-75C5-3A72-A87B-D6F305254065,_AxHost
5486C948-AF82-4DA5-A968-97F3ADA66670,IVsSplitRoot
548793C0-9E74-11CF-9655-00A0C9034923,ITargetEmbedding
549A3DD8-D85F-3D08-87E2-49B08490008B,_Panel
54A2CB2D-9A0C-48B6-8A50-9ABB69EE2D02,IUpdateDownloadContent
54A8F188-9EBD-4795-AD16-9B4945119636,IWebBrowserEventsService
54AD5296-1684-4EFC-BD7E-570FADE6B6FE,IVsdPlugInClient
54AF934F-1923-11D3-9CA4-00C04F72C514,IVersion
54B0AFB1-E7D3-3770-BB0E-75A95E8D2656,_FirstMatchCodeGroup
54B3ABF3-F085-4181-B546-E29C403C726B,IEnumSyncMgrSyncItems
54B4AB0E-F8AF-4227-A47D-A471569C5EDC,IMSPropPageSite
54B54936-A71C-3A45-B982-2C484E7BCF86,_CodeVariableReferenceExpression
54B61A02-4823-42EC-9648-A9AE80CDA270,IDebugENC2
54C7A5E8-C3BB-4F51-AF14-E0E2C0E34C6D,IESRequestTunerEvent
54D1F9E3-7FD3-421A-AF9C-53C2D8EE5BCF,IVdsOwnershipChangeQuery
54DF358E-CF38-4010-99F1-F44B0E9000E5,IWMPSubscriptionServiceLimited
54E186E6-7190-4FC1-845C-84DDDD513672,IVsdProjectOutputGroup
54E2426B-6DE2-4240-82EF-B742ECD0A92F,ISSPanel
54ED778A-CB97-4C34-B275-76BD10220FB5,INetTrayIconNotifySink
54FBDC8C-D90F-4DAD-9695-B373097F094B,ITTAPI2
54FF2E94-25C2-49AE-A251-91D024BE7F22,IWMSmartPlaylistArgumentDesc
55087597-D38E-41CC-AB9A-82B56445F38C,IVoidDispatch
5512D111-5CC6-11CF-8D67-00AA00BDCE1D,IWHTMLSubmitButton
5512D113-5CC6-11CF-8D67-00AA00BDCE1D,IWHTMLImage
5512D115-5CC6-11CF-8D67-00AA00BDCE1D,IWHTMLReset
5512D117-5CC6-11CF-8D67-00AA00BDCE1D,IWHTMLCheckbox
5512D119-5CC6-11CF-8D67-00AA00BDCE1D,IWHTMLOption
5512D11B-5CC6-11CF-8D67-00AA00BDCE1D,IWHTMLText
5512D11D-5CC6-11CF-8D67-00AA00BDCE1D,IWHTMLHidden
5512D11F-5CC6-11CF-8D67-00AA00BDCE1D,IWHTMLPassword
5512D123-5CC6-11CF-8D67-00AA00BDCE1D,IWHTMLSelect
5512D125-5CC6-11CF-8D67-00AA00BDCE1D,IWHTMLTextArea
55136804-B2DE-11D1-B9F2-00A0C98BC547,IShellFavoritesNameSpace
55136806-B2DE-11D1-B9F2-00A0C98BC547,DShellNameSpaceEvents
551BE0C8-B498-3EF5-A015-1CBBAACF5F3C,_ClerkMonitor
551F7A57-8651-37DB-A94A-6A3CA09C0ED7,_RemotingSurrogateSelector
55272A00-42CB-11CE-8135-00AA004BB851,IPropertyBag
553A4A55-681C-440E-B109-597B9219CFB2,IHardwareDevicesEnum
55445657-CD13-11D7-93CC-00065B83EE53,AsyncITextCorrection
55455073-41B5-4E75-87B8-F13BDB291D08,IWMPContentPartner
5551030D-59AE-4F29-B1F9-D035AA682CEB,ICancelEventArgs
556137EA-8825-30BC-9D49-E47A9DB034EE,_TextWriter
55647D31-0D5A-4FA3-B4AC-2B5F9AD5AB76,IAzRoleAssignment interface
556BA9E0-BD6A-4837-89F0-C79B14759181,ITokenEnumerator
5597A5CF-8F40-4609-9027-8923AAD78BEE,IResultsFolderEx
55980BA0-35AA-11CF-B671-00AA004CD6D8,IPointerInactive
5598F93F-5C86-4CAB-987D-4F9058E0FDCE,IAllowBlockCollection
559B1911-D3AF-486E-B8BC-242B24DF0114,IShareEngine
55A4B1C2-64EE-4DBC-9BD2-194AEA477978,IEQDataEvent
55AB9450-F9C7-4305-94E8-BEF12065338D,IVsMonitorSelection
55B37EAD-FA59-459B-8C32-A805AA91B9E1,IVsdValidationManagerFireEvent
55B6903B-55FE-35E0-804F-E42A096D2EB0,_DebuggerHiddenAttribute
55B6A913-DD14-48E2-8C07-68A11C3158B0,ISCRRepositoryLogonInfo
55BF723C-9A0D-463E-B42B-B4FBC7BE3C7C,IMsmConfigurableItems
55C82F5B-97C8-49A6-8624-8417FE7339D2,ienumsadevices
55CE16BA-3014-41C1-9CEB-FADE1446AC6C,ITfInsertAtSelection
55CF8FA7-7035-4B80-80CE-51AEB5DE7CFC,ILayerStateEvents
55D3D8C8-F08C-4B31-B70D-FCC52468A5B2,IVsFontAndColorCacheManager
55DABFD3-5C9E-11D1-B791-000000000000,IFaxJobs
55DABFD5-5C9E-11D1-B791-000000000000,IFaxJob
55E1A1E1-ECAC-46E0-BDE3-1E35BC68C31C,IVsProjectFactory2
55E3EA25-55CB-4650-8887-18E8D30BB4BC,IRegistrationHelper
55E7D91B-B92E-4034-B554-58662975DFEB,IVCLocalDebugPageObject
55F88890-7708-11D1-ACEB-006008961DA5,ICommandBarButtonEvents
55F88892-7708-11D1-ACEB-006008961DA5,ICommandBarsEvents
55F88896-7708-11D1-ACEB-006008961DA5,ICommandBarComboBoxEvents
56028B02-396D-4BF4-AD8D-03494890AEE0,IItemCollectionFactory
56181D2D-E221-4ADB-B1C8-3CEE6A53F76F,IMFMetadataProvider
561C5561-51EC-42B4-A26A-49C0479B6C3E,SearchInfo
563011A2-1611-48ED-B3B1-189060064F66,IVsExpansionFunction
5632B1A4-E38A-400A-928A-D4CD63230295,IObjectCollection
563581E8-C86D-39E2-B2E8-6C23F7987A4B,IChannel
5638710C-1118-11D8-8043-505054503030,IRepositorySet
5638A13D-750A-4305-9C71-E4AACBBAAC3B,ISusInternal_V1
563B4B1A-0822-4C40-8250-EE4E5A6F75F8,IDebugRemoteServer90
563DC061-B09A-11D2-A24D-00104BD35090,IWSHController
56421139-A143-3AE9-9852-1DBDFE3D6BFA,_SortedList
5642F741-46B7-4A22-B496-F064E4C5F302,IStoreFolder2
564823F5-2479-4CDF-8255-01A8A6F28CFB,VCPostBuildEventTool
564FA275-12E1-4B5F-8316-4D79BCEF7246,IDebugPortEvents2
5664125F-4E10-4E90-98E4-E4513D955A14,IOpenServiceManager
56694A40-78D0-45DD-AB15-681BC207579C,IVsColorableItem
56696517-606E-4390-98D8-09C752041588,ISettingInformation
56699CCA-FD8D-3AD2-9643-149BAD87FD60,_CodeLabeledStatement
567154E4-4510-11D3-B7D0-00902772240B,IKeyDecoder
56844EEB-F88A-4248-93BD-E333CFC9B50B,ISetupTransferEvents3
56887418-C996-4EE6-95E2-FA03776E10B3,IAutoRetry
56988052-47DA-4A05-911A-E3D941F17145,IEnumTfLatticeElements
569C4BB1-7B82-46FC-AE28-4536DDAD753E,IDebugOutputStringEvent2
56A868B1-0AD4-11CE-B03A-0020AF0BA770,IMediaControl
56A868B2-0AD4-11CE-B03A-0020AF0BA770,IMediaPosition
56A868B3-0AD4-11CE-B03A-0020AF0BA770,IBasicAudio
56A868B4-0AD4-11CE-B03A-0020AF0BA770,IVideoWindow
56A868B5-0AD4-11CE-B03A-0020AF0BA770,IBasicVideo
56A868B6-0AD4-11CE-B03A-0020AF0BA770,IMediaEvent
56A868B9-0AD4-11CE-B03A-0020AF0BA770,IAMCollection
56A868BA-0AD4-11CE-B03A-0020AF0BA770,IFilterInfo
56A868BB-0AD4-11CE-B03A-0020AF0BA770,IRegFilterInfo
56A868BC-0AD4-11CE-B03A-0020AF0BA770,IMediaTypeInfo
56A868BD-0AD4-11CE-B03A-0020AF0BA770,IPinInfo
56B4E703-21A1-11D2-8FD6-00C04FA30000,IDebugJIT2_V7
56BC53DE-96DB-11D1-BF3F-000000000000,ISdo
56BC53E2-96DB-11D1-BF3F-000000000000,ISdoCollection
56BC6B2E-539A-42BA-B7A9-CD9A201B7657,IVsTypeLibraryWrapperBatchSupport
56C03D9C-9DBB-45F5-AB4B-D80F47C05938,IMFStreamDescriptor
56C37742-D7C7-4B33-9E9A-9DBFE24F5514,IDebugConsoleWindow
56D1E5D0-4812-4DD4-9BD4-64960F479615,ICcPackage
56D201F1-3E5D-39D9-B5DE-064710818905,_ContextCallback
56DA8B35-7FC3-45DF-8768-664147864573,IFwCplLua
56E2294F-69ED-4629-A869-AEA72C0DCC2C,IWMPCdromRip
56FCD5AF-7F17-4C5C-AA8D-AE2BB2DDBF38,ToolBox
56FDF342-FD6D-11D0-958A-006097C9A090,ITaskbarList
5703289E-CC9B-453B-9436-2402CF722DBB,IVsdFeature
571CED0F-5609-4F40-9176-547E3A72CA7C,IFaxServer2
572F2400-FB29-48AB-B3BD-EB33C0063F80,IDataMethodParameterInfo
57488A58-B72C-4349-9A7B-F3CCA098BFB4,IVsdDialogModuleGroup
5753884E-130E-429B-9B86-DA235DC1ED54,ISCRDrawingObject
575BC578-7562-44E7-986C-5B31398CF121,IVsTestLog
575BF8D0-7A9D-39EB-81F9-AA2BEBA890FA,_CodeSnippetTypeMember
5767C78F-F344-35A5-84BC-53B9EAEB68CB,_RijndaelManagedTransform
5770ECE5-4B27-11D1-BF80-00805FC147D3,ITAgent
5778E7C7-2040-330E-B47A-92974DFFCFD4,_IDispatchImplAttribute
578DD4CD-0FE4-4FA8-8363-768BB183434D,IWMEncContentAnalyzer
578E4660-E403-4E8F-9FD4-6D559F7A0EDC,IExplorerLauncher
5791BC27-CE9C-11D1-97BF-0000F81E849C,ISWbemObjectPath
579892EA-B973-4A52-845C-C9839C41DD81,IImeCandidateEntrySelectableFlag
579919D2-1B10-4584-969C-3E065BD3E22D,IPropertyProxyEESide
579E93BC-FFAB-3B8D-9181-CE9C22B51915,_StrongNameMembershipCondition
57A0E747-3863-4D20-A811-950C84F1DB9B,IFlashAccessibility
57AE3251-E161-494C-A14A-8186794554C3,IImeCandidateSourceCategory
57B6C80A-34C2-4602-BC26-66A02FC57153,IHttpNegotiate3
57B849AA-D8EF-3EA6-9538-C5B4D498C2F7,_AssemblyAlgorithmIdAttribute
57B908A8-C082-3581-8A47-6B41B86E8FDC,_AutomationProxyAttribute
57C090D5-80BC-33B8-B782-706A8D833767,_PrintPreviewDialog
57C2170C-724F-47F4-BADE-B30DE7E7963D,VCCodeMapEntry
57CA332D-7BC2-44F1-A60C-936FE8D7CE73,ITLegacyCallMediaControl2
57CC6FD2-C09A-4289-BB72-25F04142058E,IFunctionInstanceCollectionQuery
57CED8A7-3F4A-432C-9350-30F24483F74F,INamespaceWalk
57D1E476-D663-4438-AC28-9B25EB230F58,IWMPPlayerAppInternal
57DBE1A0-DE25-11D2-AFDD-00105A2799B5,ITfLangBarItemSink
57F5E77F-75C9-42A3-8DAF-579C3556A0DD,IVsConfigurationManagerDlg
57F9475C-C13A-4D71-BB27-1D293FCDB19D,IQueryResultSet
57FEB0A1-BE8A-49CC-9B90-AA5717359D44,ITabletContextP2
580ACAF8-FA1C-11D0-AD72-00C04FD8FDFF,IWbemEventProviderQuerySink
581F317E-FD9D-443F-B972-ED00467C5D40,ITfCandidateString
58233898-F5CF-4B64-AA80-7CC6F766D15B,IBackgroundCopyFilePeerFragmentEnum
583F34D0-DE25-11D2-AFDD-00105A2799B5,IEnumTfLangBarItems
58418599-6424-4149-B858-8633F83DBF1B,IVsdDeployableDeployEvent
5846D7CA-0B42-4CB9-94D3-6E5A04B24056,ICcServiceCategoryContainer
58486784-55AA-4139-BCA1-F4710B199E31,ISCRDatabaseController
58562769-ED52-42F7-8403-4963514E1F11,IActiveScriptStringCompare
585D32D1-4E9E-482A-A5DC-E2481B01E9A9,IDWORDCollection
5875BD11-6B7D-4B52-98D3-FBA017A417C6,IImePredictionToolTip
587880CB-C96A-11D3-9DD8-00902741EE80,_ISCDUndoManagerEvents
587E8C22-9802-11D1-A0A4-00805FC147D3,ITAgentHandler
588470CC-84F8-4A57-9AC4-86BCA0625FF4,IVsCodeDefView
588A085A-B795-11D1-8054-00C04FC340EE,IMessageMover
588A73BE-49FA-4C71-824B-F6074DB4D715,IVsdFileTypeEditorClient
58A17937-FD89-47A3-94E8-9DF28C1D4F4A,ISqlDebugServices2
58B5E6E3-C2D3-4D56-97EB-26DDA09323F7,CodeFolder
58CD2697-DF1F-4109-803C-C01729664E15,ISetupWindowBillBoards
58D22FB1-B626-4A5D-951F-C6D6D5AF26BE,ISCRTabStop
58D507B1-2354-11D3-BD41-00C04F6EA5AE,IWMPRegionalButtonCtrl
58D507B2-2354-11D3-BD41-00C04F6EA5AE,IWMPRegionalButton
58D879FE-5B40-46AA-AB68-D146FF6A68A0,IHCCommandCollection
58DA8D8B-9D6A-101B-AFC0-4210102A8DA7,IListView10
58DA8D8C-9D6A-101B-AFC0-4210102A8DA7,ListViewEvents
58DA8D90-9D6A-101B-AFC0-4210102A8DA7,IImageList10
58DA8D91-9D6A-101B-AFC0-4210102A8DA7,ImageListEvents
58DA8D94-9D6A-101B-AFC0-4210102A8DA7,IImages10
58DA8D95-9D6A-101B-AFC0-4210102A8DA7,IImage10
58DCF7BF-F14E-43EC-A7B2-9F78EDD06418,IVsSolution3
58DE8078-B831-4E01-B2C6-9E3AE36A469D,ICustomEventCollection
58E4D419-6B8C-4C63-92DE-70161CD95890,TaskItem
58F03D6E-F781-4E44-BD88-3BDE817CBDCD,IVsImmediateStatementCompletion2
58F36C3D-7D07-4EBA-A041-62F63E188037,IDebugActivateDocumentEvent2
59007C49-CB25-4BD5-AAD9-6943F08F4F9E,IMediaTranscoder
59172448-7B50-4099-B3AC-40DCBDB44351,ICPDEProgramNodeWrapper
59183431-BD56-33D2-A2ED-FA414ADF8DCB,_TabPage
592346B2-C79C-4D3F-885A-3DA61899EE4B,IVsIntellisenseOptions
5925316D-20B6-4FF9-A980-96482AA885DE,IUpdateNavPaneSettings
59308E66-7CDE-478A-8EBA-4D73FDCE3545,IRemoteAssistance
593BCD1B-FF79-4F82-8FCC-E4F7432677DD,IVsdCollectionSubset
59415D35-A530-4C14-AF2A-C71F8BFAE2EE,IMtsEventsPriv2
5941653B-43F8-47F6-A04F-0BD203909C0B,IVstaProjectClientInternal
5943BD7E-D722-42DB-A251-FE2ADD8711EA,IVsTextEditPerLanguage
59447635-3E26-4873-BF26-05F173B80F5E,IDebugScriptScope
595611CD-13B0-47A1-9116-5B6A4F378E8B,INavigationTarget
595D6E65-732C-4736-853F-DB64F5AA1EEC,IShareMediaCPLUpdate
5968374C-8F43-353B-8F0A-780A0A7DDB79,_DataGridView
5968D43D-D21E-437C-9C71-77C52C3E287A,IManagedViewerHost
59724DF5-76D2-11D3-9074-00A0C9E71419,IFieldRangeEditor
59724DF9-76D2-11D3-9074-00A0C9E71419,IVLField
59724DFB-76D2-11D3-9074-00A0C9E71419,IVLLink
59724DFD-76D2-11D3-9074-00A0C9E71419,ILinkEditorModel
59724DFF-76D2-11D3-9074-00A0C9E71419,IVLTable
59733B03-0EA5-358C-95B5-659FCD9AA0B4,_StringReader
59760FF8-738D-424B-ACAF-ED02D30350DD,IInfSerializer
598D7074-DC17-4162-9A2F-97DD4540C2DD,IVsTextLinesEvents
59970AF4-CD0D-44D9-AB24-52295630E582,IEnumWiaItem2
599BCD9E-CAFA-43DF-AA03-129C0004C2BD,SVsErrorList
599DD255-10C3-4DFE-B95D-F8BEDD750C89,IXMLPProcessor
599DD255-10C3-4DFE-B95D-F8BEDD750C90,IXMLPProcessor2
599F5ACE-C8C6-4FA8-AF9A-41627DB5B29D,DSSCommandEvents
599F9BBE-42E6-479F-B118-F0A2B58F8949,IVsdRegistryEditorTreeViewItem
59B25A45-2A43-4CC4-953B-36E56A402954,IPendingInputNotify
59B2D1D0-5DB0-4F9F-9609-13F0168516D6,IVsHierarchy
59C5A9AD-941B-3279-BED8-EDCC2951CADC,_ScrollBar
59C9DC99-3EFF-4FF3-B201-98ACD01B0D87,IEnumDebugPortSuppliers2
59CD1B0F-82BC-4228-898E-B3D1C8304C04,IDebugCausalityConnection2
59D6F31B-FA6B-4FBA-8AF3-197FF140C714,IItemTranslation
59F4C2A3-D3D7-4A31-B6E4-6AB3177C50B9,IServiceTransactionConfig
59F5553C-2031-4629-BB18-2645A6970947,IBackgroundCopyJob1
59F95E46-EB54-49D1-BE76-DE95458D01B0,IOfflineFilesSyncErrorInfo
59FA40B0-A81F-4455-845D-A24A7287E157,IVsdObjectChangeFireEventEx
5A04293B-855C-4BD9-8A1E-E9D10A25DCE0,VCCodeUnion
5A06F6AB-DB4C-40E8-88EE-CDBD838CB49E,_dispVSHostExtender
5A0780F8-9E6B-4BB0-BF54-87CD9627A8B4,ISigners
5A171640-E335-4B13-9945-06146D00E431,IPktXPacketXCtrl
5A19AE3A-9C96-3D7D-ADA7-D76A07404CD0,_GlobalScope
5A33C771-806E-337D-AE1F-66B523FC49BF,_CodeConstructor
5A36A745-8357-49FF-92EE-9A5BFE043496,IRoamFilters
5A3972F3-B001-4CBE-8A40-BE40DBB3514E,IDebugAutoAttachEvent
5A3DD708-20D3-4C5C-A470-44FFBB24A72D,ILCIESerializableContainer
5A494367-DF56-4062-8EDA-54E2C1FF42BC,IVsPersistHierarchyItem2
5A5EB6CC-5069-4359-A36D-94645C837EDB,ISCRNumericFieldFormatConditionFormulas
5A6046F6-7B79-435B-908E-0C252F8FFACD,ICtTuner
5A8DE087-D9D7-3BBA-92B4-FE1034A1242F,_MissingSatelliteAssemblyException
5AA5B118-B3D4-40C5-8739-231CE192850C,IVsHierarchyDropDataTarget
5AA7437E-D4D6-4BEB-B85C-0BC9C7EFE80D,IObjectWithDirtyState
5AB1D30C-094D-4C29-8EA5-0BF59BE87BF3,ITfFnShowHelp
5AB33CB2-4DF6-447E-8610-A4BB311CFAF6,IGenericCommand
5AC276DF-F3D9-47E3-AEC4-3EF013ECE84D,IVsdDynamicPropertyEventListener
5AC4CB7E-F89F-429B-926B-C7F940936BF4,ISoapUtility
5ACEB159-4442-4C84-8099-80FD11FD2CA2,_IVsMsoOleAccDispObj
5AD1B2BF-BA8B-4852-987D-7FB54A1118CB,IWMEncPrivateDataViewHook
5AD1F68D-0A40-4FD3-ABA5-2683A057E26E,IGameDescription
5AD2E416-634A-423F-A973-F7B634DC63C7,IVCWebBrowserDebugPageObject
5AD4BF92-DAAB-11D3-B38F-00105A1F473A,ISWbemRefreshableItem
5AD5CEF9-97D2-481B-84A9-C34F061716B8,IScopeResolver
5AEB602C-FB58-4645-A706-F517ABB54BC3,ISCRLineObject
5AED0BD2-5BD1-4691-A080-6A5DBDD5544C,IVsHelpFirstTimeDialog
5AEF78C6-2242-4703-BF49-44B29357A359,IEnhancedStorageSilo
5AF0BEC1-46AA-11D3-BD45-00C04F6EA5AE,IWMPEventObject
5AF5C340-0BA9-11D2-A484-00C04F8EFB69,ICrBlinds
5AFC3147-4BCC-11D1-BF80-00805FC147D3,ITAgentSession
5AFC3148-4BCC-11D1-BF80-00805FC147D3,ITACDGroup
5AFC3149-4BCC-11D1-BF80-00805FC147D3,ITQueue
5AFC314A-4BCC-11D1-BF80-00805FC147D3,ITAgentEvent
5AFC314B-4BCC-11D1-BF80-00805FC147D3,ITAgentSessionEvent
5AFC3154-4BCC-11D1-BF80-00805FC147D3,ITTAPICallCenter
5B0247CB-DA05-4F51-818C-16138B8646CE,MailMessageHeader
5B2B0655-B3FD-497D-ADEB-BD156BC8355B,IOfflineFilesPinInfo
5B360A69-212D-440D-B398-7EEFD497853A,INapSystemHealthAgentRequest
5B4933CF-BBBF-458F-983A-91540C9450CC,_IItemEditModelEvents
5B516C02-5D96-11D4-9E16-00902741EE80,IExcelOpenerObj
5B5C2541-90A2-4B29-88FC-2F0C7F808945,IVsdEditorClientServices
5B5EEC44-51AA-4210-B84F-1938B8576D8D,IDebugPortSupplier3
5B692E84-E2F1-11D2-9493-00C04F72D980,ITuningSpaceContainer
5B6BB734-FC7D-4372-A67D-0D7A212A98F7,_CommandBarButtonEvents
5B807FA1-00CD-46EE-A493-FD80AC944715,IRedirectOutput
5B8C06A0-4379-4218-A046-B1DC466E5818,IVsUIHierarchyWindow2
5B9110D4-C2AF-43B3-B6D6-4CA5A70E25BD,ICmDatastore
5B945024-DC8C-4C06-B262-E29A10AE15ED,IWMDownloadMgr
5B9D8FC8-4A71-101B-97A6-00000B65C08B,FormEvents
5BB11929-AFD1-11D2-9CB9-0000F87A369E,IADsADSystemInfo
5BC8A76B-869A-46A3-9B03-FA218A66AEBE,IMFCollection
5BD06146-171F-4C49-BD38-3BCC55EDA95A,DispDesignerDocument
5BEEF25D-6F0E-40A1-A810-6A19DA273FF9,IVsHelpSettingsEvents
5BEF6F14-89F8-3AD5-BE92-0649CFA5ABB1,_DateTimePickerAccessibleObject
5BFF4E01-D379-4050-A382-C6504A980D46,IPowrProfApi
5C045C6E-14D7-4407-8AB9-0E5689AC4CA1,ISCRTimeFieldFormat
5C0AB7EA-167D-4F59-BFB5-4693755E90CA,ITfFnGetSAPIObject
5C0E1C61-18B0-4BDF-AFA1-3737D8BEE61E,IPrivilegedJITDebuggingHost90
5C18A5FE-7150-4E66-8246-27BFB0E7BFD9,IDebugBreakpointRequest3
5C193B57-4EC0-4387-B98E-BEBF10136422,IBrowserFrame
5C197236-0965-4435-9BC3-443667A2E47D,IVsdTaskListItem
5C209F0B-BAD5-432A-9556-4699BED2638A,IInstallationJob
5C29BBE0-F87D-4C45-AA28-A70F0230FFA9,IWMPMetadataPicture
5C32008D-7940-4F6C-94A8-9FD2F8C285B1,IWMEncInputCollection
5C45B909-E820-4ACC-B894-0A013C6DA212,ILocalRegistry4
5C4C522F-DE4E-3595-9AA9-9319C86A5283,_IsolatedStoragePermissionAttribute
5C4CE0E5-BA49-4B52-AC6B-3B397B4F701F,ITfSystemLangBarItemText
5C55C432-2BC0-44CC-95EF-84F128DC99A4,IWMPPluginVideoOptimizations
5C5A0070-F396-4E37-A82A-1B767E272DF9,Process
5C60F565-4F7F-4894-A9C8-1C4CAD355F16,IRoamConflictResolution
5C67B771-43AD-4BCF-9342-E82CF8E4CBFD,IVsToolbox3
5C6FB596-4828-4ED5-B9DD-293DAD736FB5,ICorSvcBindToWorker
5C718A08-6CA1-4AE9-A9CC-7CAF009F41B1,IUpdatableItemSet
5C8600B5-6A24-4B79-93C9-31569F30F4A0,ISCRExcelViewInfo
5C861803-B3F1-4956-9BC2-7737BA72C606,AsyncIeAxiInstaller
5CB6B09C-64F5-4579-8593-7720DAB2EF8D,SVsIntellisenseProjectManager
5CBAE170-8759-3B8A-B919-E12FB86AD1F3,ITypeDescriptorContext
5CBB1F47-FBA5-33B9-9D4A-57D6E3D133D2,_SatelliteContractVersionAttribute
5CBD7FE5-5FE1-4FBC-B264-8E4113D79033,ISCRSubreportObject
5CCB1170-6527-4D88-BE3E-198F0EF5538D,IVsDropdownBarManager
5CD3C767-45DE-11D3-9333-00A0C9B82A37,ISCRFontColor
5CD52983-9449-11D2-963A-00C04F79ADF0,IResolveShellLink
5CDAD186-DE0F-4DC8-B049-640D2B3B472F,ISetupFeatures
5CE7AE60-7B66-4301-8892-90BC0B49A89B,IVsImmediateStatementCompletion
5CEA2CC7-C557-480C-B44D-04172E801C7F,IFontManagerEvents
5CEF5613-713D-11CE-80C9-00AA00611080,IPage
5CF8E3FE-674A-4E8C-8F10-2E6FC10B2F22,AsyncIStoreEventDispatcher
5D00F5B1-A357-11D1-A19C-0000F875B132,IListPad
5D0AD945-289E-45C5-A9C6-F301F0152108,IWMPPluginUIHost
5D0B6204-35DE-4A66-AB26-1E5A7B332A4A,IRecorderInternal
5D13ECE7-AA1F-400F-B65D-FA2ABD4F1CD4,SVsIntellisenseProjectHost
5D2D55F2-E545-4301-9C22-52BC694CA76C,IVsFileUpgrade
5D4B65F9-E51C-11D1-A02F-00C04FB6809F,ITCallInfoChangeEvent
5D573036-3435-3C5A-AEFF-2B8191082C71,IHashCodeProvider
5D59051F-E19D-329A-9962-FD00D552E13D,_File
5D6DC98D-CE2A-4657-A571-6F47111D615D,ISAGenericRequest
5D703587-DA7E-43C0-982C-2BA8E7ED341B,IAdvancedSettingsWriter
5D7B33F0-31CA-11CF-A98A-00AA006BC149,IADsServiceOperations
5D7E4733-AE2D-44ED-BD9A-1639F0E0D2A0,INapElevated
5D8DCC91-4641-47E7-B7C3-B74F48A6C391,ISensorEvents
5D9FCE71-04C3-395E-B972-F1205E8DE615,_CheckBoxAccessibleObject
5DA060A7-16B1-4048-9394-015CF674A1E0,ISuggestMRUWorker
5DA2A7BE-4AD1-11D3-9D85-00902741EE80,ISARequestResultSink
5DA49BE5-F317-4002-9868-30D476234D45,IVsdObjectChangeEvent
5DA62B66-0D48-11D2-A6E3-00400541EFEE,_DSvcIt
5DA62B67-0D48-11D2-A6E3-00400541EFEE,_DSvcItEvents
5DA75886-D606-4760-835A-1A3A7409E66A,ISusSearchCallback3
5DBBAF39-A3DF-30B7-AAEA-9FD11394123F,_HeaderHandler
5DC9E030-3B2E-3FB8-9691-76D1960D3E16,_ScriptObject
5DD6B79A-3AB7-49C0-AB82-6B2DA7D78D75,IDeskBandEx
5DD6F6BF-E691-4143-BAD1-0AD72B02F1A2,IWMEncNetConnectionStats2
5DD790A1-F3D8-4416-B14D-BC7A147E6BFA,ISCRSubreportRequestContext
5DE00405-F9A4-4651-B0C5-C317DEFD58B9,IInkDivider
5DE7A180-91B1-11D0-9484-00A0C91110ED,IStdDataValueDisp
5DF06DB2-C1C2-48B6-8BB6-9CD88EAC5015,ILCIEProxyControl
5DFD4B2A-7674-4110-A4E6-8A68FD5F3688,IMFMediaSinkPreroll
5E120D5E-9637-47D9-861C-92FA03683C6C,IVsUserDataEvents
5E12A0AE-639A-4493-AC9C-B1F6C0CA351E,IVsdDependencyValidationClient
5E1EAFC3-E3D7-4132-96FA-759C0F9D1E0F,IPortableDeviceDispatchFactory
5E38B83C-8CF1-11D1-BF92-0060081ED811,IEnumWIA_DEV_INFO
5E56B24F-EA01-4D61-BE44-C49B5E4EAF74,IAzOperation interface
5E5EBD86-F560-4567-B22B-0CDE0808DD61,IHostControlCollection
5E6F9EDB-3CE1-3A56-86D9-CD2DDF7A6FFF,_AppDomainInitializer
5E6FC0D9-166F-4342-8718-7CD52696761B,IObjectWithChapteredRowset
5E83400B-7B6A-4CAE-855E-CB5AF5329A24,IWMPCoreExternal
5E8383FC-3391-11D2-9A33-00C04FA36145,IEnumWiaItem
5E847B6E-E745-4F5C-A7CD-0DBADAA9273E,IReplRowChange
5E8A79A2-8188-41CD-962B-9C74E3C5D20C,ITryHarderItem
5E8CA497-BD81-40CA-8521-6F4590443B6B,ISetupObjectReboot
5E8FA523-83D4-4DBE-8199-4C18E4858725,ITabBrowserService
5E97458A-CF77-11D3-B38F-00105A1F473A,ISWbemDateTime
5E97D535-C37C-48FD-8D1E-92CB2D7D9511,ISdUniCursor
5EA8EEC4-C34B-4DE0-9B56-0E15FD8C8F80,IBrowserProgressAggregator
5EAEE12F-333C-45F6-9799-24DDC12EBEF3,IWMPDXM
5EB06BEF-4ADF-3CC1-A6F2-62F76886B13A,_SoapName
5EB2502A-8CF1-11D1-BF92-0060081ED811,IWiaDevMgr
5EBC8D33-D04E-4576-AE40-0A8631F319E6,IDataProvider
5EC5ACF2-9C02-11D0-8362-00AA003CCABD,ITCollection
5ED5346D-3E04-4427-8E29-DFAFB0BF30C6,IVsdEditorClientRequests
5EDCA4F2-1533-47B6-A090-3000CE270313,IWMEncSourceGroup
5EE46C56-1537-4CC5-8A93-A7ED4D139387,IPenServiceTablet
5EEB0D66-137A-4879-9A79-9789A2A0E442,IVsdCabBuildClient
5EFD22BA-7838-46CB-88E2-CADB14124F8F,IEnumITfCompositionView
5F0248C1-62B3-42D7-B927-029119E6AD14,IWMPSubscriptionServicePlayMedia
5F0F18BF-6AC5-48DE-8DA1-887BA728A752,IDebugEnvoy
5F10FFCE-C922-476F-AA76-DF99D5BDFA2C,ITemplate
5F1562FB-0160-3655-BAEA-B15BEF609161,_StrongNameIdentityPermission
5F19E082-26F8-3361-B338-9BACB98809A4,_GacIdentityPermissionAttribute
5F20AA40-B57A-4F34-96AB-3576F377CC79,ITfContextOwnerCompositionSink
5F2DCC26-944C-4460-AC41-CC7CA869650D,MonthCalendar
5F4AAE42-BC94-401D-9213-B8A8B9E553DE,_BuildManagerEvents
5F4B60F2-C6F6-4007-BCE2-297F1C5766B6,ISearchCatalogManagerInternal
5F894E5B-1E39-4778-8E23-9ABAD9F0E08C,IVssProviderCreateSnapshotSet
5F9CFD92-8CAD-11D3-9A7E-00C04F8EFB70,IWMPPlaylistCtrl
5FA08F80-2657-458E-AF75-46F73FA6AC5C,ISensor
5FA2AC9A-3BEF-423A-8B5E-6645811BFB6B,IVsFontAndColorDefaults
5FB3F4C4-BF51-416F-BDAE-C5E65F138EA0,IVsdFSEPrivate
5FB751EA-1020-46F8-9B86-A1EFA302F16C,ITreeNode
5FBA5051-3124-4112-B723-46BFBAF1D622,_IWmiProviderInitialize
5FBB8ED3-ECDB-412A-BFA3-3A54BEB5B2D1,IDebugWindowsComputerPort2
5FCA444C-7AD1-479D-A4EF-40566A5309D6,IWMPPluginEnable
5FCEEA4C-D49F-4ACD-B816-130A5DCD4C54,IVsEnumBufferCoordinatorSpans
5FD58C59-B50E-32BC-853E-AEAE9DF172B5,_SecurityIdentity
5FE10FB0-91A1-4E55-BAAA-ECCAE5CCEB94,Command
5FE76D1E-8C2E-4C9E-818D-F5396B7999FB,IVCWizCtlUI
600C0561-3A61-4D83-A0E3-C33022312645,ISusInstallCallback
600DCE63-7F0C-47B7-85BA-736D004271ED,DispFrontPageBotElement
6015FD18-8257-4DF3-AC42-F074DEDD4CBD,IDebugBreakpointRequest2
601CD486-04BF-3213-9EA9-06EBE4351D74,ICustomMarshaler
60200A88-FDE3-46DD-A40D-DBE413046141,ISetupShell
6029F8DC-C413-4B13-B794-5F789CE7AE78,IPublicationServicesPublisher
602D4995-B13A-429B-A66E-1935E44F4317,ITaskbarList2
602DABE0-10DD-4614-9755-CBC880925FAA,IVsdPackageMediaFile
602E3C21-72D9-11D4-AAC5-00902741F1FC,IQEBase
6032B3CD-9BED-351C-A145-9D500B0F636F,_TargetParameterCountException
603AEDF8-9575-4D30-B8CA-124D1C98EBD8,IDebugErrorBreakpointResolution2
6044634A-1733-4F99-B982-5FB12AFCE4F0,IDVBSLocator2
60479BFC-A766-4958-B9C2-CE842DC349D4,IVstaProjectHostItemCollectionInternal
6050B110-CE87-4126-A114-50AEFCFC95F8,IVssWriter
605BEFCF-39C1-45CC-A811-068FB7BE346D,IMsRdpClientSecuredSettings
606C275B-F3DB-4327-AA75-8ADA124E3A5C,_EnvironmentKeyboardProperties
607056C6-1BCA-36C8-AB87-33B202EBF0D8,_SerializationInfoEnumerator
6075496E-0DAD-4447-AD4D-99EDB723AE0C,AsyncITsfInsertion
607C3785-3CB6-45BC-A22C-24121B69D43F,IImeDocumentFeed
607C87F7-0696-4558-A368-DE5E59CFE456,IAutoListDescription
607DC483-DB93-40CF-9678-AD5861387465,ISCRSortController
608A5912-E66B-4278-B6ED-847AC9318405,IDebugPortEventsEx2
60941754-A6CD-418B-A952-91CCDECFEF51,IRecoveryStore
6098CEC8-ACC3-43AB-B309-887649497CE9,IGamesSettings
609B954B-4FB6-11D1-9971-00C04FBBB345,IEventSystemTier2
609B9555-4FB6-11D1-9971-00C04FBBB345,IEventClassTier2
609B9557-4FB6-11D1-9971-00C04FBBB345,IEventSubscriptionTier2
609C7788-BDB0-364C-92E3-FC16AC613430,_CodeCatchClause
609E123E-2C5A-44D3-8F01-0B1D9A47D1FF,IVssSoftwareSnapshotProvider
60AAAD75-CB8D-4C62-9959-24D6A6A50DE7,SolutionConfiguration
60B5A730-ADDF-4436-8CA7-5769E2D1FFA4,IVdsDrive2
60B8B604-0AED-3093-AC05-EB98FB29FC47,_WellKnownServiceTypeEntry
60BD661B-133C-4B5C-A335-4B174C5A352F,IVsLayeredTextView
60C60400-28A3-4E84-95EA-ADF0C0D3A2E2,IVsdIconPickerDialog
60CE96BB-B6F9-42DC-B84E-5E5D9C370A6F,IFrameModule
60D3C08A-C13E-4195-9AB0-8DE768090F25,ITPluggableTerminalSuperclassRegistration
60DE844B-38B1-4D87-AFE1-8CF49677D3B0,IDebugStackFrame3
60E512D4-C47B-11D2-B338-00105A1F4AAF,IWbemFilterProxy
60E90D32-38FC-4C85-B73A-D479BFCE1FA9,IWMMediaLibraryResultSet
60ECFDDA-650A-324C-B4B3-F4D75B563BB1,_WindowsImpersonationContext
60EFEAB1-5E2E-4746-AF0B-2B3F9CA43056,IFOVDataObject
60F49115-CE92-4F96-8D0A-81CCCAE4AB77,IDebugBoundBreakpoint3
60FC57B0-4A46-32A0-A5B4-B05B0DE8E781,IStackWalk
60FF4FEE-22FF-4484-ACC1-D308D9CD7EA3,_IInkPictureEvents
61023243-F1CD-438D-9466-0E91EFBB27A2,ICcTransportStream2
61059E8D-1DD2-3F4B-A4C5-D566B8968FFB,_CodeDomProvider
61116CFF-5319-440A-81CE-5D9F54A610DE,IVsFilterAddProjectItemDlg2
611F9F8A-148D-4520-A7E6-BF3C76FB53C7,IVCManifestGeneralPage
612A8625-0FB3-11CE-8747-524153480004,IToolbar10
612A8626-0FB3-11CE-8747-524153480004,IToolbarEvents
612AA885-66CF-4090-BA0A-566F5312E4CA,IATSCLocator2
613CC05D-05F4-4969-B369-5AEEF56E32D0,IDebugType
6141E84F-5AA4-4B5C-9DFB-5AECF03C2C6E,ICcTransportInit
61543DE8-8D55-421E-8BED-99751E938BCC,IGITCookieProvider
615C4269-7A48-43BD-96B7-BF6CA27D6C3E,IWindowsDriverUpdate2
615E969D-3B6B-4462-B0F8-3E78A2EF79CD,IActiveXWrapperProperties
615F1D43-8703-4565-88E2-8201D2ECD7B7,IInkTransform
615FF029-FEFA-492C-8CD2-C3F66644C3F9,IVsCommandWindowsCollection
615FF0FB-A19B-4BC8-B9AF-372EA191BA46,IVsThreadPool
6163F792-3CD6-38F1-B5F7-000B96A5082B,_AssemblyCopyrightAttribute
616CA8D6-A77A-4062-ABFD-0E471241C7AA,IFaxServerNotify2
61744FC7-85B5-4791-A9B0-272276309B13,IFileDialog2
61772DB8-2D5B-49CB-9CE8-891459921F7F,IVsNavInfo
617D2621-623D-4028-AC22-291B21826B86,IShellSearchScope
618736E0-3C3D-11CF-810C-00AA00389B71,IAccessible
619382FC-7C3F-4FFC-9A53-1338BE79CAE4,ISupportTipSettings
6193C5F6-6807-3561-A7F3-B64C80B5F00F,_UnauthorizedAccessException
6195EFC9-FA60-4236-95F7-C46C089EBCB4,DispXSLElement
61964018-A990-4080-B5B6-86DE96007099,IWMPPluginTimeConsumer
61B34381-6D7C-461D-949A-1AE178CBA00D,IVsMenuEditorSite
61CDE089-7483-42A2-AEC2-D63ED948FA4E,ISdBiDiCursor
61CECF10-FC3A-11D2-A1CD-005004602752,IWMPVideoCtrl
61D986EC-1EAC-46B6-90FF-402A008F15D1,IEnumDebugMachines2__deprecated
61D9C50C-4AAD-3539-AF82-4F36C19D77C8,IContainer
61DF9CCE-E88E-4FE2-9976-77A4F478E24B,IVsImageButton
61FECA4C-DEB4-4A7E-8D75-51F1132D615B,ISideShowEvents
62002F1B-7143-4340-9356-51B4576CB5E5,IVsTextEditFontsProperties
62112AA2-EBE4-11CF-A5FB-0020AFE7292D,DShellFolderViewEvents
6219711D-F686-43CA-AE1E-CFC8EC2A94D2,_IWMEncBasicEditEvents
62339172-DBFA-337B-8AC8-053B241E06AB,ISerializationSurrogate
62357211-57FD-4425-A9E5-9A6E0D3B731C,IVsTaskList2
623C58A2-42ED-4AD7-B69A-0F1B30A72D0D,IOfflineFilesPinInfo2
623E2881-FC0E-11D1-9A77-0000F8756A10,IDXTGradientD
623E34D5-82C1-42ED-A82C-6CA0478FFDDA,IVsCfgProvider2
6240837A-707F-3181-8E98-A36AE086766B,_MethodBase
6242BC6B-90EC-4B37-BB46-E229FD84ED95,IFunctionInstanceQuery
624BD588-9060-4109-B0B0-1ADBBCAC32DF,INATEventManager
624CD5C1-5C0F-11D3-9D99-00902741EE80,ISCRConnectionDirManager
624CD5C3-5C0F-11D3-9D99-00902741EE80,_ISCRConnectionDirManagerEvents
625B1F55-C720-41D6-9ECF-BA59F9B85F17,ISigner2
625D8035-F05C-4450-9811-98ABC2F23FF9,_EnvironmentDocumentsProperties
625E2DF8-6392-4CF0-9AD1-3CFA5F17775C,IPortableDevice
6261E4B5-572A-4142-A2F9-1FE1A0C97097,IServerWebConfig
626FC520-A41E-11CF-A731-00A0C9082637,IHTMLDocument
6274F864-406F-4D67-9028-2F30185DC751,IWorkflowEngineCreateEvent
627E8AE6-AE4C-4A69-BB63-2AD625404B77,ITMediaPlayback
628880F3-0DC6-4359-A29B-15EF9AECBD23,IInitializeProviderConfig
628D5460-B3E0-42BD-B2ED-01F2D4709F6C,IVsdManagedCollectionFireEvent
6291EF2C-36EF-4532-876A-8E132593778D,IWiaItemExtras
6292F7AD-4E19-4717-A534-8FC22BCD5CCD,ISearchCrawlScopeManager2
6295DF2A-35EE-11D1-8707-00C04FD93327,ISyncMgrEnumItems
6295DF2C-35EE-11D1-8707-00C04FD93327,ISyncMgrSynchronizeInvoke
6295DF40-35EE-11D1-8707-00C04FD93327,ISyncMgrSynchronize
6295DF41-35EE-11D1-8707-00C04FD93327,ISyncMgrSynchronizeCallback
6295DF42-35EE-11D1-8707-00C04FD93327,ISyncMgrRegister
6296C4BF-7A75-4BD1-B84C-46A3097D3ABD,IWMEncScreenCapture
62A84AEF-423D-4827-833F-7918753C0269,IVsWebProxy
62C02FFC-4C77-4158-8754-782D5B4EE66E,INapCertRelyingParty
62C4560F-BC0B-48CA-AD9D-34CB528D99A9,IOfflineFilesSuspend
62CAF4A2-6A78-3FC7-AF81-A6BBF930761F,_CustomConstantAttribute
62DC80F5-7619-4ADD-BFCD-6BF5A1AF982F,IQELinks
62E4D05A-8BB5-4926-AE03-70AC65E38D7A,SVsHelpBackgroundService
62F191AB-FEE5-4966-83C1-426D9754DFF1,IShareInfo
62F47097-95C9-11D0-835D-00AA003CCABD,ITCallStateEvent
62FA3735-BED2-43DB-ADA0-DD24E1ECE827,IVsdMsiObjectCollisionCheckPlugIn
6306E526-9E02-4696-BFF9-48338A27F8AF,IDebugCustomViewer
630B53E3-7AB7-469E-9EE1-C7B294299F3D,IVsdEditorClient
6312F983-7C1B-4080-98B1-98E463B5EC74,IBrowserWindows
63130A48-699A-42D8-BF01-C62AC3FB79F9,IAzObjectPicker interface
63153308-D4BD-4842-981D-F69096F3ADBF,ISCRAlerts
631F7D96-D993-11D2-B339-00105A1F4AAF,IWbemEventProviderSecurity
631F7D97-D993-11D2-B339-00105A1F4AAF,IWbemProviderIdentity
6332DEBF-87B5-4670-90C0-5E57B408A49E,ICustomDestinationList
63337181-F789-11CE-86F8-0020AFD8C6DB,IHTTP
63337182-F789-11CE-86F8-0020AFD8C6DB,_IHTTPEvents
63337231-F789-11CE-86F8-0020AFD8C6DB,ISMTP
63337232-F789-11CE-86F8-0020AFD8C6DB,_ISMTPEvents
63337541-F789-11CE-86F8-0020AFD8C6DB,IXMLp
63337542-F789-11CE-86F8-0020AFD8C6DB,_IXMLpEvents
63343EFC-E66A-4333-94DB-BC2B99C288EC,IVsHelpUserSettings2
633580C7-F18F-4A14-874E-4108C024ADFB,ISCRExcelExportFormatOptions
63430CA1-7554-4C36-8B0D-64A56D5826BB,ISetupRegistry
6344A5B7-EF1C-47BA-98B7-28C664427793,IGlassTerminal
635629E4-6ECE-4B9D-A302-4DF7CCD25F41,VCConfiguration
6356DAAD-6614-4583-BF7A-3AD67BBFC71C,IFaxOutgoingJob
635ACB23-4005-4F54-9C3B-A4AA38322F67,ISetupTransferEvents
638F7C54-C160-4C7B-B2D0-E0337BC61F8C,IDebugSymbolSearchEvent2
63AC7C37-C51A-3D82-8FDD-2A567039E46D,_HMACSHA1
63B9DA95-FB91-358A-B7B7-90C34AA34AB7,_SoapHexBinary
63C04B11-49C5-42D1-8C52-D933599886A4,ICcProperty
63C506DB-8207-4831-B432-467F0EA54DD0,IVsdPluginModuleManager
63CDBCB0-C1B1-11D0-9336-00A0C90DCAA9,IBindEventHandler
63CEA909-F2B9-4302-B5E1-C68E6D9AB833,ISideShowNotificationManager
63D9D30F-AE4C-4678-8CA8-5720F4FE4419,IWMPPlaylistCtrlColumn
63E53E04-D31B-3099-9F0C-C7A1C883C1D9,_AppDomainManager
63EB5C39-CA8F-498E-9A66-6DD4A27AC95B,Document
63FE9F71-D793-435E-9F80-FD4082CA1444,_WebReferencesEvents
63FFB2A6-872B-4CD3-A501-326E8FB40AF7,ITPhoneDeviceSpecificEvent
6406B9F8-8FBD-41A9-BD46-FC39272510AE,AsyncITipInputScope
642789F9-210D-4574-96FD-5A653451E216,Imports
643A4016-1B16-3CCF-AE86-9C2D9135ECB0,_ExceptionHandlingClause
643AEF8A-B946-42B4-BD98-C19E423EB679,IWMEncPersistPropertyBag
64409425-F8C9-370E-809E-3241CE804541,_RegisteredWaitHandle
6440B065-DEB8-4580-8E72-2E1E1A423F81,IQualifiedSettingName
64470659-C8B4-453B-96DA-7F66DB5A31CF,IDebugVirtualBaseClass
644EFD52-CCF9-486C-97A2-39F352570B30,INetFwAuthorizedApplications
64522E52-848B-4015-89CE-5A36F00B94FF,ISyncMgrEventLinkUIOperation
6454F7CA-478C-4932-B007-ABB100905BD4,SVsWebProxy
6463B405-D87B-4134-BBA3-C35A34A2C790,ISetupComponent3
6463F89D-23D8-46A9-8F86-C47B77CA7926,IFaxAccountFolders
646A3D72-C22E-47BC-A822-A3CAF9AB9036,IIMRequestRA
64787FF9-ECA5-4BB4-9302-5E47218E0399,ICOMReplicate2
64805F97-C543-4545-8FB8-C376EB8AB099,IWMPUIMultielement
64879421-057F-4FA8-AC32-9D348426C6E2,IRegisterActivationCallback
64961751-0835-43C0-8FFE-D57686530E64,IExplorerCommandProvider
649E2263-DC09-466F-9D66-3EB133EE8F81,IContextMenuForProgInvoke
64A1CBF0-3A1A-4461-9158-376969693950,IFileIsInUse
64B6BF8D-4913-478B-B646-6E3D2F4A19A5,V7ONLY_IDebugJITUI2
64C1024E-C3CF-4462-8078-88C2B11C46D9,IWICBitmapCodecProgressNotification
64C26BF9-C9E5-3F66-AD74-BEBAADE36214,_AssemblyTrademarkAttribute
64CA6687-B7D9-42F4-8448-FAE4EF2DB76E,ISqlInitializeDebuggingEvent
64CBD015-9D4B-4DAF-8801-68EDA90B98C5,IVsCombinedBrowseComponentSet
64DB90A5-5970-45DB-9FCE-0B8BDFA68829,IVsdBuildListener
64EEB363-190E-428F-A801-F63615E988B1,IEDataObjectWrapper
64F659C5-AF70-47F9-B751-C3245589D4F5,ISCRCustomFunctions
64F6B8C1-3DEC-4606-8C8C-651A7E26A3DE,IVsComponentEnumeratorFactory2
65074F7F-63C0-304E-AF0A-D51741CB4A8D,_Object
65303442-AD66-11D1-9D65-00C04FC30DF6,IOleCvt
653758FB-7B9A-4F1E-A471-BEEB8E9B834E,IRunningTask
653BB330-1205-4CF8-8F88-723D6E199A01,IVsOutput2
653BE2DA-BA98-41B7-8ABC-7A38B0E1C01A,IVsToolboxDataProviderRegistry
6557DD4C-9F89-45D7-83FD-FD9FA343B8B9,ISdBackupSetRecord
65589CDD-97E1-4799-8DA1-9547BBE656E6,IPimcContext
655D1685-2BFD-4F7F-AD22-5AB61C8D8798,IScope
656FF2AE-50B5-47FA-A14F-AD0262D104B4,IWMEncSourcePluginInfoManager
65725580-9B5D-11D0-9BFE-00C04FC99C8E,IXMLElementCollection
657356EF-7B91-4F24-9E81-98E1816050B8,ITsfStateManager
65887F70-C646-3A66-8697-8A3F7D8FE94D,_TransportHeaders
65994863-9F85-462C-AA59-F1FB40EF2752,__deprecated_IEnumDebugCausalInfo2
659AD78F-1608-4A89-97D3-C8D741FDD0BC,ILibraryShareEngine
659CDEA1-489E-11D9-A9CD-000D56965251,IBitsPeerCacheRecordMaintenance
659CDEA2-489E-11D9-A9CD-000D56965251,IBitsPeer
659CDEA4-489E-11D9-A9CD-000D56965251,IEnumBitsPeerCacheRecords
659CDEA5-489E-11D9-A9CD-000D56965251,IEnumBitsPeers
659CDEAA-489E-11D9-A9CD-000D56965251,IBackgroundCopyFile3
659CDEAC-489E-11D9-A9CD-000D56965251,IBackgroundCopyCallback2
659CDEAF-489E-11D9-A9CD-000D56965251,IBitsPeerCacheRecord
659DEDC3-6C85-42DB-8527-EFCB21742862,IPrivateKey
65AFE70B-8D5B-4C25-9EEC-7438E208E07B,IEnumShareInfo
65BF6534-85EA-4F64-8CF4-3D974B2AB1CF,IComObjectPool2Events
65C0B371-10A8-4C81-911C-46F8E25E3C8B,IVsdRegistryEditorTreeViewItem
65C5CF57-C443-4AD5-9EF5-8F521A4C391A,IVsSearchService2
65E43820-6144-4088-866C-EB2D89CA1D0D,IVsdFilePlugIn
65E64D1C-7FEA-4996-831E-0285AC42B91C,IVsdGhostFolder
65E8495E-5207-3248-9250-0FC849B4F096,_DESCryptoServiceProvider
6617F356-B6E9-479D-A9B4-093135B3DDF4,IAppExport2
66230816-AC33-49B5-97DB-0F6DF2A83624,SVsCodeDefView
66280096-A495-48E9-8AF4-E758FDE1FCDC,IVsSplitter
663C73A5-8715-4499-B809-43689A93086B,ITabletManagerP
663FEA43-FBEF-4859-94F5-D3FAA238D3BD,INavigationBand
665672DA-8320-4FCE-83B4-86DC3AE21B7F,IVstaProjectHostItem
6659ED14-2AB6-47F3-A890-00C8ABA43B84,ISupportVSProperties
665C9669-B9C6-3ADD-9213-099F0127C893,_NonSerializedAttribute
66638598-522B-4058-9E65-FAF237700E81,IVsEnumTaskItems
6674835C-5244-4742-815C-8C8B318AC580,IOfflineFilesSyncProgressInternal
667C7745-85B1-4C55-AE55-4E25056159FC,ISBE2StreamMap
6684AF00-0A87-11D2-A484-00C04F8EFB69,ICrStretch
66899421-F497-4503-8C9D-ADAE290F2F27,IVsComponentSelectorDlg
668C6549-DDD8-46C7-9D4C-6434A39619EA,IVsOnlineHelpData
6698EF11-FF17-441C-8C5D-BC24A339B37D,IVsColorizer
66A77728-86E1-4D18-88C5-EE0D4FD4BF60,IVsComReferenceDlgEvents
66A9CB08-4802-11D2-A561-00A0C92DBFE8,ITravelLog
66ADC510-0CA2-475D-A343-57192BCE38BF,_CodeModelEvents
66DB9803-1019-48CA-99F2-DAD69E49532C,IVsProjectFlavorReferences
66E1ADD6-48A9-4718-97F4-C43B07C2B626,VCCodeInclude
66E473D8-D99B-11D7-BA5B-505054503030,ICmiFactoryEventSource
66E473D9-D99B-11D7-BA5B-505054503030,ICmiFactoryCallback
66EE1DDE-6336-4A1E-9C99-D2864285ABA6,IVsBufferExtraFiles
67068DC0-C069-11D2-936C-D714766E8B50,IVsTextImage
671ECD53-3291-4EAB-9FB4-079E11E4E894,IIETravelLogClientWrapper
6722C730-1239-3784-AC94-C285AE5B901A,_PublisherIdentityPermissionAttribute
672B333C-077B-4F68-B4B6-C116BB1F947B,IMFBfrHandler
672F88F3-BCAC-4532-BBE5-B1540188BDA5,VCCLCompilerTool
67335DF7-77E7-4520-AEDA-F374729356FB,IVsStartPagePrivate
67341688-D606-4C73-A5D2-2E0489009319,IMsRdpClientTransportSettings2
673425BF-C082-4C7C-BDFD-569464B8E0CE,IAutomaticUpdates
67388F3F-B600-3BCF-84AA-BB2B88DD9EE2,_EntryPointNotFoundException
67389BF6-8730-46E3-B36F-78D10995776D,IVsPublishStatusCallback
673E8452-7646-11D1-B90B-00A0C9259304,IFields
673E8454-7646-11D1-B90B-00A0C9259304,IField
673F14E0-1875-42A1-90F9-647F4AD9DB92,ISensorsCPLChangeDevicePermission
67431840-C511-11CF-89A9-00A0C9054129,IDocHostObject
67532E0C-9E2F-4450-A354-035633944E17,IServiceActivity
675591AF-0508-3131-A7CC-287D265CA7D6,ISponsor
67600D5B-B0B8-4ABC-8E01-57310143CD39,IExplorerFrame
676037E3-04BA-4324-A2A5-D4508F61A706,SVsHelpOnlineF1Service
676AA6DD-238A-410D-BB99-65668D01605A,IMFTopologyNodeAttributeEditor
677AD8B5-8A0E-3C39-92FB-72FB817CF694,_GregorianCalendar
677D16F2-982E-49E6-ACDB-797991764AD8,IVsSmartOpenScope
6788FAF9-214E-4B85-BA59-266953616E09,IVdsVolumeMF3
679409C0-99F7-11D3-9FB7-00105AA620BB,IWMPPlaylistArray
679CA263-B06D-40EE-BC2F-0DD3AACECC52,IFormatForDisplayHelper
67A65088-52F3-4C47-B829-1B53A112E8DC,IVsSolutionPersistence
67A7871D-25D2-481F-BD60-C751DFB7EF87,IVsTextEditGeneralProperties
67B0078B-517E-4776-986B-7643D50990E0,IVsdMsiOutputs
67B7C65A-686B-40BD-AD56-F6BAD8A0F570,IShellNotifyAppStart
67D9795E-CEA4-45FF-A3DA-055CF78F139A,IVsEnumSyntheticRegions
67F12D67-8A3B-49E3-97EA-AEFF80728AB7,IVsdUINode
680C64B1-8DA2-4399-BF4B-E94C1E52983E,IWebSink
6811E026-B5AC-4E8A-AD35-A1E9347EF1C8,IVsdTaskListRoutingCallback
68144480-DD67-471A-98B6-418D52331634,IDSPickerGenericDataObject
681B0FFF-30B4-4578-A911-B67FB049DAFA,IVsEnumHiddenRegions
682628A0-D951-320E-97B9-39B7ED45E741,_Publish
68284FAA-6A48-11D0-8C78-00C04FD918B4,IInputObject
683130A4-2E50-11D2-98A5-00C04F8EE1C4,IComUserEvent
683130A5-2E50-11D2-98A5-00C04F8EE1C4,IComThreadEvents
683130A6-2E50-11D2-98A5-00C04F8EE1C4,IComAppEvents
683130A7-2E50-11D2-98A5-00C04F8EE1C4,IComInstanceEvents
683130A8-2E50-11D2-98A5-00C04F8EE1C4,IComTransactionEvents
683130A9-2E50-11D2-98A5-00C04F8EE1C4,IComMethodEvents
683130AA-2E50-11D2-98A5-00C04F8EE1C4,IComObjectEvents
683130AB-2E50-11D2-98A5-00C04F8EE1C4,IComResourceEvents
683130AC-2E50-11D2-98A5-00C04F8EE1C4,IComSecurityEvents
683130AD-2E50-11D2-98A5-00C04F8EE1C4,IComObjectPoolEvents
683130AE-2E50-11D2-98A5-00C04F8EE1C4,IComObjectPoolEvents2
683130AF-2E50-11D2-98A5-00C04F8EE1C4,IComObjectConstructionEvents
683130B0-2E50-11D2-98A5-00C04F8EE1C4,IComActivityEvents
683130B1-2E50-11D2-98A5-00C04F8EE1C4,IComIdentityEvents
683130B2-2E50-11D2-98A5-00C04F8EE1C4,IComQCEvents
683130B3-2E50-11D2-98A5-00C04F8EE1C4,IComExceptionEvents
683130B4-2E50-11D2-98A5-00C04F8EE1C4,ILBEvents
683130B5-2E50-11D2-98A5-00C04F8EE1C4,IComCRMEvents
683336B5-A47D-4358-96F9-875A472AE70A,_IMathInputControlEvents
6834B120-88CB-11D2-BF45-00105A2799B5,ITfPropertyStore
6844EFF4-4F86-3CA1-A1EA-AAF583A6395E,IMembershipCondition
6848F6F2-3155-4F86-B6F5-263EEEAB3143,IPortableDeviceValues
68535B33-5DC4-4086-BE26-B76F9B711006,IFaxAccount
685933F2-C1AD-4540-A15A-D3F977A81AF7,IVsDocumentLockHolder
68646716-BDA0-4046-AB82-4444BC93B84A,ICertificates
687396AE-252E-460F-8F54-EF2C521BB6D8,IEnumHierarchyItems
6876EA98-BAEC-46DB-BC20-75A76E267A3A,IFunctionDiscoveryProviderQuery
687F154D-1099-11D4-91F9-005004B34F28,IRSLicense3
688C934D-0C26-40F6-8D29-D56D72C76B48,IShareManager
688DE15A-56D8-4CA8-9CFE-9EBCA8A34FE6,ISdFileRecord
68916002-C29F-482B-8187-1A4097EFB40E,IVsdDeployableValidateFireEvent
6894C950-4D9E-4A9F-A6E7-7B77BCB6FD91,IWMPErrorBase
689F5C35-5A6D-4B80-9257-34B9655A5AA8,IVsdPackageStreamAttributes
68A04561-D0A0-3EEB-B904-462DC4EB5531,_CodeTypeReferenceCollection
68A4FDBA-A48A-4A86-A329-1B69B9B19E89,IDelayedVisibility
68AB69E4-5D68-3B51-B74D-1BEAB9F37F2B,_PrincipalPermissionAttribute
68AF66E0-31CA-11CF-A98A-00AA006BC149,IADsService
68D1395E-5B7A-404E-8766-DE7F73C35646,IMSMediaSchemaPropertyFormatHelper
68D1E7ED-7B16-4FCE-8611-78FFB1F5FB07,IVsdLocalization
68D5592B-47C8-381A-8D51-3925C16CF025,_IsolatedStorageFileStream
68DDCBB6-CA89-40A1-9B57-070B5CC2AF2A,IPublicationServicesData
68F1C6F9-7ECC-4666-A464-247FE12496C3,IUpdateDownloader
68F2BF12-A755-4E2B-9BCD-37A22587D078,IItem
68F77489-B685-4E40-B3FA-C8FD8B14785A,ISetupTextSubstitution3
68FD6F14-A7B2-36C8-A724-D01F90D73477,_X509Certificate
68FFF241-CA49-4754-A3D8-4B4127518549,ISupportPasswordMode
6909C6ED-2AF5-4A35-8EA7-E6095A3ECF9E,IVsTaskProvider
6919DD07-1637-4611-A8A7-C16FAC5B2D53,Internal_IWbemProviderInit
692E1EBF-9D60-4A56-B10F-596DC48CC230,IVsUserSettingsMigration
692E4F21-1EF2-41B1-9116-EED8DAA79E7F,IVsMonitorSelection2
6931F49A-6FC7-4C1B-B265-56793FC451B7,IOfflineFilesSyncProgress
693C09C2-2147-4BBB-9555-942C21772544,VCPlatform2
69537F58-D5B9-4F49-BFE6-63E88D9978DA,IFilePropSheetPageHelper
695386EC-AA3C-4618-A5E1-DD9A8B987632,IWMPEffects2
6962753F-EFD5-41C5-B083-D70687166AEB,_dispProjectItemsEvents
6963B029-B969-40AA-9180-2B2F84075973,_IWbemFetchRefresherMgr
696C482D-A7F6-44F3-A8C5-6874FAC6B4A9,IChangeInfoStruct
696F2367-6619-49BD-BA96-904DC2609990,IVector
6973A466-E09C-4195-9AE8-07B7AAFF7D85,_DebuggerExpressionEvaluationEvents
6981C3CD-1874-40E4-9B1F-E998171A9B7C,IWlanAdhocLUA
69874D87-016F-4AE8-AA4E-425A968DAAC4,IVsdManagedCollectionFireEvent
69904B31-5FB5-39BF-83B0-5DDFA1F26D71,_CodeConditionStatement
6991A191-8F4D-41CB-BFEA-5F5ED909FBD5,IXceedZip
699D5E17-9B22-466B-ACFA-2E12CD64E249,IVsLibraryReferenceManager
69A019F5-3E72-40E3-85ED-FDF173EE2E2D,IObjectWithViewStateInfo
69A529CD-84E3-4EE8-9918-A540CB827993,IVBCodeTypeLocation
69C7C394-905C-11D2-91AD-00C04FA37E1F,IMMCCtrlEvent
69CA4F60-CABE-47E7-BFB4-C58D042DB055,IVsdPrjPackage
69D14C80-C18E-11D0-A9CE-006097942311,IDataFilter
69D172EF-F2C4-44E1-89F7-C86231E706E9,IDebugProgram2
69D3BABA-1C3D-354C-ACFE-F19109EC3896,_HashAlgorithm
69F080F6-BA3E-4A79-97A4-0A7D2C4D224C,IVsdMsiBuildManager
6A0392E4-68E8-4FBC-AFCF-85155533E48E,IVsObjectManager2
6A2A1D82-C590-4AB1-8CC2-D95BACBBA9E0,IVsToolboxClipboardCycler
6A2E1DEA-D2FA-4C8C-AC66-AD388B018D21,IWICMetadataQueryReaderInternal
6A340DC0-0311-11D3-9D8E-00C04F72D980,IComponentType
6A36E2B7-7CF8-48B7-8D9F-D4F96FA413A8,IVssCoordinatorCallback
6A38D87C-BBA0-11D2-8AD1-00C04F79E479,Program
6A46B6A2-2D2C-3C67-AF67-AAE0175F17AE,_SoapId
6A493C17-B798-432B-A884-24EA003F5928,ISetupWizardUI
6A5D38BC-2789-3546-81A1-F10C0FB59366,IContributeObjectSink
6A631E06-3275-4CBF-8872-977271C78EF1,IImeBasicAttributes
6A638140-845B-48F4-A0E7-EEDFE86E8F34,IVsHelpPrivate2
6A67614B-6828-4FEC-AA54-6D52E8F1F2DB,IRunningTaskCollection
6A6841DF-3287-3D87-8060-CE0B4C77D2A1,IDictionary
6A8E8546-71D2-4C33-8CC8-62882F541D54,IDeviceMetadataParser
6A92B07A-D821-4682-B423-5C805022CC4D,IUpdate
6A960869-4528-4652-B101-9D44D44C2F55,IQuarPrivateShaBinding2
6A96ED84-7C73-4480-9938-BF5AF477D426,IPortableDeviceContent
6A98B73E-8C4D-11D1-BDFF-00C04FA31009,IMimeEdit
6A9D9026-0E6E-464C-B000-42ECC07DE673,IObjectWithFolderEnumMode
6AA23FB4-BBA1-11D2-8AD1-00C04F79E479,Threads
6AA2C4A0-2B53-11D4-A2A0-00104BD35090,IActiveScriptGarbageCollector
6AA73E21-0A08-4EBF-A390-826E63C42CE0,IReferenceRedirectionTable
6AB0000C-FECE-4D1F-A2AC-A9573530656E,IMFVideoProcessor
6AB0BB67-4A4B-32F9-A18A-6481916C946F,_MdiClient
6ABC136A-C3CA-4384-8171-CB2B1E59B8DC,IAutomaticUpdatesSettings2
6AD0BF74-47C8-4515-88B6-65A90C72E7FF,ISimpleIdentity
6ADC653E-D5B9-422A-991A-A2B0119CEDAC,IAttributes
6AE27784-B62B-4701-861C-6557E3D740E3,IPimcSurrogate
6AEBC7C5-323B-485E-8E25-FA49E68B72DF,IBandwidthEstimation
6AF6E03F-D664-4EF4-9626-F7E0ED36755E,ISearchBoxInfo
6B0C8632-6F01-4E54-9645-FFE82A2F4FE9,IPersistXMLFragment
6B25ED7D-E462-4BBA-B181-81D9F73FCD72,SVsRegisterDebugTargetProvider
6B2C0BC4-DDB7-38EA-8A86-F0B59E192816,_AssemblyDescriptionAttribute
6B353825-C58B-4F03-AEC4-8DE179122661,IFrameShellViewClient
6B3F9834-1725-38C5-955E-20F051D067BD,_CriticalFinalizerObject
6B3FC272-BF37-4968-933A-6DF9222A2607,_IWmiProviderConfiguration
6B43107C-2F22-4910-B2B7-BA27D4875923,IWMPPlaylistExternal
6B550945-018F-11D3-B14A-00C04F79FAA6,IWMPGraphEventHandler
6B56106F-BD51-11D2-9238-00A02448799A,IDebugENCInfo2
6B581311-95BA-11D5-B854-00902772056D,IQEQueryOptions
6B581313-95BA-11D5-B854-00902772056D,IQEQueryModifications
6B5A28F3-47F1-4092-B168-60CABEC08F1C,IMSVidGenericSink2
6B5A8AB6-597D-4398-AC63-1036EF546348,IQualifiers
6B6391EE-842F-3E9A-8EEE-F13325E10996,_ClassInterfaceAttribute
6B657501-B6AB-45B4-9344-2F86E4834886,IRowsetFindIndices
6B6F0B32-B88B-40F8-A8FE-97438C5BDBEF,IVsTextViewFilter
6B7D8D73-B267-4F69-B32E-1CA321CE4F45,ITfStatusSink
6B7E6390-850A-101B-AFC0-4210102A8DA7,IStatusBar10
6B7E6391-850A-101B-AFC0-4210102A8DA7,IStatusBarEvents
6B7F1601-F6BC-4F1F-B829-70898DB4262D,_IWebClass
6B80E96F-55E2-45AA-B754-0C23C8E7D5C1,IESCloseMmiEvent
6B8E6B8A-7F56-11D7-B569-505054503030,ICmiSecurityInformation
6B8E6B8C-7F56-11D7-B569-505054503030,ISecurityDescriptorDefinition
6B8E6B8E-7F56-11D7-B569-505054503030,ISecurityDescriptorReference
6B8E6B90-7F56-11D7-B569-505054503030,ITrustee
6B8E6B91-7F56-11D7-B569-505054503030,IGenericTrustee
6B8E6B93-7F56-11D7-B569-505054503030,IGroupTrustee
6B8E6B95-7F56-11D7-B569-505054503030,IDomainTrustee
6B90D260-E363-4E8A-AE51-BD19C493416D,IVsAddProjectItemDlg2
6B976285-3692-11D0-9B8A-0000C0F04C96,ISSDataObjectFiles
6B976287-3692-11D0-9B8A-0000C0F04C96,ISSDataObject
6BA6EA7A-C9FC-3E73-82EC-18F29D83EEFD,_HashMembershipCondition
6BA96B42-7FDD-3223-BF52-7FE677B92815,IServiceContainer
6BB6A944-7352-4327-AB91-D92607B25656,iaudiodither
6BBB7DEE-186F-3D51-9486-BE0A71E915CE,_IsolatedStorageFile
6BC096A9-0CE6-11D1-BAAE-00C04FC2E20D,IRequestSource
6BC096AA-0CE6-11D1-BAAE-00C04FC2E20D,IRequestHandler
6BC096B4-0CE6-11D1-BAAE-00C04FC2E20D,IIasComponent
6BC096C0-0CE6-11D1-BAAE-00C04FC2E20D,IDataStoreObject
6BC096C1-0CE6-11D1-BAAE-00C04FC2E20D,IDataStoreContainer
6BC096C2-0CE6-11D1-BAAE-00C04FC2E20D,IDataStore2
6BC096C3-0CE6-11D1-BAAE-00C04FC2E20D,IDataStoreInfo
6BC096C9-0CE6-11D1-BAAE-00C04FC2E20D,IDataStoreProperty
6BC098A1-0CE6-11D1-BAAE-00C04FC2E20D,ICondition
6BC098A2-0CE6-11D1-BAAE-00C04FC2E20D,IConditionText
6BC63938-8254-4965-9680-565933185060,IResultShape
6BC8C372-C6F0-4BE6-B255-827AC190BF71,_TaskListEventsRoot
6BDD5C1E-2810-4159-94BC-05511AE8549B,IMSVidVideoRenderer2
6BEBFB82-D226-43B8-A80F-C63BDA8A78DB,IWcsPlugInService
6BEEDF4B-B688-3C0D-8B16-D53290790DFB,_UserControl
6BF52A4F-394A-11D3-B153-00C04F79FAA6,IWMPPlayer
6BF52A51-394A-11D3-B153-00C04F79FAA6,_WMPOCXEvents
6BFBEDF7-EB3D-480D-8B17-F44BFD4FCC49,IVsdPlugInType
6C03E4FE-05DB-4DDA-9E3C-06233A6D5D65,IWMDMDevice3
6C097461-52CA-445F-9BD2-F54E000F5E3D,AsyncITsfStateSink
6C09D9B6-4E39-4E5A-B1CD-19F2E7795287,IVsdExternalPersistenceClient
6C16186C-D0A6-400C-80F4-D26986A0E734,IWiaAppErrorHandler
6C19BE32-7500-11D1-AD94-00C04FD8FDFF,IWbemMetaData
6C19BE34-7500-11D1-AD94-00C04FD8FDFF,IWbemFilterStub
6C29B41D-455B-4C33-963A-0D28E5E555EA,IMSVidGenericSink
6C3A3E1D-0BA6-4036-B76F-D0404DB816C9,IServiceTrackerConfig
6C42BAF9-1893-34FC-B3AF-06931E9B34A3,_WindowsPrincipal
6C497D62-8919-413C-82DB-E935FB3EC584,IWMPPlayer4
6C51B910-900B-11D0-9484-00A0C91110ED,IStdDataFormatDisp
6C62F743-D2D3-46B3-BFBC-F04B54EE3F79,IVsIntellisenseProjectHost
6C62FC7B-2690-483F-9D44-0A20CB35577C,ISCPSecureExchange2
6C669867-97ED-4A67-9706-1C5529D2A414,IMDSPStorage3
6C6D65DC-AFD1-11D2-9CB9-0000F87A369E,IADsWinNTSystemInfo
6C7072C3-3AC4-408F-A680-FC5A2F96903E,IEnumDebugPropertyInfo2
6C736DC1-AB0D-11D0-A2AD-00A0C90F27E8,ISystemDebugEventFire
6C736DEE-AB0E-11D0-A2AD-00A0C90F27E8,ISystemDebugEventFireAuto
6C7DB9E8-79FD-477B-BFE8-28BA90CC3494,IControlWrapHelper
6C8F231D-BC94-474E-95DA-656B8F877AF4,AsyncIOfflineFilesService
6C935649-30A6-4211-8687-C4C83E5FE1C7,IApplicationControl2
6C993A23-CEA9-4913-A063-FB107621727A,IBackgroundCopyFilePeerCastDebug
6CA38BE5-FBBB-4800-95A1-A438865EB0D4,IIsoImageManager
6CA60D7E-E98D-4C2D-B25E-D4B7CF394185,IMFGetMultipleServiceProviders
6CAA67CF-43AE-4184-AAAB-0200DDF6B240,SelectedItems
6CB95A6A-88B6-4DC4-B3EA-3A776D1E8EFF,IFileSaveDialogPrivate
6CBA0075-1287-407D-9B77-CF0E030435CC,IWiaItem2
6CC25DCD-138E-4048-9C5F-F84C3558668F,ISystemCPLUpdate
6CC5F000-B0D0-406C-87FA-CB98F5FCA492,IVsdCollection
6CD3861F-A4A4-4E32-8307-8B1630EF6BC4,IWMEncDeviceControl
6CD4FB40-F954-44E0-B8A5-A614481E0831,IEnumDebugFrameInfoFilter2
6CDA2DC7-9013-4522-9970-2A9DD9EAD5A3,IXFeedItem2
6CF1C077-C974-38E1-90A4-976E4835E165,_AssemblyDelaySignAttribute
6CF881A5-F6BC-4F1F-B829-70898DB4262D,DWebItemEvents
6D07112F-B30D-47B4-B5CE-45B26C29205A,IDebugProgramEnhancedStep90
6D10BA00-9465-4F93-8B1D-11E36EE1FF65,IVsCmdNameMapping
6D2FD252-75C5-4F66-90BA-2A7D8CC3039F,IComHandlerAction
6D3B1E26-FBAF-11D4-9E4B-00902741EE80,ISReportAppSession
6D43DF59-7EA8-300F-ACB2-760A070CFCF2,_PropertyValueChangedEventArgs
6D4B6ADB-B9FA-3809-B5EA-FA57B56C546F,_CannotUnloadAppDomainException
6D5140C1-7436-11CE-8034-00AA006009FA,IServiceProvider
6D54E42C-4625-4359-A6F7-631999107E05,ITPluggableTerminalSuperclassInfo
6D5E9074-62EF-4F05-902A-46ECDFF1EF68,IScriptedDiagnosticExecution
6D67E846-5B9C-4DB8-9CBC-DDE12F4254F1,ITrayDeskBand
6D6CF803-1EC0-4C8D-B3CA-F18E27282074,IWMPVideoRenderConfig
6D737E5E-89F2-4226-9C9B-F4304FB17973,DispInputButtonElement
6D75F800-DB1D-4672-A2A4-86B8B2E463E6,IWMPContentProvider
6D8FF8D1-730D-11D4-BF42-00B0D0118B56,IUPnPEventingManager
6D8FF8D3-730D-11D4-BF42-00B0D0118B56,IUPnPContainer
6D8FF8D4-730D-11D4-BF42-00B0D0118B56,IUPnPContainerManager
6D8FF8D5-730D-11D4-BF42-00B0D0118B56,IUPnPDynamicContentProvider
6D8FF8D6-730D-11D4-BF42-00B0D0118B56,IUPnPDynamicContentSource
6D8FF8D7-730D-11D4-BF42-00B0D0118B56,IUPnPDescriptionManager
6D8FF8D9-730D-11D4-BF42-00B0D0118B56,IUPnPDevicePersistenceManager
6D8FF8DA-730D-11D4-BF42-00B0D0118B56,IUPnPRegistrarLookup
6D8FF8DB-730D-11D4-BF42-00B0D0118B56,IUPnPRegistrarPrivate
6D8FF8DE-730D-11D4-BF42-00B0D0118B56,IUPnPRegistrarICSSupport
6D8FF8E4-730D-11D4-BF42-00B0D0118B56,IUPnPValidationManager
6D94B6F3-DA91-3C2F-B876-083769667468,IClientFormatterSinkProvider
6D959F73-BCED-11D1-9B99-00600892581F,ICommonUserInterface
6DAC21B6-E2CE-45B1-AEB7-AFEA6ADA2977,IConvertToSidString
6DB2317D-3B23-41EC-BA4B-701F407EAF3A,IMSVidXDSEvent
6DB525BE-1278-11D1-9BD4-00C04FB683FA,ICertEncodeBitString
6DB89131-7B4C-4E1C-8B01-5D312C9C7388,IBrowserWithActivationNotification
6DB97DDE-796C-4ABA-8929-B6699841B011,ISetupScriptEngine3
6DCBC5A7-37BF-461C-958F-A81DA10D242E,VSProjectEvents2
6DCE2A17-9D30-42F3-90F5-862FC8625875,ISusInternal_V4
6DDD8DC3-32B2-4BF1-A1E1-B6DA40526D1E,IVsHierarchyEvents
6DE1230E-1F52-3779-9619-F5184103466C,_SurrogateSelector
6DE3E607-1E2C-4F56-B4A6-BCAF63A0BB9F,IVsPreviewChangesEngine
6DF0A586-6372-4375-9F7D-47A7D3451338,ISASetDataSourceRequest
6DF93530-D276-31D9-8573-346778C650AF,_Path
6DFC60FB-F2E9-459B-BEB5-288F1A7C7D54,ISortColumnArray
6DFE759A-CB8B-4CA0-A973-1D04E0BF0B53,IDebugVsaScriptCodeItem
6E0F9881-42A8-4F2A-97F8-8AF4E026D92D,IInitializeNetworkFolder
6E1B5150-DB62-11D0-A0D8-0080C7E7B78D,IPanel
6E215EF3-E44C-44D1-B7BA-B2401F7DC23D,IDebugPendingBreakpoint2
6E259649-3F86-37BF-A1AD-3C934923125B,_SoapUtility
6E26E776-04F0-495D-80E4-3330352E3169,IAccPropServices
6E280899-E6C6-49D0-A524-540531314EA2,IInkWatsonContributor
6E2B250A-F1A7-46BE-B2D1-38A762A2BFF7,IMFNetEventHandler
6E3F2D79-4E07-48C4-8208-D8C2E5AF4A99,IPortableDeviceValuesCollection
6E42F36E-1DD2-43C4-9F78-69D25AE39034,IDVBCLocator
6E576DC2-4BA0-4351-95C0-8836295DCEA6,ILinkItem
6E67BCC1-D776-44BB-9DC8-C09F542C3CB6,IAcroIEHlprObj
6E6E8185-56E8-4EC6-B311-A000E395A205,IBitsPeerDebug
6E6F6B40-977C-4069-BDDD-AC710059F8C0,IVdsAdvancedDisk
6E70ED5F-0439-38CE-83BB-860F1421F29F,IObjectReference
6E7781F4-E0F2-4239-B976-A01ABAB52930,IEnhancedStorageACT
6E796D86-376C-46FE-8381-43982EDD00FE,ITSNotifySink
6E803FC2-A423-11D2-B943-00C04F79D22F,IComponentRegistrarControl
6E814F1F-C349-3766-B55D-87C9B0232B20,_CodeTypeParameterCollection
6E96AA70-9FFB-399D-96BF-A68436095C54,_AppDomainUnloadedException
6EA00553-9439-4D5A-B1E6-DC15A54DA8B2,IMsoDisplayUnitLabel
6EB22870-8A19-11D0-81B6-00A0C9231C29,ICatalog
6EB22871-8A19-11D0-81B6-00A0C9231C29,ICatalogObject
6EB22872-8A19-11D0-81B6-00A0C9231C29,ICatalogCollection
6EB22873-8A19-11D0-81B6-00A0C9231C29,IComponentUtil
6EB22874-8A19-11D0-81B6-00A0C9231C29,IPackageUtil
6EB22875-8A19-11D0-81B6-00A0C9231C29,IRemoteComponentUtil
6EB22876-8A19-11D0-81B6-00A0C9231C29,IRoleAssociationUtil
6EBE7C8B-99E2-4914-B8BF-DB37CDE51F88,IVCPostBuildEventPage
6EC0C578-4CCB-4D75-917D-FFD9C587BCB6,Deprecated_IPrivateCallbackProxy_V8Beta2
6EC16988-1346-47ED-ACEA-6B94578357E3,IOfflineFilesSettingInit
6ED4E844-A0AF-4D6F-B108-8E655785BC88,IVsCallBrowser
6ED9A1CD-E8FD-460A-8690-DD6E5E44B02D,IVsQueryUndoManager
6EE3853E-DDEF-3F29-8F1B-1ED7180D9229,_ToolStripContentPanel
6EEC6232-AE27-464F-9425-D74B63A090A7,ISSOptionBase
6EEF3D0D-305A-3DF4-9830-8C2B40E1C4BF,IDesigner
6EF07F29-F9B8-4DA4-B59E-13DEA060AD60,ICmstpLua
6EF2A660-47C0-4666-B13D-CBB717F2FA2C,IMFMediaSink
6EFC2DA2-B38C-457E-9ABB-ED2D189B8C38,View
6F030D25-0890-480F-9775-1F7E40AB5B8E,IWMPControls2
6F039DCF-FA4B-4453-9D95-5DE6E9F8C1AA,VCCodeIDLImportLib
6F09E34B-2127-4152-ABE7-0785254561A6,IVsdMergeModulePlugIn
6F10711F-729B-41E5-93B8-F21D0F818DF1,IStaticPortMapping
6F1A544C-E69E-4A52-9EA1-25C897B05BEF,IEEAssemblyRefResolveComparer
6F1F8AAE-D667-39CC-98FA-722BEBBBEAC3,_IsolatedStorageFilePermissionAttribute
6F20C263-AF67-380F-A482-9A21F7599748,_CodeCompileUnit
6F220D4B-C9B6-4F3F-8114-2EAEDD62B01F,IImePropertyDialogLaunchRequest
6F225D93-9318-11D4-9223-005004B34F28,IRSLicense4
6F2B8556-0DBC-41A9-8C10-E7FCAEC4DBBE,IMFTransformFieldOfUse
6F2D40E5-4BA4-4E76-AFFF-A1D9E0C4941C,ICaretUpdate
6F3923AE-6495-4A78-9CB1-494B7397C388,ICcCollection
6F439BA7-0B57-41BA-8147-311D90A39C33,IViewPropertyInfo
6F5CFDA4-47D3-4A90-A882-14427237BCEE,IDebugExceptionCallback2
6F6C3482-8900-36EA-B621-943534E82C73,_CodeDelegateInvokeExpression
6F77C993-D2B1-446E-853E-5912EFC8A286,ITfPreservedKeyNotifySink
6F79D558-3E96-4549-A1D1-7D75D2288814,IPropertyDescription
6F7A7383-2ABE-39D6-85F6-7117ED41979C,_ToolStripAccessibleObject
6F81EA95-074E-48D4-AA96-62197E0AE96F,IForceShutdown
6F8A98E4-AAA0-4F15-8C5B-07E0DF0A3DD8,ITfMenu
6F971E04-B06A-3DD0-B6F5-622826693454,_AttributeCollection
6FA61A54-9D29-4997-8BC5-B9D804EC62B9,V7ONLY_IDebugRPCJIT2
6FBCB271-B391-4F80-B560-45E650DEF0A7,IVsMenuEditor
6FC6A958-B2E7-441B-823C-10EA30B24EEC,IVsPropertyPage2
6FCAE13D-E492-4584-9C21-D2C052A2A33A,IWMPTheme
6FCEE2D3-6D90-4F91-80E2-A5C7CAACA9D8,IVdsSubSystem
6FE2B64C-5012-4B88-BB9D-7CE4F45E3751,IConnectionFactory
6FE450DC-AD32-48D4-A366-01EE7E0B1374,ICertificate2
6FE6894A-2A53-3FB6-A06E-348F9BDAD23B,_SiteIdentityPermissionAttribute
7022E7A5-EF33-4941-9D3D-16664255D7C2,ISrDrvWuHelper
7027212F-EE9A-4A7C-8B67-F023714CDAFF,IMSVidWebDVD2
7031886B-61D2-4CB5-B909-00386090733B,IDebugPropertySafetyWrapper
7034B69A-1077-4A22-A4E2-E550412599E7,ISCREnterpriseSessionManager
7041AE26-2D78-11D2-888A-00A0C981B015,IMsmGetFiles
70528852-2F26-4AEA-8C96-215150578932,ITfDisplayAttributeInfo
7059D403-599A-4264-8140-641EB8AE1F64,ICrBlinds2
706038DC-9F4B-4E45-88E2-5EB7D665B815,IProperty
70629033-E363-4A28-A567-0DB78006E6D7,IEnumShellItems
70658126-6198-11D3-916F-00902741EE7C,ISCRStorage
70681EA0-E7BF-4291-9FB1-FE550482AB88,IStiLockMgr
70758CA4-91F8-46AD-80A7-73BC21BAE68B,VSWebSite
7076050A-A47C-426B-B709-D73AD8087D13,ISCRCompositeCursor
70841C6F-067D-11D0-95D8-00A02463AB28,IScriptModuleCollection
70841C70-067D-11D0-95D8-00A02463AB28,IScriptModule
70841C71-067D-11D0-95D8-00A02463AB28,IScriptProcedureCollection
70841C73-067D-11D0-95D8-00A02463AB28,IScriptProcedure
70841C78-067D-11D0-95D8-00A02463AB28,IScriptError
708FBF70-B520-416B-B06C-2C41AB44F8BA,ITfEditTransactionSink
7090ED49-E141-11D1-B586-00E0290E6C31,IMarshal3
7093F11C-0226-42CF-AD30-0691001949F4,Archiver
70975EBE-8920-4DE3-9ECC-05B3A9294ABA,VCPreBuildEventTool
709A7BE5-63F9-4568-A1EE-2F4C4A38978E,IScopeDialog
709D476B-6346-4085-AECA-21229553D396,IRoamWizard
709DDB35-61F5-4AF4-BF2A-191F99FF3F45,IVsdDeployableType
70AED194-6CFA-4BA3-8E63-D32A3573A171,IVixHandle
70B31271-BC47-4EB8-8074-67D06378D691,IVSTOContainerControl
70B6DC26-1BEF-41EC-83D4-90B64CB9B14D,VCFilter
70C8E441-C7ED-11D1-82FB-00A0C91EEDE9,ICrmMonitorLogRecords
70C8E442-C7ED-11D1-82FB-00A0C91EEDE9,ICrmMonitorClerks
70C8E443-C7ED-11D1-82FB-00A0C91EEDE9,ICrmMonitor
70CDBFFE-43A8-11D4-9E0D-00902741EE80,ISAValueGridControl
70CDC001-43A8-11D4-9E0D-00902741EE80,_ISAValueGridControlEvents
70CF5C82-8642-42BB-9DBC-0CFD263C6C4F,IWindowsDriverUpdate5
70D2DC1E-4DCC-4786-A072-9A3B600C216B,IEnumDebugPendingBreakpoints2
70E1217C-C617-4CFD-BD8A-69CA2043E70B,IWMPEditCtrl
70E643E2-1673-4764-8A39-63CB1AEE0DC9,IVsToolbox
7105D70B-EA6B-443D-9833-F0A2A544FDCE,IVsdLaunchCondition
7112FA5F-7571-435A-8EB7-195C7C1429BC,IOfflineFilesErrorInfo
71172040-261B-4DDF-B470-7F40DA6CB242,IVsdFolderPickerDialog
711B2CFD-93D1-422B-BDF4-69BE923F2449,IShellFolder3
711EB3CB-F9AA-4CFD-91AA-B4853F33B496,IVsdRegistryEditor
71233FA0-8B30-45BB-8275-D4106DF98734,IViewStateInfo
7145ED66-4730-4FDB-8A53-FDE7508D3E5E,IMSVidVideoRendererEvent2
714FFF37-5CDC-424A-BCB4-CA50800524F1,IVsEditorGoBackLocations
715C98B7-05FB-4A1A-86C8-FF00CE2E5D64,IVsUserContextItemProvider
71604B0F-97B0-4764-8577-2F13E98A1422,INamedPropertyStore
71673232-4B46-49D3-A156-554D4418CD68,ISetupScriptError
717105A3-739B-3BC3-A2B7-AD215903FAD2,_UrlAttribute
717C9416-06C3-449A-B030-9947146C2142,IWMEncTransform
717E2B59-65C3-4112-9BF8-C3F99466B682,IVsdPluginModuleManager
7197B56B-5FA1-31EF-B38B-62FEE737277F,IContextPropertyActivator
71AF87C9-66C5-49E4-A602-B9012115AFD5,IDebugManagedObject
71C0D2BC-726D-45CC-A6C0-2E31C1DB2159,IInitializeWithBindCtx
71C6E74C-0F28-11D8-A82A-00065B84435C,ITfInputProcessorProfileMgr
71C6E74D-0F28-11D8-A82A-00065B84435C,IEnumTfInputProcessorProfiles
71C6E74E-0F28-11D8-A82A-00065B84435C,ITfInputProcessorProfileActivationSink
71CA209D-40D3-3409-B341-DA9B922CCA45,_StatusStrip
71E806FB-8DEE-46FC-BF8C-7748A8A1AE13,IObjectWithProgID
71EAF260-D5F5-4763-9BE5-60126DD39E43,IReadCookie
71EE5B20-FB04-11D1-B3A8-00A0C911E8B2,IActiveScriptParseProcedure2_32
71FB8DCF-3FA7-3483-8464-9D8200E57C43,_ObfuscationAttribute
720298C0-A099-46F5-9F82-96921BAE4701,IMsRdpClientTransportSettings
7203D4CC-66BD-40EC-BA78-BB7FA558EA1A,IVsdBuildManagerFireEvent
720925ED-BF3D-4B1A-9404-5142C4DF799C,ICcTransportStream
72103C67-D511-329C-B19A-DD5EC3F1206C,_DispatchWrapper
72179DA4-E6F6-3987-B48B-42EB00630D07,_SoapServerTlb
721D4D8E-E987-4712-B878-88A0E7DBA117,IVsSplitPane
72323D07-89E3-44D2-92C0-060DD7F16E63,IVsdFileDependency
72380D55-8D2B-43A3-8513-2B6EF31434E9,IProcessInitControl
724AA3B5-E944-435E-97D9-962984590FB5,ISCRMapObject
724E960E-F6FC-43F5-AF3F-98319A1306EF,IHostDeviceInfos
725692A5-9E12-37F6-911C-E3DA77E5FACA,_SoapAttribute
725CDAF7-B739-35C1-8463-E2A923E1F618,_SoapNcName
725E61EC-59A5-4859-B516-54C71A3929A3,IFrameBlurHotfix
7264843F-F60C-39A9-99E1-029126AA0815,_RemotingException
726BB04D-2C4C-3E3D-A01A-31448DB063DD,_CodeTypeReferenceExpression
72728CC6-1963-43CE-8D9C-06845F13BF4F,ICcConnection2
72767524-E3B3-43D0-BB46-BBE1D556A9FF,TextRange
72832EE4-5808-433D-83A7-B8F149A79DB4,Module
7289D408-987D-45D1-8DEE-CF9E91C2E90E,IExtendedKeyUsage
728AB300-217D-11DA-B2A4-000E7BBB2B09,IObjectId
728AB301-217D-11DA-B2A4-000E7BBB2B09,IObjectIds
728AB302-217D-11DA-B2A4-000E7BBB2B09,IBinaryConverter
728AB303-217D-11DA-B2A4-000E7BBB2B09,IX500DistinguishedName
728AB304-217D-11DA-B2A4-000E7BBB2B09,IX509EnrollmentStatus
728AB305-217D-11DA-B2A4-000E7BBB2B09,ICspAlgorithm
728AB306-217D-11DA-B2A4-000E7BBB2B09,ICspAlgorithms
728AB307-217D-11DA-B2A4-000E7BBB2B09,ICspInformation
728AB308-217D-11DA-B2A4-000E7BBB2B09,ICspInformations
728AB309-217D-11DA-B2A4-000E7BBB2B09,ICspStatus
728AB30A-217D-11DA-B2A4-000E7BBB2B09,ICspStatuses
728AB30B-217D-11DA-B2A4-000E7BBB2B09,IX509PublicKey
728AB30C-217D-11DA-B2A4-000E7BBB2B09,IX509PrivateKey
728AB30D-217D-11DA-B2A4-000E7BBB2B09,IX509Extension
728AB30E-217D-11DA-B2A4-000E7BBB2B09,IX509Extensions
728AB30F-217D-11DA-B2A4-000E7BBB2B09,IX509ExtensionKeyUsage
728AB310-217D-11DA-B2A4-000E7BBB2B09,IX509ExtensionEnhancedKeyUsage
728AB311-217D-11DA-B2A4-000E7BBB2B09,IX509ExtensionTemplateName
728AB312-217D-11DA-B2A4-000E7BBB2B09,IX509ExtensionTemplate
728AB313-217D-11DA-B2A4-000E7BBB2B09,IAlternativeName
728AB314-217D-11DA-B2A4-000E7BBB2B09,IAlternativeNames
728AB315-217D-11DA-B2A4-000E7BBB2B09,IX509ExtensionAlternativeNames
728AB316-217D-11DA-B2A4-000E7BBB2B09,IX509ExtensionBasicConstraints
728AB317-217D-11DA-B2A4-000E7BBB2B09,IX509ExtensionSubjectKeyIdentifier
728AB318-217D-11DA-B2A4-000E7BBB2B09,IX509ExtensionAuthorityKeyIdentifier
728AB319-217D-11DA-B2A4-000E7BBB2B09,ISmimeCapability
728AB31A-217D-11DA-B2A4-000E7BBB2B09,ISmimeCapabilities
728AB31B-217D-11DA-B2A4-000E7BBB2B09,IX509ExtensionSmimeCapabilities
728AB31C-217D-11DA-B2A4-000E7BBB2B09,IPolicyQualifier
728AB31D-217D-11DA-B2A4-000E7BBB2B09,IPolicyQualifiers
728AB31E-217D-11DA-B2A4-000E7BBB2B09,ICertificatePolicy
728AB31F-217D-11DA-B2A4-000E7BBB2B09,ICertificatePolicies
728AB320-217D-11DA-B2A4-000E7BBB2B09,IX509ExtensionCertificatePolicies
728AB321-217D-11DA-B2A4-000E7BBB2B09,IX509ExtensionMSApplicationPolicies
728AB322-217D-11DA-B2A4-000E7BBB2B09,IX509Attribute
728AB323-217D-11DA-B2A4-000E7BBB2B09,IX509Attributes
728AB324-217D-11DA-B2A4-000E7BBB2B09,IX509AttributeExtensions
728AB325-217D-11DA-B2A4-000E7BBB2B09,IX509AttributeClientId
728AB326-217D-11DA-B2A4-000E7BBB2B09,IX509AttributeRenewalCertificate
728AB327-217D-11DA-B2A4-000E7BBB2B09,IX509AttributeArchiveKey
728AB328-217D-11DA-B2A4-000E7BBB2B09,IX509AttributeArchiveKeyHash
728AB32A-217D-11DA-B2A4-000E7BBB2B09,IX509AttributeOSVersion
728AB32B-217D-11DA-B2A4-000E7BBB2B09,IX509AttributeCspProvider
728AB32C-217D-11DA-B2A4-000E7BBB2B09,ICryptAttribute
728AB32D-217D-11DA-B2A4-000E7BBB2B09,ICryptAttributes
728AB32E-217D-11DA-B2A4-000E7BBB2B09,ICertProperty
728AB32F-217D-11DA-B2A4-000E7BBB2B09,ICertProperties
728AB330-217D-11DA-B2A4-000E7BBB2B09,ICertPropertyFriendlyName
728AB331-217D-11DA-B2A4-000E7BBB2B09,ICertPropertyDescription
728AB332-217D-11DA-B2A4-000E7BBB2B09,ICertPropertyAutoEnroll
728AB333-217D-11DA-B2A4-000E7BBB2B09,ICertPropertyRequestOriginator
728AB334-217D-11DA-B2A4-000E7BBB2B09,ICertPropertySHA1Hash
728AB336-217D-11DA-B2A4-000E7BBB2B09,ICertPropertyKeyProvInfo
728AB337-217D-11DA-B2A4-000E7BBB2B09,ICertPropertyArchived
728AB338-217D-11DA-B2A4-000E7BBB2B09,ICertPropertyBackedUp
728AB339-217D-11DA-B2A4-000E7BBB2B09,ICertPropertyEnrollment
728AB33A-217D-11DA-B2A4-000E7BBB2B09,ICertPropertyRenewal
728AB33B-217D-11DA-B2A4-000E7BBB2B09,ICertPropertyArchivedKeyHash
728AB33C-217D-11DA-B2A4-000E7BBB2B09,IX509SignatureInformation
728AB33D-217D-11DA-B2A4-000E7BBB2B09,ISignerCertificate
728AB33E-217D-11DA-B2A4-000E7BBB2B09,ISignerCertificates
728AB33F-217D-11DA-B2A4-000E7BBB2B09,IX509NameValuePair
728AB340-217D-11DA-B2A4-000E7BBB2B09,IX509NameValuePairs
728AB341-217D-11DA-B2A4-000E7BBB2B09,IX509CertificateRequest
728AB342-217D-11DA-B2A4-000E7BBB2B09,IX509CertificateRequestPkcs10
728AB343-217D-11DA-B2A4-000E7BBB2B09,IX509CertificateRequestCertificate
728AB344-217D-11DA-B2A4-000E7BBB2B09,IX509CertificateRequestPkcs7
728AB345-217D-11DA-B2A4-000E7BBB2B09,IX509CertificateRequestCmc
728AB346-217D-11DA-B2A4-000E7BBB2B09,IX509Enrollment
728AB349-217D-11DA-B2A4-000E7BBB2B09,IX509EnrollmentWebClassFactory
728AB34A-217D-11DA-B2A4-000E7BBB2B09,ICertPropertyEnrollmentPolicyServer
728AB350-217D-11DA-B2A4-000E7BBB2B09,IX509Enrollment2
728AB351-217D-11DA-B2A4-000E7BBB2B09,IX509EnrollmentHelper
728AB352-217D-11DA-B2A4-000E7BBB2B09,IX509MachineEnrollmentFactory
728AB35A-217D-11DA-B2A4-000E7BBB2B09,IX509CertificateRequestCertificate2
728AB35B-217D-11DA-B2A4-000E7BBB2B09,IX509CertificateRequestPkcs10V2
728AB35C-217D-11DA-B2A4-000E7BBB2B09,IX509CertificateRequestPkcs7V2
728AB35D-217D-11DA-B2A4-000E7BBB2B09,IX509CertificateRequestCmc2
7295965A-230A-4F34-AD5F-B15C9120F6E4,ISideShowCPLConfigureDevice
729680C4-1A38-47BC-9E5C-02C51562AC30,IEnumOfflineFilesSettings
729B9356-1627-4E0D-88E3-28C664F3BEB8,IRedirectInformation
729FE2F8-1EA8-11D1-8F85-00C04FC2FBE1,IShellUIHelper
72A11292-B0A3-4232-84BF-5D1DF7D9C61B,ISCRDestinationPageInfo
72A2A2EF-C209-408C-A377-76871774ADB7,UIHierarchy
72AE6713-DCBB-4A03-B36B-371F6AC6B53D,IVdsVolume2
72B05D8B-258D-469D-A4D1-D142E823394C,IScriptedDiagnosticHost
72B945E0-253B-11CF-A988-00AA006BC149,IADsCollection
72BF9ADA-6817-4C31-B43E-25F7C7B091F4,IPublicKey
72C94CF1-F24C-4C2E-9A4F-B23439BABD5E,ILayerDynamicStateEvents
72DADE38-FAE4-4B3E-BAF4-5D009AF02B1C,ILogonTrigger
72E67329-8765-4586-8B15-0B445E6F3B57,IVsQueryLineChangeCommit
72EB0E17-AF29-425E-A698-613587058A9A,IIncrementalFillCallback
72F486B1-0D43-11D3-BD3F-00C04F6EA5AE,IWMPLayoutSubView
72FF2712-0BC3-4308-A99D-26AC7EC68C5F,IDebugSessionProperty2
73068231-35EE-11D1-81A1-0000F87557DB,IDXDLUTBuilder
7307055C-B24A-486B-9F25-163E597A28A9,IQueryContinue
73131F9C-56A9-49DD-B0EE-D046633F7528,ITfSourceSingle
731D6E04-2DA0-46B3-925C-E1A1B6764164,ISCRCommonFieldFormat
732748F5-5256-327B-A7E5-2000B07F21B3,_CodeArrayIndexerExpression
732E9CA9-3B43-4681-A073-B1712756D06A,IRDPSessionProperties
734321ED-1E7B-4E1C-BBFA-89C819800E2F,IDXTICMFilter
734E65B1-A50C-48D2-9D92-4C8A540EA052,IWMEncSessionPropEvents
7352CA24-64D2-437C-90A3-E4EBFE15510C,ISCRFieldObject
73540D69-EDEB-4EE9-96C9-23AA30B25916,ITfLangBarItem
735AD8D5-C259-48E9-81E7-D27953665B23,IMSVidStreamBufferSinkEvent3
73647341-60CC-4D0A-B6F0-04D5BA7BBA52,IWMEncIndexerStats
7366EA16-7A1A-4EA2-B042-973D3E9CD99B,ISearchJob
736A9095-A80E-4F47-A0A6-87F43D57027C,ILogonUser
73707523-FF9A-4974-BF84-2108DC213740,IComStaThreadPoolKnobs2
7372DCE0-F816-4E35-8B42-64B7F50E6395,IDebugCodePath90
737361EC-467F-11D1-810F-0000F87557AA,Licenses
737361EC-5176-4EF2-8581-7B534D2AC56E,Licenses
73830352-D722-4179-ADA5-F045C98DF355,ITfLangBarItemBitmap
73856D9A-2720-487A-A584-21D5774E9D0F,IDeviceManager
7386F4D7-7C11-389F-BB75-895714B12BB5,_ContextMarshalException
7391DEED-78EC-42D6-87AD-1733F1C54AA5,IImeCandidateMateList
739CBF5D-5AED-49F8-AD1C-540094411664,ILayerStateProvider
73C105EE-9DFF-4A07-B83C-7EFF290C266E,IProtectedModeMenuServices
73D20697-34B7-43E3-BAB3-8F223BEE9898,IVsdAssembly
73DE3C35-FAF7-4934-B337-C260D5926858,INSSDevices
73E425E1-9C98-43DC-BDDB-4C790AB0073F,IWMPCDBurnStatus
73F536CA-1366-4BAA-AA5A-D4F77169787D,IVsdBaseBuilder
73FAA608-5F87-4D2B-9551-8440B1CBF54C,IDebugProgramNodeAttach2
73FC3335-274D-423D-8E9C-4B718DCD167C,IXSLWebPartElement
73FFA13F-AD72-4154-BE77-D4288F2E4FC5,_dispDebuggerExpressionEvaluationEvents
74007C11-48EE-4923-8499-D76AC06AD4C9,IVstoHostItem
74150BD6-C0A5-47EB-A7F2-62554D2244DF,ISCRFormulaFunctionGroup
7416B6EE-82E8-3A16-966B-018A40E7B1AA,_SoapServices
74265195-4A46-3D6F-A9DD-69C367EA39C8,_FileStream
7428FBAE-841E-47B8-86F4-2288946DCA1B,IFaxAccountSet
742B0E01-14E6-101B-914E-00AA00300CAB,ISimpleFrameSite
742E0C26-0E23-3D20-968C-D221094909AA,_Zone
743ABD5F-F26D-48DF-8CC5-238492419B64,ITfCompartmentEventSink
744129E0-CBE5-11CE-8350-444553540000,FolderItems
74435DAD-EC55-354B-8F5B-FA70D13B6293,_GuidAttribute
7449A86C-C44D-4B2F-BAEA-BF24B09B0967,IENCBuild
74570EF7-2486-4089-800C-56E3829B5CA4,IDebugErrorBreakpoint2
7465467B-2C47-463B-A3A1-F7F245358A73,ITipAutoCompleteResultSink
746D1D1E-EE37-393B-B6FA-E387D37553AA,_AssemblyConfigurationAttribute
746EB440-3835-11D2-9774-0000F80855E6,IMediaPlayerDvd
74787B0E-0C90-4D4D-B765-A7C338267568,IVsdCabProperties
7478B31F-7EB6-444F-9096-603E4560490F,IWMMetadata
7478B31F-7EB7-444F-9096-603E4560490F,IWMMetadataSchema
7482E83D-842A-447C-8DDB-687F7052F7C7,SVsThreadPool
7490B4D4-1BE9-469A-9743-37A27C1D80AF,ILogicalSensorManager
7496E5C0-90D3-372E-885F-BDD1A0316856,_ControlAccessibleObject
7499E7E8-DF01-3948-B8D4-FA4B9661D36B,_StringComparer
74AAD801-3294-49CB-BB5D-E9BAB132BFD5,IDlgEditor
74AAD802-3294-49CB-BB5D-E9BAB132BFD5,_IDlgEditorEvents
74AAD803-3294-49CB-BB5D-E9BAB132BFD5,IPictEditor
74AAD806-3294-49CB-BB5D-E9BAB132BFD5,_IPictEditorEvents
74AAD808-3294-49CB-BB5D-E9BAB132BFD5,IStatEditor
74AAD809-3294-49CB-BB5D-E9BAB132BFD5,_IStatEditorEvents
74AAD80B-3294-49CB-BB5D-E9BAB132BFD5,IEdBoxEditor
74AAD80C-3294-49CB-BB5D-E9BAB132BFD5,_IEdBoxEditorEvents
74AAD80E-3294-49CB-BB5D-E9BAB132BFD5,IGroupBoxEditor
74AAD80F-3294-49CB-BB5D-E9BAB132BFD5,_IGroupBoxEditorEvents
74AAD811-3294-49CB-BB5D-E9BAB132BFD5,IButtonEditor
74AAD812-3294-49CB-BB5D-E9BAB132BFD5,_IButtonEditorEvents
74AAD814-3294-49CB-BB5D-E9BAB132BFD5,ICheckEditor
74AAD815-3294-49CB-BB5D-E9BAB132BFD5,_ICheckEditorEvents
74AAD817-3294-49CB-BB5D-E9BAB132BFD5,IRadioBtnEditor
74AAD818-3294-49CB-BB5D-E9BAB132BFD5,_IRadioBtnEditorEvents
74AAD81A-3294-49CB-BB5D-E9BAB132BFD5,IHScrEditor
74AAD81B-3294-49CB-BB5D-E9BAB132BFD5,_IHScrEditorEvents
74AAD81D-3294-49CB-BB5D-E9BAB132BFD5,IVScrEditor
74AAD81E-3294-49CB-BB5D-E9BAB132BFD5,_IVScrEditorEvents
74AAD820-3294-49CB-BB5D-E9BAB132BFD5,IProgressEditor
74AAD821-3294-49CB-BB5D-E9BAB132BFD5,_IProgressEditorEvents
74AAD823-3294-49CB-BB5D-E9BAB132BFD5,ISpinEditor
74AAD824-3294-49CB-BB5D-E9BAB132BFD5,_ISpinEditorEvents
74AAD826-3294-49CB-BB5D-E9BAB132BFD5,ISliderEditor
74AAD827-3294-49CB-BB5D-E9BAB132BFD5,_ISliderEditorEvents
74AAD829-3294-49CB-BB5D-E9BAB132BFD5,IHotKeyEditor
74AAD82A-3294-49CB-BB5D-E9BAB132BFD5,_IHotKeyEditorEvents
74AAD82C-3294-49CB-BB5D-E9BAB132BFD5,IListEditor
74AAD82D-3294-49CB-BB5D-E9BAB132BFD5,_IListEditorEvents
74AAD82F-3294-49CB-BB5D-E9BAB132BFD5,ITreeEditor
74AAD830-3294-49CB-BB5D-E9BAB132BFD5,_ITreeEditorEvents
74AAD832-3294-49CB-BB5D-E9BAB132BFD5,ITabEditor
74AAD833-3294-49CB-BB5D-E9BAB132BFD5,_ITabEditorEvents
74AAD835-3294-49CB-BB5D-E9BAB132BFD5,IAniEditor
74AAD836-3294-49CB-BB5D-E9BAB132BFD5,_IAniEditorEvents
74AAD838-3294-49CB-BB5D-E9BAB132BFD5,IRichEditor
74AAD839-3294-49CB-BB5D-E9BAB132BFD5,_IRichEditorEvents
74AAD83B-3294-49CB-BB5D-E9BAB132BFD5,IDTPEditor
74AAD83C-3294-49CB-BB5D-E9BAB132BFD5,_IDTPEditorEvents
74AAD83E-3294-49CB-BB5D-E9BAB132BFD5,ICalEditor
74AAD83F-3294-49CB-BB5D-E9BAB132BFD5,_ICalEditorEvents
74AAD841-3294-49CB-BB5D-E9BAB132BFD5,IIPEditor
74AAD842-3294-49CB-BB5D-E9BAB132BFD5,_IIPEditorEvents
74AAD844-3294-49CB-BB5D-E9BAB132BFD5,IComboExEditor
74AAD845-3294-49CB-BB5D-E9BAB132BFD5,_IComboExEditorEvents
74AAD847-3294-49CB-BB5D-E9BAB132BFD5,ICustomEditor
74AAD848-3294-49CB-BB5D-E9BAB132BFD5,_ICustomEditorEvents
74AAD84A-3294-49CB-BB5D-E9BAB132BFD5,ILBEditor
74AAD84B-3294-49CB-BB5D-E9BAB132BFD5,_ILBEditorEvents
74AAD84D-3294-49CB-BB5D-E9BAB132BFD5,IComboEditor
74AAD84E-3294-49CB-BB5D-E9BAB132BFD5,_IComboEditorEvents
74AAD850-3294-49CB-BB5D-E9BAB132BFD5,ICustomRes
74AAD851-3294-49CB-BB5D-E9BAB132BFD5,_ICustomResEvents
74AAD853-3294-49CB-BB5D-E9BAB132BFD5,IAccelRes
74AAD854-3294-49CB-BB5D-E9BAB132BFD5,_IAccelResEvents
74AAD856-3294-49CB-BB5D-E9BAB132BFD5,IDlgRes
74AAD857-3294-49CB-BB5D-E9BAB132BFD5,_IDlgResEvents
74AAD859-3294-49CB-BB5D-E9BAB132BFD5,IMenuRes
74AAD85A-3294-49CB-BB5D-E9BAB132BFD5,_IMenuResEvents
74AAD85C-3294-49CB-BB5D-E9BAB132BFD5,IVerRes
74AAD85D-3294-49CB-BB5D-E9BAB132BFD5,_IVerResEvents
74AAD85F-3294-49CB-BB5D-E9BAB132BFD5,IBitmapRes
74AAD860-3294-49CB-BB5D-E9BAB132BFD5,_IBitmapResEvents
74AAD862-3294-49CB-BB5D-E9BAB132BFD5,ICursRes
74AAD863-3294-49CB-BB5D-E9BAB132BFD5,_ICursResEvents
74AAD865-3294-49CB-BB5D-E9BAB132BFD5,IIconRes
74AAD866-3294-49CB-BB5D-E9BAB132BFD5,_IIconResEvents
74AAD868-3294-49CB-BB5D-E9BAB132BFD5,ITBRes
74AAD869-3294-49CB-BB5D-E9BAB132BFD5,_ITBResEvents
74AAD86B-3294-49CB-BB5D-E9BAB132BFD5,IStrRes
74AAD86C-3294-49CB-BB5D-E9BAB132BFD5,_IStrResEvents
74AAD86E-3294-49CB-BB5D-E9BAB132BFD5,IFileFlags
74AAD86F-3294-49CB-BB5D-E9BAB132BFD5,IVersionBlk
74AAD870-3294-49CB-BB5D-E9BAB132BFD5,IStrEd
74AAD871-3294-49CB-BB5D-E9BAB132BFD5,ICTBEd
74AAD872-3294-49CB-BB5D-E9BAB132BFD5,IIconEd
74AAD873-3294-49CB-BB5D-E9BAB132BFD5,ICustomEd
74AAD874-3294-49CB-BB5D-E9BAB132BFD5,ICursorEd
74AAD875-3294-49CB-BB5D-E9BAB132BFD5,IBmpEd
74AAD876-3294-49CB-BB5D-E9BAB132BFD5,IAccelEd
74AAD877-3294-49CB-BB5D-E9BAB132BFD5,IMenuEd
74AAD878-3294-49CB-BB5D-E9BAB132BFD5,IPopMenu
74AAD879-3294-49CB-BB5D-E9BAB132BFD5,IRCNode
74AAD87A-3294-49CB-BB5D-E9BAB132BFD5,_IFileFlagsEvents
74AAD87C-3294-49CB-BB5D-E9BAB132BFD5,_IVersionBlkEvents
74AAD87E-3294-49CB-BB5D-E9BAB132BFD5,_IStrEdEvents
74AAD880-3294-49CB-BB5D-E9BAB132BFD5,_ICTBEdEvents
74AAD882-3294-49CB-BB5D-E9BAB132BFD5,_IIconEdEvents
74AAD884-3294-49CB-BB5D-E9BAB132BFD5,_ICustomEdEvents
74AAD886-3294-49CB-BB5D-E9BAB132BFD5,_ICursorEdEvents
74AAD888-3294-49CB-BB5D-E9BAB132BFD5,_IBmpEdEvents
74AAD88A-3294-49CB-BB5D-E9BAB132BFD5,_IAccelEdEvents
74AAD88C-3294-49CB-BB5D-E9BAB132BFD5,_IMenuEdEvents
74AAD890-3294-49CB-BB5D-E9BAB132BFD5,ISysLinkEditor
74AAD891-3294-49CB-BB5D-E9BAB132BFD5,_ISysLinkEditorEvents
74AAD8B1-3294-49CB-BB5D-E9BAB132BFD5,VCResourceHelper
74AAD8B4-3294-49CB-BB5D-E9BAB132BFD5,_ICommonEvents
74AAD950-3294-49CB-BB5D-E9BAB132BFD5,IHTMLRes
74B5C04C-DB5C-4F8B-AA0C-B3C39BB8A208,ISCRDrillReportPartRequestContext
74BBEE88-AB6E-4276-9BD2-27F566B8BBAF,IVsEnumTextBuffers
74C08641-CEDB-11CF-8B49-00AA00B8A790,IMTxAS
74C08646-CEDB-11CF-8B49-00AA00B8A790,ObjectContext
74C09E02-F828-11D2-A74B-00A0C905F36E,IWMPControls
74C26041-70D1-11D1-B75A-00A0C90564FE,ISynchronizedCallBack
74E860DA-CF25-4B9C-AD73-231203974D03,ISCRReportPartID
74EEBC42-6C5D-11D3-9172-00902741EE7C,ISCRPropertyBag
7500A6BA-5176-4EF2-8581-7B534D2AC56E,DataBinding
7500A6BA-EB65-11D1-938D-0000F87557C9,DataBinding
75121952-E0D0-43E5-9380-1D80483ACF72,ICreateObject
75139DB0-6182-4088-81A7-5476607668BE,IWMEncSessionPropAgent
75347085-7260-11D1-BE46-00A0C95A6A5C,ICRVEventInfo
75392E1C-616B-4EE6-98A9-DC9EFAF76C0C,IImeWatsonClient
753D3585-2077-4E60-8EC5-96EE793F3D1A,IVsSccControlNewSolution
755F9DA6-7508-11D1-AD94-00C04FD8FDFF,IWbemMultiTarget
755F9DA7-7508-11D1-AD94-00C04FD8FDFF,IWbemEventProviderRequirements
7565D7AE-8CF5-4E7D-8BD0-3E43232292C3,IViewSaveRestriction
75718C9F-F029-11D1-A1AC-00C04FB6C223,ISWbemSink
75718CA0-F029-11D1-A1AC-00C04FB6C223,ISWbemSinkEvents
7574E121-74A6-3626-B578-0783BADB19D2,_Hash
75781CE7-317D-3C54-95D4-3E4DC04B4D3F,_ToolStripOverflow
757A7D9F-919A-4118-99D7-DBB208C8CC66,IPropertyUI
75857678-E107-4273-AF75-D2B6E5A0911B,IPreviousSetAndState
7586B34D-EC08-11D0-A466-00C04FC30DF6,Iprturl
7587C667-628F-499F-88E7-6A6F4E888464,IWMPCore3
758CEB60-9202-4E5B-9C05-7FE8F7619FEB,ISCRFormulaFunctionCatalog
7598A225-84EC-46B0-9DAE-EB4A530EF128,IImeReconversionRequest
75A446C5-40B7-41D3-8D53-292652C04121,ITSEventDispatcher
75BD59AA-F23B-4963-ABA4-0B355752A91B,IPropertyKeyStore
75C66E65-8949-11D2-BF6D-00A0C9DA4FA2,ICRFields
75C66E67-8949-11D2-BF6D-00A0C9DA4FA2,ICRField
75C8F324-F715-4FE3-A28E-F9011B61A4A1,IVdsOpenVDisk
75CB4DB9-6DA0-4DA3-83CE-422B6A433346,IOpenServiceActivityInput
75E557F0-8A97-4711-B7C9-9AAA2576499D,ISetupLogService
76062CC7-F714-4FBD-AA06-ED6E4A4B70F3,IFaxIncomingArchive
760C4B82-E211-11D2-BF3E-00805FBE84A6,IWMSDrmStore
761081DF-D45F-4683-9B9E-1B7241E56F5C,IVsUserContext
762BD069-20D4-4B47-AB26-FC273577FF34,IVbaIdeNotifySite2
763AE2CD-CA59-4F41-BD59-E8FEF9461B30,IStringTableEntry
764651D0-38DE-11D4-A2A3-00104BD35090,IActiveScriptSIPInfo
764905A9-B10E-3C61-96DD-FA6F4BF8648D,_WebBrowserBase
764DE8AA-1867-47C1-8F6A-122445ABD89A,ITabletManager
7658B944-F37B-11D2-AACF-00C04F688DDE,_MiscSlnFilesEventsRoot
765EB303-124E-4E48-A6BD-601EB5BC5950,ILinksMonitorEvents
7669CC95-4640-461C-8158-16F65265D77C,IVsTextEditorPropertyContainer
766BF2AF-D650-11D1-9811-00C04FC31D2E,IHomePage
766ED696-6F98-419B-8624-281F686E1D05,IFunctionInstanceQuery2
7673B35E-907A-449D-A49F-E5CE47F0B0B2,IEBrokerAttach
767E752E-2315-35CF-9652-7FC46AE870D3,_CodeDirective
768B08BE-40A0-44BE-A52C-65211D3F93A8,ICommandDescriptorEx
7695C635-6A32-11D4-AAC4-00902741F1FC,IQERangeValue
769A72DB-13D2-45E2-9C48-53CA9D5B7450,IWMPMetadataText
769B402F-0B5C-453E-A31A-244ECD97F7C6,IVsdPickerDialog
76A0263C-083C-49F1-B312-9DB360FCC9F1,Template
76A6415A-CB41-11D1-8B02-00600806D9B6,ISWbemObject
76A6415B-CB41-11D1-8B02-00600806D9B6,ISWbemLocator
76A6415C-CB41-11D1-8B02-00600806D9B6,ISWbemServices
76A6415F-CB41-11D1-8B02-00600806D9B6,ISWbemObjectSet
76A64164-CB41-11D1-8B02-00600806D9B6,ISWbemNamedValue
76AF73F9-A322-42B0-A515-D4D7553508FE,IVsActivityLog
76B1BBDB-4EC8-4F36-B106-70A9316DF593,IMFAudioStreamVolume
76B3B17E-AED6-4DA5-85F0-83587F81ABE3,IUpdateService
76B463EC-DDE4-48EA-B9DD-1B2B13487928,IFocusContainer
76BA3491-CB2F-406B-9961-0E0C4CDAAEF2,IInkWordList
76C00C4B-AB94-42DE-8F5C-A4D882B0F756,IVsdLocatorPlugIn
76C0DBBB-15E0-4E7B-B61B-20EEEA2001E0,IAccPropServer
76C526F4-530D-4692-AA79-314E5F70A7BD,IVsdFileTypePlugIn
76C6037D-315E-4F9F-9081-0B3C4FF0D43F,IInitializeAggregateAssociationList
76CC0491-9A10-35C0-8A66-7931EC345B7F,_ComEventInterfaceAttribute
76D90824-E735-4844-B26F-AA1235B6E76B,ISPPUI
76E5DBD6-F960-3C65-8EA6-FC8AD6A67022,_InvalidOleVariantTypeException
76ED1C48-ED86-4E9E-ACF8-A40E765DAF25,_EnvironmentDocuments
76F13F00-6E17-4D98-BE2D-D2A84CFF5BFD,IWMPRemoteUPnPDevice
77000121-F789-11CE-86F8-0020AFD8C6DB,IIPDaemonS
77000122-F789-11CE-86F8-0020AFD8C6DB,_IIPDaemonSEvents
77000571-F789-11CE-86F8-0020AFD8C6DB,ICertMgr
77000572-F789-11CE-86F8-0020AFD8C6DB,_ICertMgrEvents
7701A9C3-BD68-438F-83E0-67BF4F53A422,IEventObjectChange2
770E285D-3B7D-4342-B3C4-42BD9F53A300,IVsUserSettings
771A2F60-B11B-4371-AB6A-B1DB911978AE,ISetupReboot2
771E5917-5788-4A36-A276-B0DDBF8E4ABF,ICacheableObject
771F5AAE-7100-4764-9BE8-D3110E38EAAC,ICcPlatformContainer
77243A10-00F3-11D5-802D-0060082AE372,IXceedCompression
77254866-9F5B-4C8E-B9E2-C77A8530D64B,IDownloadCompletedCallback
772B3FBE-6FFD-42FB-B5F8-8F9B260F3810,IServiceTransactionConfigBase
772FF18D-138B-4257-873C-1B8E0CE1D183,IMFPMPServerInternal
7730C865-7AB9-4EFC-B354-828187C11125,IVsdLatticeValue
77394C69-5486-40D6-9BC3-4991983E02DA,IUPnPDescriptionDocumentCallback
776E1355-B286-4D5C-9398-A14D1B3B89E9,IUninstallDeviceFunction
777BA811-2498-4875-933A-3067DE883070,IPXWizardTaskEventStub
777BA812-2498-4875-933A-3067DE883070,IPXWizardPageEventStub
777BA813-2498-4875-933A-3067DE883070,IPXWizardPropertyBagStub
777BA814-2498-4875-933A-3067DE883070,IPXWizardTransactionStub
777BA817-2498-4875-933A-3067DE883070,IPXWizardTaskReportStub
777BA818-2498-4875-933A-3067DE883070,IPXWizardPageReportStub
777BA8F4-2498-4875-933A-3067DE883070,IPXWizardRegistration
777BA8F8-2498-4875-933A-3067DE883070,IPXWizardFactoryRegistration
777BA8FA-2498-4875-933A-3067DE883070,IPXWizardTypeRegistration
777DBB7D-9AAB-467D-A0EC-3D20C9203DC3,ISCRDateFieldFormat
778DF557-0DCF-4844-9659-F2BB1FEA517F,IDebugRuntimeJITServerRegistrar2_V7
7791BA40-E020-11CF-8E74-00A0C90F26F8,IButtons
7791BA42-E020-11CF-8E74-00A0C90F26F8,IButton
7791BA50-E020-11CF-8E74-00A0C90F26F8,ITabs
7791BA52-E020-11CF-8E74-00A0C90F26F8,ITab
7791BA60-E020-11CF-8E74-00A0C90F26F8,INodes
7791BA62-E020-11CF-8E74-00A0C90F26F8,INode
779C1A1C-9D61-4647-BC19-9571160BEA9C,IVsdCabBuildManager
77A416E7-2AC6-3D0E-98FF-3BA0F586F56F,_RSAOAEPKeyExchangeFormatter
77A6B455-C303-4B67-810D-B9E6077E75AE,IJob
77AD1D22-59C4-3634-9D55-50291CDA49F6,_GiveFeedbackEventArgs
77B508C1-09C0-47A2-91EB-FCE7FDF2690E,IFaxSecurity
77C9BCEB-9958-33C0-A858-599F66697DA7,_EnterpriseServicesHelper
77CCA693-ABF6-3773-BF58-C0B02701A744,_Publisher
77D025A3-90FA-43AA-B52E-CDA5499B946A,IMonthlyDOWTrigger
77D2C900-7779-11D8-9070-00065B840D9C,IDdsGeneric
77D2C901-7779-11D8-9070-00065B840D9C,_IDdsGenericEvents
77D2C903-7779-11D8-9070-00065B840D9C,IDdsLibraryShape
77D2C904-7779-11D8-9070-00065B840D9C,_IDdsLibraryShapeEvents
77D2C906-7779-11D8-9070-00065B840D9C,IDdsPictureShape
77D2C907-7779-11D8-9070-00065B840D9C,_IDdsPictureShapeEvents
77D2C90A-7779-11D8-9070-00065B840D9C,IDdsPoints
77D2C90B-7779-11D8-9070-00065B840D9C,IDdsExtendedProperty
77D2C90C-7779-11D8-9070-00065B840D9C,IDdsExtendedProperties
77D2C90D-7779-11D8-9070-00065B840D9C,IDdsLayoutObjects
77D2C90E-7779-11D8-9070-00065B840D9C,IDdsLayoutObject
77D2C90F-7779-11D8-9070-00065B840D9C,IDdsLayoutShape
77D2C910-7779-11D8-9070-00065B840D9C,IDdsLayoutConnector
77D2C911-7779-11D8-9070-00065B840D9C,IDdsLayoutManager
77D2C912-7779-11D8-9070-00065B840D9C,IDdsLayout
77D2C913-7779-11D8-9070-00065B840D9C,IDdsLineRoute
77D2C914-7779-11D8-9070-00065B840D9C,_IDdsLayoutManagerEvents
77D2C918-7779-11D8-9070-00065B840D9C,IDdsPolylineCustomEndTypeShape
77D2C919-7779-11D8-9070-00065B840D9C,IDdsPolylineCustomEndType
77D2C91A-7779-11D8-9070-00065B840D9C,IDdsPolylineAdornment
77D2C91B-7779-11D8-9070-00065B840D9C,IDdsPolylineAdornments
77D2C91C-7779-11D8-9070-00065B840D9C,IDdsPolyline
77D2C91D-7779-11D8-9070-00065B840D9C,IDdsPolylineEx
77D2C921-7779-11D8-9070-00065B840D9C,IDdsText
77D2C922-7779-11D8-9070-00065B840D9C,_IDdsTextEvents
77D2C924-7779-11D8-9070-00065B840D9C,IDdsIcon
77D2C925-7779-11D8-9070-00065B840D9C,_IDdsIconEvents
77D2C92F-7779-11D8-9070-00065B840D9C,IReturnInteger
77D2C930-7779-11D8-9070-00065B840D9C,IReturnBoolean
77D2C931-7779-11D8-9070-00065B840D9C,IReturnString
77D2C932-7779-11D8-9070-00065B840D9C,IReturnSingle
77D2C933-7779-11D8-9070-00065B840D9C,IReturnEffect
77D2C934-7779-11D8-9070-00065B840D9C,ControlEvents
77D5D69C-D6CE-4026-B625-26964EEC733F,IHWDeviceCustomProperties
77DA3028-BC45-3E82-BF76-2C123EE2C021,_ArgumentOutOfRangeException
77E425FC-CBF9-4307-BA6A-BB5727745661,IDeskBandInfo
77ED5996-2F63-11D3-8A39-00C04F72D8E3,IVssAdmin
77F295D5-2D6F-4E19-B8AE-322F3E721AB5,ITransferMediumItem
77F54647-95E6-4033-91A8-51CCD014D945,IVsDeployDependency2
77F6F881-5D3A-4F2F-AEF0-E4A2F9AA689D,IChain
77FF7000-C3D0-49C0-956F-C662E232E5BB,IDebugRemoteNativeServer2
78036A8D-A04C-43E4-8BC0-846E63AFA9A2,IVsRegisterEditors
780F138F-B8C1-48C4-A2F9-1F21760E51BF,IWMEncAudienceObjPriv
7818F8EF-1C2A-4F73-B9F6-2F351C58527E,IWMEncFileArchiveStats
7819A000-56F5-432F-BF43-662A11261696,IEInetcplRasBroker
78201465-554E-4A7B-998F-443156FD71D3,IVsShortcutManager
782BF7CF-034B-4396-8A32-3A1833CF6B56,IInkRecognizer
7837DF15-0604-4EA1-8515-CD5A30972482,IVsParseCommandLine2
783CD4E1-9D54-11CF-B8EE-00608CC9A71F,IVSSItemOld
783CD4E2-9D54-11CF-B8EE-00608CC9A71F,IVSSDatabaseOld
783CD4E5-9D54-11CF-B8EE-00608CC9A71F,IVSSItems
783CD4E6-9D54-11CF-B8EE-00608CC9A71F,IVSSCheckoutOld
783CD4E7-9D54-11CF-B8EE-00608CC9A71F,IVSSVersionsOld
783CD4E8-9D54-11CF-B8EE-00608CC9A71F,IVSSVersionOld
783CD4EB-9D54-11CF-B8EE-00608CC9A71F,IVSS
783DBF98-D857-48B5-A4B6-D71423E1E73B,IBindableControlSupportService
783FCA10-8908-4473-9D69-F67FBEA0C6B9,IFaxInboundRoutingMethods
784121F1-62A6-4B89-855F-D65F296DE83A,IDontSupportEventSubscription
78413D2D-0492-4A9B-AB25-730633679977,Help2
78470A10-8153-407D-AB1B-05067C54C36B,IVsaIDE
7847EC01-2BEC-11D0-82B4-00A0C90C29C5,ITargetContainer
784B693D-95F3-420B-8126-365C098659F2,IOCSPAdminD
7852B78D-1CFD-41C1-A615-9C0C85960B5F,IAccIdentity
7858A9F8-B1FA-41A6-964F-B9B36B8CD8D8,IVssAdminEx
78659768-D0BF-4553-B085-21938C25A6B2,IWMPCoreErrorEventSink
786F8AC3-93E4-3B6F-9F62-1901B0E5F433,_HMACSHA384
788459C8-26C8-4666-BF57-04AD3A0A5EB5,ITabletEventSink
788C8743-E57F-439D-A468-5BC77F2E59C6,IWMPFolderMonitorServices
788F7BE2-9C40-41C0-AF05-4393FBF409F9,iaudiorateconvert
7895C94C-5A3F-11D2-B742-0000F87572EF,IDebugParsedExpression
789B42BE-6F6B-443A-898E-67ABF390AA14,IComTrackingInfoProperties
78A1231A-3AC5-4C73-81CE-28B213FDC598,IVsdAssemblyDependency
78D1DB4F-C557-4DC5-A2DD-5369D21B1C8C,IDebugBreakpointUnboundEvent2
78D28ADA-89A5-4180-B6C1-6DDD2AE146C2,IPrivateCallbackReceiver
78D90FF1-F580-4748-9399-F452001B6537,ISetupWindowText
78E14853-9F5E-406D-9B91-6BDBA6973510,IAzScopes interface
78FD1CBD-387B-4262-BD7B-65C34F86356E,IVsHierarchyDeleteHandler2
79001CD1-69C6-45B8-8F7A-DCCCE0469E8D,IVsParentProject
7900F4F4-BA3F-4D53-8744-51626542351A,IGatherNotifyInline
790B3EE9-7E06-3CD0-8243-5848486D6A78,_SiteIdentityPermission
790C6E0B-9194-4CC9-9426-A48A63185696,ICOMAdminCatalog2
79176FB2-B7F2-11CE-97EF-00AA006D2776,SpinbuttonEvents
79176FB3-B7F2-11CE-97EF-00AA006D2776,ISpinbutton
79184A66-8664-423F-97F1-637356A5D812,ITaskFolderCollection
79278B82-499C-47CA-AE05-7620444CB4A4,IWMEncDeviceControlPluginInfoManager
79293CC8-D9D9-43F5-97AD-0BCC5A688776,IDebugPort2
794767F6-538A-4CD3-B29E-6C76C79A7C9C,IVsMethodTipWindow
7947A829-ADB5-34D0-9CC8-6C172742C803,_SoapIdrefs
794A2BA5-FFA6-4FC5-BF13-957B2C22EDD7,_BuildEvents
7954219F-7284-4F54-B6F9-E000EC335C27,IVCLinkerDebugPage
795635A0-4522-11D1-8DCE-00AA00A3F593,ISccManagerLoaded
79649BB4-903E-421B-94C9-79848E79F6EE,INetFwServices
7964B769-234A-4BB1-A5F4-90454C8AD07E,IXFeedFolderEvents
796AE40B-6CDA-4F05-A663-D282A93AC7D4,IDebugTypeFieldBuilder
796E7AC5-5AA2-4EFF-ACAD-3FAAF01A3288,IVBSAXLocator
796ED650-5FE9-11CF-8D68-00AA00BDCE1D,WHTMLControlEvents
79774173-1C2E-4AC5-AD9C-3C892B7F6DF7,IVstaHostItem
798CC43B-7714-4DC1-925A-47863C24630D,IVsExpansion
7999FC21-D3C6-11CF-ACAB-00A024A55AEF,ITransactionContext
7999FC22-D3C6-11CF-ACAB-00A024A55AEF,ITransactionContextEx
79A201C7-ACCE-4C77-8740-A08577A54C29,IDfsShellAdmin
79A342F3-D637-4D54-83DC-DDD511743A49,IVsRunningDocTableEvents4
79A44115-C9C5-407E-98C3-4B918A3C2A1E,IIASIPFilter
79A761EF-2D82-47D3-A97B-EA7DF92AD141,IQETopNInfo
79AC9EF4-F9C1-4D2B-A50B-A7FFBA4DCF37,IFeedItem2
79B05932-D3B7-11D1-8B06-00600806D9B6,ISWbemQualifier
79C07CF1-CBDD-41EE-8EC3-F00080CADA7A,IWiaDevMgr2
79CA9226-153D-492B-9F4B-327E5DEF7CEF,ITipProgrammabilityEventSink
79CFFB9D-FAC9-4118-9535-6E0CF7AE5AE8,IVCCLCompilerOptimizationPage
79D16DE4-ABEE-4021-8D9D-9169B261D657,IDeskBand2
79D99E5D-D275-4FA1-8B5C-6126E4CF560B,INetworkFileAccessDiagnosticsUI
79EAC9C0-BAF9-11CE-8C82-00AA004BA90B,IBinding
79EAC9C1-BAF9-11CE-8C82-00AA004BA90B,IBindStatusCallback
79EAC9C2-BAF9-11CE-8C82-00AA004BA90B,IHlinkSite
79EAC9C3-BAF9-11CE-8C82-00AA004BA90B,IHlink
79EAC9C4-BAF9-11CE-8C82-00AA004BA90B,IHlinkTarget
79EAC9C5-BAF9-11CE-8C82-00AA004BA90B,IHlinkFrame
79EAC9CE-BAF9-11CE-8C82-00AA004BA90B,IMediaHolder
79EAC9CF-BAF9-11CE-8C82-00AA004BA90B,ITransactionData
79EAC9D2-BAF9-11CE-8C82-00AA004BA90B,IHttpNegotiate
79EAC9D5-BAF9-11CE-8C82-00AA004BA90B,IBindStatusCallbackMsg
79EAC9D6-BAFA-11CE-8C82-00AA004BA90B,IWinInetInfo
79EAC9D8-BAFA-11CE-8C82-00AA004BA90B,IWinInetHttpInfo
79EAC9EE-BAF9-11CE-8C82-00AA004BA90B,IInternetSecurityManager
79F729C0-2CCB-47A4-B8EA-594521F4298A,IeAxiService2
79FA9AD0-A97C-11D0-8534-00C04FD8D503,IADsPropertyValue
79FD57C8-908E-4A36-9888-D5B3F0A444CF,INetFwService
7A01A84C-34E2-4F70-8A67-C6D5BF656A27,IListItem
7A0325F0-22C2-31F9-8823-9B8AEE9456B1,_AssemblyLoadEventArgs
7A06DA49-2206-45A8-9FE5-40E1BC924421,IVsdAdviseLatticeEvents
7A18EDDE-7E78-4163-8DED-78E2C9CEE924,ICertConfig2
7A217461-446B-11D3-9333-00A0C9B82A37,ISCRCubeDefinition
7A217469-446B-11D3-9333-00A0C9B82A37,ISCRHierarchyLevel
7A21746C-446B-11D3-9333-00A0C9B82A37,ISCRHierarchy
7A21746E-446B-11D3-9333-00A0C9B82A37,ISCRHierarchyLevels
7A217470-446B-11D3-9333-00A0C9B82A37,ISCRHierarchies
7A217472-446B-11D3-9333-00A0C9B82A37,ISCRDimension
7A217474-446B-11D3-9333-00A0C9B82A37,ISCRDimensions
7A217476-446B-11D3-9333-00A0C9B82A37,ISCRMeasure
7A217478-446B-11D3-9333-00A0C9B82A37,ISCRMeasures
7A21747C-446B-11D3-9333-00A0C9B82A37,ISCRCubeDataInfo
7A21748B-446B-11D3-9333-00A0C9B82A37,ISCRReportObject
7A21748D-446B-11D3-9333-00A0C9B82A37,ISCRReportObjects
7A21748F-446B-11D3-9333-00A0C9B82A37,ISCRChartDefinition
7A25A12D-8E73-45C1-8661-F748CEC086BA,ISetupTextSubstitution2
7A37349C-D48B-45F5-818A-DB7FD898757A,IAccessibleParent
7A460360-DA21-4B09-A8A0-8A69E728D893,ITfLangBarEventSink_P
7A54FEA1-E786-4A30-8F38-45B3703E50DD,IVsShellPropertyEvents
7A625F24-8C15-45DC-A3C6-7AAFA90ABB64,ICommonUserInterface2
7A739554-3FC6-43EE-981D-F49171151393,IDebugPrimitiveTypeField
7A74140D-BD24-4114-9242-9CE7A264834E,VCWebServiceProxyGeneratorTool
7A77FFE8-53BA-4A10-BE4F-255489A49451,IPreviewHostCallback
7A81699B-1853-36F2-8CB0-40A2C3649864,_BaseVsaEngine
7A8CC9AD-4E8D-3AAF-941A-1511C9C1372A,_TrackBar
7A968236-9D6D-11D1-BF5D-000000000000,ISdoService
7AA363E1-FA53-31EB-BE4A-1EB4838264F3,_CodeTypeDeclaration
7AB88CA9-17F4-385E-AD41-4EE0AA316FA1,_TimeoutException
7AC3286D-4D1D-4817-84FC-C1C85E3AF0D9,ISearchCatalogManager2
7AC7492B-C38E-438A-87DB-68737844FF70,INamespaceWalkCB2
7ADECF29-4680-11D1-A3B4-00C04FB950DC,IADsPostalAddress
7AE47239-6048-4620-BF67-158F53F9B33D,ISetupType
7AE4B03C-414A-36E0-BA68-F9603004C925,_RandomNumberGenerator
7AEF50CE-8E22-4BA8-BC06-A92A458B4EF2,IMSVidStreamBufferSourceEvent2
7AF7F355-1066-4E17-B1F2-19FE2F099CD2,IPropertyValue
7AFBF8E7-AC4B-4082-B058-890899D3A010,ITfFnLMProcessor
7B020EC1-AF6C-11CE-9F46-00AA00574A4F,CommandButtonEvents
7B020EC2-AF6C-11CE-9F46-00AA00574A4F,ScrollbarEvents
7B020EC7-AF6C-11CE-9F46-00AA00574A4F,TabStripEvents
7B020EC8-AF6C-11CE-9F46-00AA00574A4F,MultiPageEvents
7B076AD1-BD51-11D2-9238-00A02448799A,IEnumDebugENCInfo2
7B1A9771-998A-11D4-AACA-00D0B75DB31F,IQEPersist
7B1D55C6-4F6A-4865-B9B3-1A696E233065,IVsSolutionEventsProjectUpgrade
7B1E9B6E-57B9-4A9C-8277-735F20181A6A,VCRuntimeStringProperty
7B28B80F-4680-11D1-A3B4-00C04FB950DC,IADsOctetList
7B2A926B-B7E6-11D3-9DCF-00902741EE80,_ISCRReportDefControllerEvents
7B2A926E-B7E6-11D3-9DCF-00902741EE80,ISCRCubeDefController
7B2A9270-B7E6-11D3-9DCF-00902741EE80,_ISCRCubeDefControllerEvents
7B32BDF9-89D3-4574-B6AC-F2EEE9DEAB18,IVsFileBackup
7B44F3DF-772C-49D6-ACB2-0603F1C11930,IWMEncPushDistributionStats
7B4D2729-E961-4626-90BC-6B5A5593F4EB,IWMEncVideoSource2
7B54ECB7-2785-4188-ABF9-FC5C757CD296,IImeClientComposition
7B57C04B-1786-4B30-A7B6-36235CD58A14,ICertificates2
7B5BF5BC-8174-4FC9-B9CC-232D3032CEC2,ISetupComponents
7B66B533-4680-11D1-A3B4-00C04FB950DC,IADsCaseIgnoreList
7B78FDFA-2139-4FDC-9D81-4D4B9EF79271,IXceedZip__0501
7B89862A-02A4-3279-8B42-4095FA3A778E,_TypeLibVarAttribute
7B91368D-A50A-3D36-BE8E-5B8836A419AD,_RemotingServices
7B929C68-CCDC-4226-96B1-8724600B54C2,IUpdateInstaller
7B988E06-2581-485E-9322-04881E0600D0,Property
7B9CEE5B-BC27-4480-92F8-65222AFD2BF9,ICategorizerFactory
7BA1DB8F-78AD-49CD-9591-F79D80A17C81,iaudioprocessingobjectvbr
7BAEA84D-83B3-449D-B029-D225BD95820E,WebServices
7BB0EEE4-836D-4045-970E-9B82E7C17D9A,IProvideDefaultVerbDescription
7BB6AB43-E2F3-4C16-892C-D007687901E2,IGetModifiedTime
7BC28AC2-0D9C-4941-BB9A-72BECB184FAC,IQuerySource
7BC2C9F6-9E1C-11D7-BA5C-505054503030,IConfigurationAnswer
7BC2C9F8-9E1C-11D7-BA5C-505054503030,IReferenceAnswer
7BC2C9FA-9E1C-11D7-BA5C-505054503030,IInstanceAnswer
7BC4A820-B20F-3ECE-BDD6-EE7E14EB7E0D,_HScrollBar
7BCC43E7-31CE-4CA4-8CCD-1CFF2DC494DA,IOfflineFilesShareInfo
7BCFA00F-F764-3113-9140-3BBD127A96BB,IList
7BD0701B-1A18-47F3-8495-221ADEB07D7B,IVsdUserInterfacePlugIn
7BD84086-1FB5-4B5D-8E05-EAA2F17218E0,IVsaIDESite
7BE38445-E69A-46F3-9230-8EDEA1145365,ISDProjWiz
7BE509C9-34EC-47DC-93A8-03266FCF3725,IWMPUINodePlugin
7BF80980-BF32-101A-8BBB-00AA00300CAB,IPicture
7BF80981-512C-43CC-B53F-E3B55FEB6B04,Picture
7BF80981-BF32-101A-8BBB-00AA00300CAB,IPictureDisp
7BF84EF1-8246-498A-A127-2EA37824FDA1,ErrorList
7C00176C-2152-4CCC-BA5A-6518F308EF33,IVsdPropertyStreamWrapper
7C037FD2-2B42-4A0F-B8A2-611D10E03117,ISharedAccessUpdate
7C063B2E-1D24-40B4-AC0B-D349A6DBF779,ISortPropertyArray
7C0FFAB2-CD84-11D0-949A-00A0C91110ED,DataSourceListener
7C0FFAB3-CD84-11D0-949A-00A0C91110ED,DataSource
7C1411A3-4133-4D4E-BF38-276DBF9BB48A,IMFNetEosEvent
7C1BD0D6-2086-46AB-8F07-B9335D0FE7D8,SVsSettingsReader
7C285AD9-1B0B-4152-9142-09920E1CE4DC,IAdminPrivate
7C291B95-CED6-4993-9A35-32AAC8905F0E,DBCleanUp
7C2AAE9E-6178-4A88-8904-B57169B655EA,Deprecated_IPrivateSession_V8Beta2
7C32FA17-30A4-42D5-B7DA-FFE8FCFCCE45,IFrameWorkItem
7C3C18DE-7BF4-4A75-824A-BAECA13C1346,IVsdPrjCabProject
7C41B90E-52FB-3E54-8B03-EBE0BF172C84,_DesignerVerb
7C4C8065-FB7E-45D8-9B50-940A8FCB5876,IVsObjectManagerEvents
7C55A332-A2EC-4387-A242-CD1B9A29F1D2,RelatedFiles
7C5FBAE3-333A-48A1-A982-33C15788CDE3,IVdsLunMpio
7C6247A1-2884-4B7C-AF24-F198047AA728,ITfThreadMgr_P
7C66FF18-A1A5-3E19-857B-0E7B6A9E3F38,ISurrogateSelector
7C6B06D1-63AD-35EF-A938-149B4AD9A71F,_PrincipalPermission
7C907864-346C-4AEB-8F3F-57DA289F969F,IImageInformation
7C9D1773-F1F3-447C-AF1A-218E5E2C2F7F,ProjectProperties3
7C9D26B6-C493-49B3-B66A-80BEF106286B,IObjectWithPropertyStore
7C9E512F-41D7-11D1-8E2E-00C04FB9386D,ISLTracker
7CA5FE57-D1AC-3064-BB0B-F450BE40F194,_AsymmetricSignatureDeformatter
7CAB88FA-2EF9-4851-B2F3-1D148FED8447,IFaxIncomingMessage
7CB23F71-3417-4129-9421-B65900787899,IVstaProjectClientInternal
7CB647D7-F02A-4B13-A2FC-2E22BD0D45B5,IWMDownloadCore
7CBC33DB-7A53-45C3-A0CC-610292BD7B9E,IHCDescriptionAndIcon
7CC03CE3-4F8C-41B5-A1B2-2116EF601FEA,IWMPSyncProgress
7CC7AED8-290E-49BC-8945-C1401CC9306C,INameSpaceTreeControl2
7CD069A0-50AA-11D1-B8F0-00A0C9259304,IAFormApp
7CD4EF19-27EB-399E-8ED2-C6647A99C03E,_CodeEntryPointMethod
7CE3E768-654D-4BA7-8D95-CDAAC642B141,IDebugEngineProgram2
7CEB5F64-3AF3-4FC4-843D-E8E61F43B13C,IVsProjectSpecialFiles
7CEF04D7-CB75-4E80-A7AB-5F5BC7D332DE,IEnumTfDisplayAttributeInfo
7CEFC46E-16E0-3E65-9C38-55B4342BA7F0,_EventHandler
7CF3EC7F-AC62-4CD6-BB30-39A464CB52CB,IDebugProgram3
7CF694C0-F589-451C-B56E-398B5855B05E,IDeviceCommand
7CFF842C-7E97-4807-8304-910DD8F7C051,IFileSystemImage3
7D04C01D-BB7A-47E8-92EB-E914CD61366B,_dispDebuggerProcessEvents
7D0BBCCF-D991-4B95-A03D-C3F03A729FF9,IELowUtilBroker
7D13DD37-5A04-393C-BBCA-A5FEA802893D,_SignatureHelper
7D210F7F-255C-4D84-8C3C-77919E8A566F,ISCRTextObject
7D257F89-EF56-43C4-80FF-C89B064E4680,IDebugCustomAttributeQuery2
7D38BA91-7859-41D1-984C-835A42D7D38C,INotifyNetworkSignatureEvents
7D39402F-5B52-4B34-B528-B95F66927E1D,ITryHarderFactory
7D61FB0F-8ECB-4BF2-A196-B32C2545CDC4,IStartMenuQuerySink
7D722CEE-1797-44E0-A992-1A3C7FD9DDD1,IBrowserHostEvents
7D7A6355-F372-4971-A149-BFC927BE762A,INetSharingPublicConnectionCollection
7D903FCA-D6F9-4810-8332-946C0177E247,IIdentityName
7DB7FD83-DE89-38E1-9645-D4CABDE694C0,_SoapIdref
7DB81657-7722-4407-B675-9F4A6FEEEA15,IVsPackageDynamicToolOwner
7DC41850-0C31-11D0-8B79-00AA00B8A790,ObjectControl
7DCF57AC-18AD-438B-824D-979BFFB74B7C,ITfCompartmentMgr
7DD0D8F1-2128-4425-90F8-4155049F6825,IImeCommandTable
7DD6E975-24EA-323C-A98C-0FDE96F9C4E6,IServerChannelSinkProvider
7DF6F279-DA62-3C9F-8944-4DD3C0F08170,_CurrencyWrapper
7DFCF9BE-9A2B-4E32-9E3E-96206617B5ED,IWaitCursor
7E072BEE-24E7-43EB-9BCE-06402C70E018,IDebugProgramDestroyEventFlags2
7E096A41-DE0A-4282-B7F1-7CB55FF45D7C,IVsdPrjSetupProject
7E133967-CCEC-3E89-8BD2-6CFCA649ECBF,_DecimalConstantAttribute
7E1AF054-83A6-47FC-AB27-A58AE8D9C705,IItemFilterOwner
7E20CD35-8689-466D-8EA0-A863B7EA5DB9,CodeFunction2
7E23A88F-C30E-420F-9BDB-28902543F0C1,IInkCustomStrokes
7E23D323-36D6-4EB2-A654-387832868EA3,ICustomIconManager
7E2D2A1E-7192-4BD7-80C1-061FD1D10402,IStreamBufferConfigure3
7E313997-1327-41DD-8CA9-79F24BE17250,IInkTablet3
7E3C08B9-23B7-4EC5-A51F-F791A4B1C53A,IVsdMsiBootstrapperPlugIn
7E5678EE-48B3-3F83-B076-C58543498A58,_TypeBuilder
7E56DEBF-4E4A-4CE3-9D33-D62909685063,IItemKeyArray
7E6F344D-52C0-4EDC-814B-16C6DE4AE9B4,IVsSQLCLRReferences
7E6F344E-52C0-4EDC-814B-16C6DE4AE9B4,IVsSQLCLRReferencesUpdateCallback
7E734121-F3B4-45F9-AD43-2FBE39E533E2,IFrameLayoutDefinitionFactory
7E7C4B21-079F-4830-9ED5-E0CB0BF281F1,IVsWindowView
7E8BC44D-AEFF-11D1-89C2-00C04FB6BFC4,IClientCaps
7E8FA6F3-A8BB-4BC6-A30C-89B6EEBB448C,ISuggestPopupInfo
7E99C0A2-F935-11D2-BA96-00C04FB6D0D1,IADsDNWithBinary
7E9ACA22-637C-3F88-A931-AAF36A4F9A6B,_CodeAttributeDeclarationCollection
7E9FB0D3-919F-4307-AB2E-9B1860310C93,IShellItem2
7EAA857B-2356-494B-9E13-0F6EEFA86E43,Commands2
7EABA4E2-1259-3CF2-B084-9854278E5897,_MemberAccessException
7EB1CEB5-BD1C-4C26-9E56-494DA7233A17,IImagingInformation
7EB20114-E822-358C-BDAB-DCF9E5090F23,_CodeChecksumPragma
7EBFDD80-AD18-11D3-A4C5-00C04F72D6B8,ITravelLogStg
7EBFDD85-AD18-11D3-A4C5-00C04F72D6B8,IEnumTravelLogEntry
7EBFDD87-AD18-11D3-A4C5-00C04F72D6B8,ITravelLogEntry
7ED70824-03AD-41C1-AB1A-950621776881,IEapQecMessenger
7EEEF31B-333B-45A2-A496-F299F94C1EAA,IWMContentIdWMWebServiceCallback
7EF1348C-22D5-4BB2-AA63-86D2475A67D3,ICmValidationObject
7EF39A3E-590D-4879-88D4-C9BE5BCFD92E,IDTCommandTarget
7EF50DDB-32A5-30A1-B412-47FAB911404A,_SoapDuration
7EF64C66-A77A-46EA-8E02-5169BF7878E4,ICcTypeToArchitectureMap
7EF86CFD-D561-4BA5-9F38-C1BFF588E3AC,IVsTextMarkerTypeProvider
7F06E16B-FB61-4E99-ABEF-0E4E243A5804,IVsdPropertyStreamIn
7F1EE169-15BE-44BE-B21E-6339FC029807,_CommandBarActiveX
7F5000A6-A440-47CA-8ACC-C0E75531A2C2,IMSVidRect
7F508D55-627F-4D7F-BE0B-9E3D829FF0ED,_dispProjectsEvents
7F57B996-148B-46DE-A261-B1A02E6D9DBA,IVsPreliminaryTextChangeCommitEvents
7F59E94E-4939-40D2-9F7F-B7651C25905D,TextPoint
7F5BA925-CDB1-4D11-A71F-339EB7E709FD,IVssHardwareSnapshotProviderEx
7F69C899-BF6F-464B-BBD6-98AE761C8B90,IVsdDeployable
7F6D695C-03DF-4439-A809-59266BEEE3A6,IPortableDeviceProperties
7F73BE3F-FB79-493C-A6C7-7EE14E245841,IInitializeWithItem
7F7CD0DB-91EF-49DC-9FA9-02D128515DD4,IVsSolution
7F8C2DA3-D337-334F-92E9-87BE9BDC6070,_ComponentChangingEventHandler
7F9139B0-B830-40DD-988F-71E23689450E,IVsdRegistryKey
7F9185B0-CB92-43C5-80A9-92277A4F7B54,IExecuteCommand
7F9DEC54-E33E-4E03-9456-B5577E180467,IMediaSync
7FA1499D-EC85-4A8A-A47B-FF69201FCD34,IVdsIscsiPortal
7FA2A2C6-276C-3F23-AF2A-800CCD05CFF2,_ItemDragEventArgs
7FA2B402-744D-34F5-AD8B-BD7C018B31F5,_HelpEventArgs
7FB08423-038F-3ACC-B600-E6D072BAE160,_CryptographicUnexpectedOperationException
7FB7EA43-2D76-4EA8-8CD9-3DECC270295E,IEventClass3
7FB9ACF1-26BE-400E-85B5-294B9C75DFD6,IRepetitionPattern
7FBCFDC7-5CEC-3945-8095-DAED61BE5FB1,_ResourceReader
7FCBEB25-ED60-45C9-9F5E-57B48493C4DD,IItemFilter
7FD52380-4E07-101B-AE2D-08002B2EC713,IPersistStreamInit
7FDA0B78-BFB6-4E35-8007-7EADD1C45880,IVsdShortcut
7FED806D-0EF8-4F07-80AC-36A0BEAE3134,ILatLongReport
7FEE7903-F97C-3350-AD42-196B00AD2564,_IsolatedStoragePermission
7FEE9E9A-4A89-47A6-899C-B6A53A70FB67,IMFActivate
7FF12CCE-F76F-41C2-863B-1666C8E5E139,IMFPresentationTimeSource
7FF85070-4667-4532-B149-63A7B205060B,IVsFindSymbol
7FF85072-4667-4532-B149-63A7B205060B,IVsFindSymbol2
7FFB5080-D7EA-42D9-8EE4-A5DD03FE0EC6,IContainsDeletedItems
8000E51A-541C-3B20-A8EC-C8A8B41116C4,_SuppressUnmanagedCodeSecurityAttribute
80031D2A-AD59-3FB4-97F3-B864D71DA86B,ISoapXsd
801570D9-06A8-40A2-BBBA-D05F5D721C51,IEnumHomeGroupMembers
8017B414-4886-33DA-80A3-7865C1350D43,_SignatureDescription
80182D03-5EA4-4831-AE97-55BEFFC2E590,IServicePartitionConfig
801885A0-9DC6-4E34-B064-1C3228F66794,IVsWindowFrame2
801E036B-FF03-46C9-B7A2-A4A2C5FEA837,IDataColumn
8025D477-47D3-449C-9350-C676140EE829,IHCNotification
802C03CF-0243-4DAF-BDE5-A1A9071B79D8,ISDChangeObj
802E2ACC-A7F8-3CA9-9114-F49998BEBE6E,_CodeMemberProperty
8034AAF4-3666-3B6F-85CF-463F9BFD31A9,_RSAPKCS1KeyExchangeDeformatter
80353F58-F2A3-47B8-B2DF-0475E07BB1C6,IVsSolutionBuildManager2
8039AA5C-D4D9-453B-8EFF-AF0426C2DD45,IVsdPersistPropertiesObject
8039C41F-4399-38A2-99B7-D234B5CF7A7B,_KeyNotFoundException
803E46E2-6A0D-4D5D-9F84-6CE1248B068D,IVsProjectCfgProvider
804BD226-AF47-4D71-B492-443A57610B08,IElevatedFactoryServer
804DCBDE-3A63-4C3C-9316-296C4C7E9140,IVsBrowseComponentSet
805B0E0A-7122-4855-962F-887E46D2F112,IVsPropertyFileIn
805D7A98-D4AF-3F0F-967F-E5CF45312D2C,IDisposable
805DB878-BC47-4149-862A-A12725DBC434,IVsOverrideTextViewAccessibilityState
805E3B62-B5E9-393D-8941-377D8BF4556B,IConvertible
8064A157-B5C8-3A4A-AD3D-02DC1A39C417,_Comparer
8068AE1D-26CB-3DB6-97CD-ED83DE116C5A,_CodeTypeMember
806F543F-44B9-4DB8-B454-C4E77E14BD3C,IDebugAutoDetachEvent
80853259-7216-45E3-A9AA-3427E1CA8C6D,ISyncInfrastructureEventSink
808F4E35-8D5A-4FBE-8466-33A41279ED30,IMXReaderControl
809945CC-4B3B-4A92-A6B0-DBF9B5F2EF2D,IMsTscAdvancedSettings
80B1DF24-D9AC-4333-B373-487CEDC80CE5,IFaxOutgoingQueue
80CE6646-8821-42ED-AB73-33E9D3B6058B,INetAddressEditor
80CE6647-8821-42ED-AB73-33E9D3B6058B,_INetAddressEditorEvents
80D0880A-BB10-4722-82D1-07DC8DA157E2,IDeviceEvent
80D3BFAC-57D9-11D2-A04A-00C04FB6809F,ITDigitDetectionEvent
80D3BFAD-57D9-11D2-A04A-00C04FB6809F,ITDigitGenerationEvent
80D9F33A-E33E-4475-9522-DDAAE4711FF3,IMSPropPage
80DA5818-609F-32B8-A9F8-95FCFBDB9C8E,_BStrWrapper
80F3A462-2B43-45A5-98A4-7A519B114899,IDebugCausalityEventCallback90
80F4779B-835D-4873-8356-2F34A759A514,CodeAttributeArgument
80F8C92F-A3D6-4EDE-80AC-05845C77C598,ICcServiceCB
81075FEB-0A85-439B-B25B-E9534ADF9811,IRegItemFolder
810E402E-056B-11D2-A484-00C04F8EFB69,ICrSlide
811DEB01-C1B0-4172-9CA3-504C5095882E,IVsThreadSafeCommandWindow
8127D409-CCD3-4683-967A-B43D5B482BF7,ITfTextEditSink
812A8B20-CB02-3483-8A29-424C6CDAC4B7,_ScrollableControl
812E1402-13A9-11D3-BD41-00C04F6EA5AE,IWMPLayoutMan
813D4C47-C186-44CE-B079-A03855601B9D,IVsdDeploymentManagerFireEvent
81456E86-22AF-31D1-A91A-9C370C0E2530,_Timeout
8148C20F-9D52-45B1-BF96-38FC12713527,IFaxInboundRouting
814F9C35-B7F8-3CEB-8E43-E01F09157060,_RIPEMD160Managed
8153E30D-EFC4-4DCB-9DB7-2114125D6C50,IIASNetshXMLHelper
8155E4CA-1607-4E69-81F4-24201A1C70B1,IDebugMachineShutDown
8165B19E-8D3A-4D0B-80C8-97DE310DB583,IServicedComponentInfo
816858A4-260D-4260-933A-2585F1ABC76B,IUpdateSession
816B2FBE-5C62-439E-8F67-8F0D5D82BC67,IVsPublishableProjectCfg
817B682B-5D96-4C97-9D71-1CB8D5478201,IIndexerTasks
818A2716-0B81-4050-A8C8-561E1721C4D4,DispTemplateRegionElement
818B6181-1B32-48B0-8FCD-AE2E431DB061,AsyncIGatherNotify2
818EC118-BE7E-3CDE-92C8-44B99160920E,_SoapAnyUri
8190236F-C4D0-4E81-8011-D69512FCC984,IVdsHwProviderType2
8195CA66-1B46-44FB-9E02-DA6BD7C7A68C,IVsHelpAppidInfo
819879CE-7A83-4C34-B4AE-F66BA416C8AD,VS7ONLY_IDebugPrivClassFactory2
819CC554-C7BF-4965-A4D4-937B2B6CD2E1,IVsDependencyProvider
81A06C98-4043-4E3B-8FDB-F60FA75A86AE,VCReference
81AA0D59-C3B1-36A3-B2E7-054928FBFC1A,_AmbiguousMatchException
81B9BBF7-876D-49E9-987D-36136EF92367,ISCRReportPartFetchOptions
81BBA398-4618-11D3-9D7F-00902741EE80,ISARequestAction
81BBA39A-4618-11D3-9D7F-00902741EE80,ISARequestStatusSink
81BEFC5B-656D-44F1-B24C-D41D51B4DC81,IEnumWIA_FORMAT_INFO
81C0E8E9-F1E9-45E0-B109-54ECB33D8019,_Events
81C189C5-0EF0-459C-B907-A22F6B7B355C,Breakpoint3
81CC6389-10E8-4949-B533-4A814174F99C,IRoamingControlProgress
81DDC1B8-9D35-47A6-B471-5B80F519223B,ICategory
81E26927-7A7D-40A7-81D4-BDDC02960E3E,IWindowsMediaLibrarySharingDeviceProperty
81F04AD1-4194-4D7D-86D6-11813CEC163C,IFeedFolder
81F36328-CAF0-4BE8-9E98-3FE08E778C0C,ISetCancelObject
81F9757C-95D2-3F01-81C2-40660016A5FB,_ComSoapPublishError
81F9B44F-BA3A-4F5D-9B51-090C74A9B3A4,IAccID
8205B3CD-6257-4701-9A7C-DF0E332D34C3,ISetupCABFileMsi
820B9B9A-3B45-4CAB-B7D8-968DC35C0148,IRegistrationCommand
82159C3E-6D53-4EE2-B5DC-10C9CCD44965,ISCRExcelViewDocument
821ABD48-96DC-4315-A2C4-82A7239B8166,IVsWebBrowserUser2
821F46F0-F565-4B80-A497-2C2DFBC07D03,VCCodeParameter
8241DDBA-CFA9-42E3-9D7B-4B6C8A9DADDF,ITextCorrectionSite
8243AD9B-A8D4-474D-9C44-CE20C67D4662,IDartStreams
82461B4A-B1A9-4357-94E6-5D39FD46161C,IEnumInfo
824F0D64-069C-4383-9107-F18FC40C3CA6,IHCObjectWithCanonicalName
82545B58-F203-4835-ACD6-6D0997AA6F25,IEEVisualizerService
8267BBE3-F890-491C-B7B6-2DB1EF0E5D2B,INetFwServiceRestriction
82705914-DDA3-4893-BA99-49DE6C8C8036,IEnumSyncMgrConflict
8279FEB8-5CA4-45C4-BE27-770DCDEA1DEB,ITopViewAwareItem
827BE7DC-1817-4171-A8FF-AAB3854913BF,_PublishEvents
8284B8A2-5176-4EF2-8581-7B534D2AC56E,LicenseInfo
8284B8A2-A8A8-11D1-A3D2-00A0C90AEA82,LicenseInfo
82871589-D680-4D86-B969-9D1102B00F6F,IVsSelectionEvents
828914F7-1D81-4F5C-83CE-37819D7EE759,_dispBuildManagerEvents
828ABC6C-5B18-43A0-9DA0-DEA07621553C,VCLanguageManager
82A2986C-0293-4FD0-B279-B21B86C058BE,IWMPSyncDevice
82A40D77-D2D4-4C93-AB11-8D50ADF02B1E,IVsProjectTextImageProvider
82AF0A65-9D96-412C-83E5-3C43E4B06CC7,IWMDMDeviceSession
82B02370-B5BC-11CF-810F-00A0C9030074,IReturnInteger
82B02371-B5BC-11CF-810F-00A0C9030074,IReturnBoolean
82B02372-B5BC-11CF-810F-00A0C9030074,IReturnString
82B21BAE-664B-43E1-95B1-0302805FF7D3,IVsHiddenTextSession
82BF64C6-E21C-4B78-9665-6933E767B430,ICallback
82C9DBF2-1DA8-4ED6-A5EC-8B876B46317C,ToolBoxItem2
82CBA86B-9F04-474B-A365-D6DD1466E541,IWMPLibrarySharingServices
82CDE783-3FC7-430D-B4DB-DD03E34694F4,ILocalizationResources
82D04B51-1626-43AA-B57F-9B23D4280333,IVsNavigableLocationResolver
82D3F946-C2F8-495B-8B5F-9C30ACDC6C81,IDebugStepCompleteEvent90
82D57B2B-C639-32A0-89B4-62A0C29DD64E,_CodeFieldReferenceExpression
82D5C776-4332-49FC-B632-726E57AD4796,IImeAsyncWordCommentDataReadyNotify
82D6B3BF-A633-3B3B-A09E-2363E4B24A41,_TypeLoadException
82D71DF5-6597-48C4-B5D5-B8B697FA36B5,IDebugProcessEx2
82D90758-4A15-11D3-9D85-00902741EE80,ISACommunicationChannel
82D9075A-4A15-11D3-9D85-00902741EE80,_ISACommunicationChannelEvents
82DBEA43-8CA4-44BC-A2CA-D18741059EC8,Extensions
82F2E224-92E8-11D3-9A1D-F2A67FD05A28,IVSFlexNode
831CE2D1-83B5-11D1-BB5C-00C04FB6809F,ITAddressEvent
832430FA-690E-4FEA-A840-C0F9D78C9B47,ICcAddon
8326CD1D-CF59-4936-B786-5EFC08798E25,IVdsAdviseSink
833AC10B-1C96-4D38-B0FD-E7D70BC89CD0,ISetupLogService2
833E4100-AFF7-4AC3-AAC2-9F24C1457BCE,IPCHCollection
833E41AA-AFF7-4AC3-AAC2-9F24C1457BCE,ISAFSession
833E4200-AFF7-4AC3-AAC2-9F24C1457BCE,IPCHService
833E98FD-6B66-40EE-9BFC-83503D55735B,IWMPlaylistEvent
8341F277-756B-433B-A78E-2221A2577339,ITransformInk
8359F3AB-643F-3BCF-91E8-16E779EDEBE1,_TypeEntry
835D1F61-1E95-4BC8-B4D3-976C42B968F7,ICertificationAuthority
8363BC22-B4B4-4B19-989D-1CD765749DD1,IWMPMediaCollection
83919262-ACD6-11D2-9028-00C04FA302A1,IDebugEngineSymbolProviderServices
839D7762-5121-4009-9234-4F0D19394F04,ITaskHandler
83A52DD6-A628-4128-A607-812A131255A3,ISetupCABFile4
83AB1712-18A6-47A1-8DA6-8C7B0F96092E,IDebugProcess3
83ACBFAE-1A16-33EB-ABA0-BA8DF0B206D7,_Control
83B2961F-AC2B-409B-89BD-DCF698E3C402,IVsDeferredSaveProject
83B3E945-3ABB-4C4A-B126-2C02395C5075,ISCRParameterFieldDiscreteValue
83BFB87F-43FB-4903-BAA6-127F01029EEC,IVdsSubSystemImportTarget
83C49FF0-5176-4EF2-8581-7B534D2AC56E,DataMembers
83C49FF0-B294-11D0-9488-00A0C91110ED,DataMembers
83CF873A-F6DA-4BC8-823F-BACFD55DC430,IMFTopologyNode
83CF873A-F6DA-4BC8-823F-BACFD55DC433,IMFTopology
83D31B2E-9990-4275-AE39-77D1FB5BBCD9,_CommandBars
83E81B93-0873-474D-8A8C-F2018B1A939C,IBackgroundCopyFile2
83F164D6-AC0E-11D3-9181-00902741EE7C,ISCRCursor
841190A7-1631-37B1-AC96-81109766E4DD,_RegistrationHelperTx
8415A1BF-1B7B-45A2-809B-5B60173DCB40,ISetupLogDB
8418AC8F-D567-496B-AD67-1515E8F6B896,IChangedEventArgs
84199E64-439C-3011-B249-3C9065735ADB,_UnhandledExceptionEventHandler
843188B4-CE62-43DB-966B-8145A094E040,IDVBTuningSpace2
8452D3AB-0869-11D1-A377-00C04FB950DC,IADsAcl
84594461-0053-4342-A8FD-088FABF11F32,IIdleSettings
84594A63-319B-43E7-92AE-FEFBB34A3B62,clsNotify
8474B65C-C39A-3D05-893D-577B9A314615,_InAttribute
84BA9C75-6C22-4590-9BDC-5584EADE039E,ICollectionAnchor
84BCCD23-5FDE-4CDB-AEA4-AF64B83D78AB,IFileSaveDialog
84BCEB62-16EB-4E1C-975C-FCB40D331043,COMMemberInfo
84C0FBC4-207C-4B4A-941A-6FB0681B1BE6,VsaProjectProperties
84DE07BC-43A2-4275-BCF9-D207D20E49ED,_WindowVisibilityEvents
84E7AC09-795A-3EA9-A36A-5B81EBAB0558,_Nullable
84F41718-D169-4567-A0CD-B3CBCF58FF71,IVsCreateAggregateProject
84FBCB95-5600-404C-9187-AC25B4CD6E94,ISignedCode
85075ACF-231F-40EA-9610-D26B7B58F638,IInitializeCommand
850AF9D6-7309-40B5-BDB8-786C106B2153,IOpenServiceActivityCategory
851789A5-43CC-4BF1-8BF9-CDE184F34293,IVsdDeployment
851D821B-1E0C-3E91-832D-BA593523F566,_CodeMethodReturnStatement
851E9802-B338-4AB3-BB6B-6AA57CC699D0,IFilter
852C7D42-794F-43CD-A18F-CD40E83E67CD,IDebugPropertyClose2
853BC437-CA6E-375D-BCBB-818E917D9691,_CodeRemoveEventStatement
85451F83-B5CA-437F-A619-0CB705707420,_ProjectsEvents
85468E1D-A144-4F31-B48D-3B3CEBD3291F,ISetupMedia2
854D745C-6742-42C0-8BB9-01EC466B6E87,Internal_IWbemEventConsumerProvider
854ED19D-3591-49E5-9403-87550BDAEEEB,IVsdProperty
8550419B-AC9D-4DC8-8019-534FDC3E86CE,IItemChangeArray
8556BCD0-E01E-11CF-8E74-00A0C90F26F8,IImages
8556BCD2-E01E-11CF-8E74-00A0C90F26F8,IImage
855D6203-7914-48B9-8D40-4C56F5ACFFC5,IOfflineFilesCache
855E6566-014A-3FE8-AA70-1EAC771E3A88,IChannelInfo
85601FEE-A79D-3710-AF21-099089EDC0BF,_MaskGenerationMethod
8560CECD-DFAC-4F7B-9D2A-E6D9810F3443,IVsCodeWindow
8566698A-9089-4950-924B-0E6BECC53852,IVsdMsiValidationClient
85682905-13C3-3F08-87BC-22D304A00A74,_ClrObjectFactory
85713FA1-7796-4FA2-BE3B-E2D6124DD373,IWindowsUpdateAgentInfo
857E3097-E1ED-3050-A909-B41C51D99164,_Compensator
857F86E2-6D4C-11D2-A0E2-00A0C9E71419,_CrystalGridEvents
8588E475-BB33-4763-B4BA-0322F839AA3C,IVsBuildableProjectCfg
858E81FE-B577-44E3-AE12-2A31FEBA772F,IVsHelpTopicList
85941ABF-4F4B-11D3-9D8A-00902741EE80,ISACompoundRequest
85973B89-8468-44D3-B2C8-4B34E16AA7EA,ISetupFileService
859E0D8D-62D7-41D8-A034-C0CD5D43FDFA,IAzRole interface
85A8DE22-8105-4406-8821-88ECF3230CF5,IVsdModuleProperties
85AC9776-CA88-4CF2-894E-09598C078A41,IDiscRecorder
85AEE342-48B0-4244-9DD5-1ED435410FAB,IInkDivisionUnit
85B4A627-7552-3AA6-8A1C-A213C5788FEC,_WebClient
85B6DE10-B616-487F-81FA-3B4E834B006E,_BulkImporterEvents
85C547F1-72C3-4B5B-90A1-11DBAD7F23A1,IFPACApplication
85C86CC7-D680-419F-9624-FECB8AB9BFA3,ISCRFormulaSyntax
85CB6900-4D95-11CF-960C-0080C7F4EE85,IShellWindows
85D0432E-4088-409F-B5A4-C5C990AD7ABB,IVCMidlOutputPage
85D18B6C-3032-11D4-9348-00C04F8EEB71,IHNetCfgMgr
85D18B6D-3032-11D4-9348-00C04F8EEB71,IHNetBridgeSettings
85D18B6F-3032-11D4-9348-00C04F8EEB71,IHNetIcsSettings
85D18B70-3032-11D4-9348-00C04F8EEB71,IHNetProtocolSettings
85D18B71-3032-11D4-9348-00C04F8EEB71,IHNetConnection
85D18B73-3032-11D4-9348-00C04F8EEB71,IHNetIcsPublicConnection
85D18B74-3032-11D4-9348-00C04F8EEB71,IHNetIcsPrivateConnection
85D18B75-3032-11D4-9348-00C04F8EEB71,IHNetBridge
85D18B76-3032-11D4-9348-00C04F8EEB71,IHNetBridgedConnection
85D18B77-3032-11D4-9348-00C04F8EEB71,IEnumHNetBridges
85D18B79-3032-11D4-9348-00C04F8EEB71,IEnumHNetIcsPublicConnections
85D18B7A-3032-11D4-9348-00C04F8EEB71,IEnumHNetIcsPrivateConnections
85D18B7D-3032-11D4-9348-00C04F8EEB71,IEnumHNetBridgedConnections
85D18B7E-3032-11D4-9348-00C04F8EEB71,IHNetPortMappingProtocol
85D18B80-3032-11D4-9348-00C04F8EEB71,IHNetPortMappingBinding
85D18B81-3032-11D4-9348-00C04F8EEB71,IEnumHNetPortMappingBindings
85D72F83-BE91-3CB1-B4F0-76B56FF04033,_STAThreadAttribute
85DA4432-40BA-4221-8CA0-730B85E615AE,IHTMLElemCtxStream
85DB95DF-8879-4EF3-B9BD-86CE79737D5A,IPrivEnumSyncMgrEvents
85DF5081-1B24-4F32-878A-D9D14DF4CB77,ITriggerCollection
85EAEBD9-44CD-4C84-815A-F22031E0D6D4,IImeKeyMapView
85EF9417-1D59-49B2-A13C-702C85430894,IInkCursorButton
8608FE7B-2FDC-318A-B711-6F7B2FEDED06,_SafeArrayRankMismatchException
860AB609-8AF2-4434-B4DD-A43DEE31B017,CodeInterface2
860D8FD9-0219-43EA-AE7F-59611F4CC16A,AsyncINapSystemHealthAgentCallback
86187C37-E662-4D1E-A122-7478676D7E6E,ILibraryDescription
86230738-D762-4C50-A2DE-A753E5B1686F,IFlashObject
8628F27D-64A2-4ED6-906B-E6155314C16A,IRemoteProxyFactory
862B742D-83E6-47EA-978F-527DE3121F7F,VCCodeEnum
863A99A0-21BC-11D0-82B4-00A0C90C29C5,ITargetNotify
86443FF0-1AD5-4E68-A45A-40C2C329DE3B,IFunctionDiscoveryProviderFactory
86462810-593B-4916-9764-19C08E9CE110,ITfContextOwnerCompositionServices
864AC9FF-9083-437D-88CD-DDA3809C8269,ITipHostWindow
86573F6E-D45D-4DB9-A6C2-E5F678835A4F,IImeDeleteWordRequest
86627EB4-42A7-41E4-A4D9-AC33A72F2D52,IRegisteredTaskCollection
866311E6-C887-4143-9833-645F5B93F6F1,Project
866738B9-6CF2-4DE8-8767-F794EBE74F4E,IShellDispatch5
8667657B-D4D2-4042-B201-A313D2A1E0F7,DispFormElement
86874AA7-A1ED-450D-A7EB-B89E20B2FFF3,IGameExplorer2
868A4381-537A-4D61-803C-301819CE2C2F,IVsColorizer2
868CE85C-8EA9-4F55-AB82-B009A910A805,IMFPresentationClock
869447DA-9F84-4E2A-B92D-00642DC8A911,IEnumUICommand
869F1AF5-BA83-4FF7-8BF3-E5C0F109184E,ITokenReplacer
86ACA0B1-3E06-11D3-9169-00902741EE7C,ISCRDataDefinition
86ACA0B3-3E06-11D3-9169-00902741EE7C,ISCRDatabase
86ACA0B5-3E06-11D3-9169-00902741EE7C,ISCRSort
86ACA0B7-3E06-11D3-9169-00902741EE7C,ISCRTopNSort
86ACA0B9-3E06-11D3-9169-00902741EE7C,ISCRField
86ACA0BB-3E06-11D3-9169-00902741EE7C,ISCRDBField
86ACA0BE-3E06-11D3-9169-00902741EE7C,ISCRFormulaField
86ACA0C0-3E06-11D3-9169-00902741EE7C,ISCRParameterField
86ACA0C2-3E06-11D3-9169-00902741EE7C,ISCRSpecialField
86D52E11-94A8-11D0-82AF-00C04FD5AE38,ITargetFrame2
86D6986D-B7E8-4246-B823-14BEE2C4232A,IExplorerFrameCallback
86DEAD1A-8861-4F47-B522-53BFEB52DF57,ISetupFileErrorInfo
86E0BA7F-4AF3-434D-A6C2-88DB97A412D8,IPrivateCallbackThread
86FD0779-FBBE-41CC-B444-6EE8676F4F2C,Thread2
8706233B-BD4C-11D2-9238-00A02448799A,IDebugENCLineMap
87066898-76AB-45E2-B33C-C5B6B99BB03E,IVsLiteTreeEvents
870AE94C-CD50-45EE-AE5D-36210ADD3305,ILUALaunch
870DE4C1-52E4-49A3-9A7E-567CE0A57F49,ISdFileSizeEstimate
87112AF1-EA8B-40DE-873C-89C7B97D6E72,IQELink
87184086-85E4-420C-A969-B5F12914A283,IDebugAutoAttachCallbackFactory2
871DDC46-B68E-3FEE-A09A-C808B0F827E6,_RankException
87291B50-0C8E-11D3-BB2A-00A0C93CA73A,IWMPButtonCtrl
873640AA-C103-46D5-B6C6-4E95D912E320,DSSCheckEvents
87379803-2FAD-4801-ABDF-218B5D2F076F,IDebugProgramJIT2
873B1E79-86BC-4CAE-B969-64D710E34104,IVsdMachineUrlAssistant
87460AC2-91BC-4D7F-B085-61F8D00F3D0B,IVsdDeployableBuildFireEvent
8746F127-9983-4926-9878-2167F71F2A49,VBAProjectConfigProperties
875715C5-CB64-3920-8156-0EE9CB0E07EA,_RC2CryptoServiceProvider
875D3D43-5FEE-4F37-B3D8-23454E99A4D2,IMFStreamSignalHandler
875F3F54-EBB3-404C-831E-68C8B26F96E3,MFCDialogNumberVariableExtender
876E7208-0172-4EBB-B08B-2E1D30DFE44C,IBatterySavedPreset
877A0DA6-A43E-4046-9BE3-F916AFF4FA7B,IDebugAddress2
87955690-E627-11D2-8DDB-00105A2799B5,ITfLangBarMgr
87BC18DC-C8B3-11D5-AE96-00B0D0E93CC1,IHostDebugServerInstance
87BC18DD-C8B3-11D5-AE96-00B0D0E93CC1,IHostDebugEvent
87BC18DE-C8B3-11D5-AE96-00B0D0E93CC1,IHostDebug
87BC18DF-C8B3-11D5-AE96-00B0D0E93CC1,IHostDebugBinary
87BC18E0-C8B3-11D5-AE96-00B0D0E93CC1,IEnumHostDebugSymbol
87BD2783-EBC0-478C-B4A0-E8E7F43AB78E,IMSVidDevice2
87C1D1F5-564D-4E72-9AF7-E9D6211225F0,IDiskLibEvent
87CC5D04-EAFA-4833-9820-8F986530CC00,IWebBrowserEventsUrlService
87D79AE6-D405-4B7D-8E5D-6A3CFBCDDC6F,IMsiServer
87DFC8DA-67B4-4954-BB89-6A277A50BAFC,Debugger3
87F55344-17E0-30FD-8EB9-38EAF6A19B3F,_SynchronizationLockException
87F5BFB1-71A8-4F83-9431-B7129973B8F8,IWMEncAudienceObj
88034C53-AE71-434A-A331-BDF5227EE57A,IDebugNativeEnvoy2
88068FD0-69A1-4EA2-B9B9-0DB81CBF529A,AsyncITipAutoCompleteStateSink
88105779-D75B-459E-B7AD-78F63BD40714,IVsContainedLanguageColorizer
881F25A5-D755-4550-957A-D503A3B34001,IAzRoleDefinitions interface
8827318C-33C6-11D3-BF4B-00C04F79EFBC,ICSharpEventsRoot
882A274F-DF2F-4F6D-9F5A-AF4FD484530D,IFormats
882CF9C1-429B-11D4-BF2A-00609708411E,IQEDatabaseField
882CF9C3-429B-11D4-BF2A-00609708411E,IQEExpressionField
882CF9C5-429B-11D4-BF2A-00609708411E,IQESummaryField
88306BB2-E71F-478C-86A2-79DA200A0F11,IVdsVolume
88471AE5-7782-11D4-9E20-00902741EE80,ISCRChartStyle
88471AE6-7782-11D4-9E20-00902741EE80,ISCRChartTextOptions
884CCD87-B139-4937-A4BA-4F8E19513FBE,ISyncMgrSyncCallback
884E204A-217D-11DA-B2A4-000E7BBB2B09,IX509PolicyServerUrl
884E204B-217D-11DA-B2A4-000E7BBB2B09,IX509PolicyServerListManager
885B5E08-C26C-4EF9-AF83-51580A750BE1,IFaxInboundRoutingExtension
885C7B80-3FA2-4E5A-BE07-CF01E1D6E2CD,iaudiomuteapo
886D8EEB-8CF2-4446-8D02-CDBA1DBDCF99,IPropertyStore
88827978-452B-428B-9CAF-563796B0216E,IVsdInertValidationTaskListItem
888A5A60-5176-4EF2-8581-7B534D2AC56E,Hyperlink
888A5A60-B283-11CF-8AD5-00A0C90AEA82,Hyperlink
8895B1C6-B41F-4C1C-A562-0D564250836F,IPreviewHandler
8897D14B-7FB3-3D8B-9EE4-221C3DBAD6FE,_MissingMemberException
88A05C00-F000-11CE-8350-444553540000,IShellLinkDual
88A3E6ED-EEE4-4619-BBB3-FD4FB62715D1,ISCPSession
88AEE058-D4B0-4725-A2F1-814A67AE964C,ISearchCompletedCallback
88AFB4B2-140A-44D2-91E6-4543DA467CD1,IWMPSyncDevice2
88D2F75B-D329-4E03-9B75-201F7782D8BD,IDebugLogicalThread2
88D9846A-4E61-4EA0-80CF-B6EA5D24AAE5,IVCManagedResourceCompilerPage
88DDCD21-03C3-4275-91ED-55EE3929328F,IMFRateControl
88DF5674-092A-4D40-8A48-193B3D4790D7,ISCRFormulaFieldController
88E04DB3-1012-4D64-9996-F703A950D3F4,IPortableDeviceDataStream
88E39E80-3578-11CF-AE69-08002B2E1262,IShellView2
88EB9442-913B-4AB4-A741-DD99DCB7558B,IListViewFooterCallback
88F3781C-6902-4647-9A6B-A74F450AF861,Internal_IWbemEventConsumerProviderEx
88F567C6-1757-49F8-A1B2-89234C1EEFF9,ITfFnConfigure
88FFEA2B-3A8F-4DAB-8043-D1D8292C6939,IDebugMarshalledObject2
8903A770-F55F-11CF-9227-00AA00A1EB95,IVSSCheckouts
891EADB1-1C45-48B0-B704-49A888DA98C4,ITaskCntrCtrl
891FCAAB-1FB2-44A5-BB4B-0D764DFE88CC,IPrivacIEAdvisor
892F230F-FE00-4A41-A98E-FCD6DE0D35EF,ITfInputProcessorProfilesEx
89304439-A24F-30F6-9A8F-89CE472D85DA,_MethodReturnMessageWrapper
893D639F-BBC7-4473-8FFE-A5D198149479,IClosedTabManager
8948300F-8BD5-4728-A1D8-83D172295A9D,IDebugSession2
894AD3B0-EF97-11CE-9BC9-00AA00608E01,IOleUndoUnit
894C1337-51FD-415D-8040-7AFA4B511D66,IImeCandidateEntry
895801DF-3DD6-11D1-8F30-00C04FB6809F,ITCallNotificationEvent
8965A22F-FBA8-36AD-8132-70BBD0DA457D,IResourceReader
8973710C-8411-4951-9E65-D45FD524FFDF,IPolicyInformation
897471F2-9450-3F03-A41F-D2E1F1397854,_TextReader
8978B0BE-A89E-3FF9-9834-77862CEBFF3D,_KeySizes
899456B4-E5AD-49EF-AB04-1CED913A6E44,WebFileProperties2
89B2E422-4F1B-4316-BCEF-A44AFEA83EB3,IPortableDevicePropVariantCollection
89B9F00B-AA2A-3A49-91B4-E8D1F1C00E58,_UTF7Encoding
89BCB740-6119-101A-BCB7-00DD010655AF,IFilter
89DB37B8-CE29-4B14-AA05-6D5AEABE2FB0,ISnapshot
89DB7429-F4A4-4F26-B832-2EB963A19AAA,SVsPathVariableResolver
89E148C4-2424-30AE-80F5-C5D21EA3366C,_EastAsianLunisolarCalendar
89F2A8BE-95A9-4530-8B8F-88E971E3E25F,IInkExtendedProperties
89FF44C6-979D-49B6-AF56-EC9509001DE4,VSProjectItem
8A05CE44-715A-4116-A189-A118F30A07BD,IRDPSRAPIWindowList
8A0DC377-A9D3-41CB-BD69-AE1FDAF2DC68,Internal_IWbemEventProviderQuerySink
8A11ABE3-1486-454B-A44E-198C2FF99985,IVsdProjectEditorClientWindowManager
8A15A010-521F-4766-9AB9-693C9ED0FD73,VCCodeBase
8A198B05-6D4B-11D2-A0E2-00A0C9E71419,ICrystalGridControl
8A24C46E-BB63-4664-8602-5D9C718C146D,IESValueUpdatedEvent
8A2D0A9D-E920-4BDC-A291-D30F650BC4F1,IOpenServiceActivityManager
8A3F9EDF-2346-4E8A-B725-A66C2E124DE8,ISDUtilities
8A40A45D-055C-4B62-ABD7-6D613E2CEAEC,INetwork
8A456287-C88B-4BFC-8404-A15902C9A174,IExtension
8A49A5EA-5E80-46D0-8506-285496E4592E,ICommandButtonInfo
8A5F0DA2-7B43-3767-B623-2424CF7CD268,_ObfuscateAssemblyAttribute
8A64A872-FC6B-4D4A-926E-3A3689562C1C,CustomTaskPaneEvents
8A674B4A-1F63-11D3-B64C-00C04F79498E,IEnumComponentTypes
8A683C90-BA84-11CF-8110-00A0C9030074,IReturnSingle
8A683C91-BA84-11CF-8110-00A0C9030074,IReturnEffect
8A6D2022-4A8F-4EB9-BB25-AA05201F9C84,IDXTRandomBars
8A7C1442-A9FB-366B-80D8-4939FFA6DBE0,_FieldInfo
8A87781B-39A7-4A1F-AAB3-A39B9C34A7D9,IDestinationStreamFactory
8A8921BE-42C7-4984-82E9-C68B12C2B22E,IVsSelectedSymbols
8A9899AE-041F-431B-85D0-E44F35D65CDD,IVsToolbox4
8AA85302-D2E2-4E20-8B1F-A571E437D6C9,ITemplateSdo
8AA9644E-1F6A-4F4C-83E3-D0BAD4B2BB21,IWorkflowBuildHostProperties
8AAAE505-82CF-4F0C-BEED-C3365C3BB270,IImeReconversionEndNotify
8ABAD867-F515-3CF6-BB62-5F0C88B3BB11,ICryptoTransform
8ABD2347-3360-46AE-96FA-3B70A44D3F73,IVsEditorFactory2
8ABE01DB-4CB1-4BE7-961F-D30B2EF6AEB1,SVsMainWindowDropTarget
8AC673D1-A915-4613-B933-B7D01E9BE494,IWMNeedsAudioIdCallback
8ACA8016-B08C-4C5A-99CA-C24488385828,IAESCheck
8AD2BB74-1382-4C5E-99BA-6485A56D9D54,ICommandBarStateSnapshot
8ADBD7BF-120A-42C5-920A-3DCF7A54755F,IVCLinkerGeneralPage
8AE32723-389B-4A11-9957-5BDD48FC9617,IDispLatLongReport
8AF3451E-154D-3D86-80D8-F8478B9733ED,_BaseChannelSinkWithProperties
8B167D60-8605-11D0-ABCB-00A0C90FFFC0,DScriptControlSource
8B189642-3252-4214-B153-87FCDB178E75,ISmartTagClient
8B2221DA-CF51-4888-9DA4-1274F4AFF6D3,ISetupOpType
8B4263B7-EB6F-4981-A407-9A570A9378AC,_ISCRDataDefControllerEvents
8B434050-B341-4A0C-A7B3-57175D2393A3,IGameCompanyInfoCollection
8B5050FF-E0A4-4808-B3A8-893A9E1ED894,IWMPSyncServices
8B5E2BFD-4642-4EFE-8AF4-0B2DA9AAA23C,Debugger2
8B63FEE2-AE22-40CC-85BC-45CCB7578289,ILinksMonitor
8B654221-CF28-4A26-9902-2226D56C8D60,ISCRReportDefController2
8B81ECC0-8690-45A9-A015-23131B113A64,ISAPlayBack
8B833E3A-227D-49AF-B325-4DD815A7FA6C,IVsdPrjPackage
8B83E7CC-51A8-4FF2-98B4-8B321853DBD6,IDebugRemoteNativeClient2
8B86F485-FD7F-4824-886B-40C5CAA617CC,IFaxJobStatus
8B8EB248-FC2B-11D2-9D8C-00C04F72D980,IEnumTuningSpaces
8B97E605-D054-11D0-B226-00C04FB6C2F5,IFaxStatus
8B99712B-5815-4BCC-B9A9-53DB1C8D6755,ITfRangeAnchor
8BA019B1-F6A7-4B9C-AA37-1CB0DD147C96,IImeReadingCandidate
8BA82254-56F9-4DEB-BF78-B6A628724F82,DatePicker
8BA957F5-FD8C-4791-B82D-F840401EE474,IWMPMediaCollection2
8BAEBA9D-8F1C-42C4-B82C-09AE79980D25,IEnumBackgroundCopyJobs1
8BAF931F-DFDA-486A-A4BA-959B9268A605,BrowseDialog
8BAFE0AD-DB29-48EF-ACD0-45A3969AA56B,IImeCandidateInlineComment
8BD21D12-EC42-11CE-9E0D-00AA006002F3,MdcTextEvents
8BD21D13-EC42-11CE-9E0D-00AA006002F3,IMdcText
8BD21D22-EC42-11CE-9E0D-00AA006002F3,MdcListEvents
8BD21D23-EC42-11CE-9E0D-00AA006002F3,IMdcList
8BD21D32-EC42-11CE-9E0D-00AA006002F3,MdcComboEvents
8BD21D33-EC42-11CE-9E0D-00AA006002F3,IMdcCombo
8BD21D42-EC42-11CE-9E0D-00AA006002F3,MdcCheckBoxEvents
8BD21D43-EC42-11CE-9E0D-00AA006002F3,IMdcCheckBox
8BD21D52-EC42-11CE-9E0D-00AA006002F3,MdcOptionButtonEvents
8BD21D53-EC42-11CE-9E0D-00AA006002F3,IMdcOptionButton
8BD21D62-EC42-11CE-9E0D-00AA006002F3,MdcToggleButtonEvents
8BD21D63-EC42-11CE-9E0D-00AA006002F3,IMdcToggleButton
8BE10E28-6AE3-42E5-B142-8F6802E85C3F,IObjectWithItemKey
8BE2D872-86AA-4D47-B776-32CCA40C7018,IKnownFolderManager
8BE6C9D5-CD88-4D47-AD45-047586F14DF4,ISimpleXPathBindingCollection
8BF833D8-24B6-44D9-BD6D-E97E9EDC36B7,VSTDocument
8C033CAA-6CD6-4F73-B728-4531AF74945F,IVBSAXXMLReader
8C03D21B-95A7-4BA0-AE1B-7FCE12A72930,IEnumTfRenderingMarkup
8C11EFAE-92C3-11D1-BC1E-00C04FA31489,IMsTscAx
8C12EE83-8A58-43FD-86C9-299D33722039,IHomeGroupCplUpdate
8C163D3C-95FB-4B8D-B9A3-878C8085EFC5,IPerfCenterEnabler
8C213AC2-FF13-4361-9FC5-39D368D26CD3,IVsWindowFrameNotify3
8C248251-3E6C-3151-9F8E-A255FB8D2B12,_TextElementEnumerator
8C2A8A68-8844-4E55-B0A1-805B4DA0DEB2,IVsSmartTagData
8C3F1CDD-6173-4591-AEBD-A56A53CA77C1,IDownloadProgressChangedCallback
8C444EF9-5863-4AB1-A1D0-55CC60AC253A,IVsLanguageInfoPackage
8C453B03-8907-435B-96D7-573C40948F5C,IEnumWindowFrames
8C4A2B6E-6377-4C71-9940-FBA1BE6EDD6F,IVsTextMarkerType
8C4E56B8-2EEC-4517-97D7-B3CEA4028D80,IVsdMsiOutput
8C59322F-F915-4757-9925-4FB4DF1DD7D7,IInitializeWithItemArrayAndGPSFlags
8C5DAC4F-083C-4B85-A4C9-71746048ADCA,IEnumSpeechCommands
8C85B440-D8F7-48C3-98E0-A91513F7D829,IEnumPropertyUpdates
8C9EE71B-4660-49A0-926E-E97A3379CDD7,IEnforceGrfMode
8CA3273D-A907-4E4A-98BC-CF3B292FA3DE,IVsdDependencyPlugIn
8CA6C1BB-BE62-4739-80AB-D5ECC7605358,IFontManager
8CBFFBBE-241E-4B9C-9926-C06F7374386C,IVsNonSolutionProjectFactory
8CC497C0-A1DF-11CE-8098-00AA0047BE5D,ITextDocument
8CC497C1-A1DF-11CE-8098-00AA0047BE5D,ITextSelection
8CC497C2-A1DF-11CE-8098-00AA0047BE5D,ITextRange
8CC497C3-A1DF-11CE-8098-00AA0047BE5D,ITextFont
8CC497C4-A1DF-11CE-8098-00AA0047BE5D,ITextPara
8CC497C5-A1DF-11CE-8098-00AA0047BE5D,ITextStoryRanges
8CD12AF4-49C1-4D52-8D8A-C146F47581AA,IDebugStackFrameSnifferEx64
8CDF4B81-AD17-43E9-AB3E-12E5C10934AD,IEnumOfflineFilesSettingNames
8CE58FF5-F26D-38A4-9195-0E2ECB3B56B9,_Directory
8CEA6D39-EBEE-4DE9-B282-B5CECE9C9861,Engine
8CEC5884-07A1-11D9-B15E-000D56BFE6EE,IHxHelpPane
8CEC592C-07A1-11D9-B15E-000D56BFE6EE,IHxHelpPaneServer
8CEC595B-07A1-11D9-B15E-000D56BFE6EE,IHxInteractiveUser
8CFAC062-A080-4C15-9A88-AA7C2AF80DFC,ITaskFolder
8D0AA9CC-8465-42F3-AD6E-DFDE28CCC75D,ObjectExtenders
8D0EE17C-ECA3-45A2-8E4B-158E56D6E3C4,IImeCandidateExtraInfoForTIP
8D14BCA6-34CE-4EFE-AC7E-0ABC61DADB20,IEnumDebugPrograms2
8D19C834-8879-11D1-83E9-00C04FC2C6D4,IOplockStorage
8D1A7D76-B267-33A3-8165-5381A392125D,_AppDomainHelper
8D24CB57-E12F-4220-9367-6D7F1946C966,ISetupOpTypes
8D2EC486-8098-4AFA-AB94-D270A5EF08CE,IVsPersistSolutionProps2
8D36BEB8-9BFE-47DD-A11B-7BA1DE18E449,IDebugPortRequest2
8D46C1B6-BBAB-450D-A61F-4DDC898B21D4,IPDFShellInfo
8D520D10-0B8A-3553-8874-D30A4AD2FF4C,_InvalidOperationException
8D597C42-2CFD-32B6-B6D6-86C9E2CFF00A,_SecurityElement
8D5F5811-FFA1-3306-93E3-8AFC572B9B82,_FieldAccessException
8D6EED60-2737-4425-B38A-490EF273ACBB,IDebugPortPicker
8D79A7D3-6397-48EE-BC1F-1F021F8FFF1C,ICatBandManager
8DA59CDF-B8C0-4223-ADC2-8228EBBBE8BD,ISuggestFilterCallback
8DA61686-4668-4A5C-AE5D-803193293DBE,IWMPDVD
8DA6F689-2A3D-43E4-8990-96CE868A81CF,ISCRReportStateInfo
8DB2180E-BD29-11D1-8B7E-00C04FD7A924,IRegister
8DB6AE56-7EA1-421C-9C22-D3247C12C6C4,IHCNotificationInternalP
8DB985FB-EE61-4483-A430-888AAC2A3893,IVsWebAdministrationService
8DCC8327-DBE9-48E6-846C-33725865D50C,IUPnPPrivateCallbackHelper
8DD5142F-7E23-4C44-9DD7-98B9C7032535,INapEnforcementClientConnectionPrivate
8DF232F5-821B-11D1-BB5C-00C04FB6809F,ITAddressCapabilities
8DF47AB6-DC4D-4A1F-9068-67EC018DDB29,ISCRReportInfo
8DFADEAD-26C2-4EFF-8A72-6B50723D9A00,IOfflineFilesFileItem
8E0316B4-BD25-4899-9BEC-9441EE4915DD,ISusInternal_V5
8E068CEA-D004-4F6F-9AEA-46CB27995A85,IVCWebDeploymentGeneralPage
8E07FA2C-B44B-3818-BA44-D88F2A69E8B6,_ToolStripDropDownMenu
8E17A5CD-1160-32DC-8548-407E7C3827C9,_CallConvStdcall
8E1AB056-752C-11D2-89D2-98FA4F000000,IFontDesc
8E203240-537D-11D3-BD8C-000000000000,IVSFlexDataSource
8E20A119-C257-43BF-B365-3D4C800FD5A7,IEnumVMIDs
8E21CE22-4F17-347B-B3B5-6A6DF3E0E58A,_NotFiniteNumberException
8E259232-B015-4736-A95E-42DCA7FB11F8,IWMEncSourceCallbackAdvanced
8E267026-33C6-11D3-8D52-00C04F8ECDB7,IVCBuildOptionsPage
8E267027-33C6-11D3-8D52-00C04F8ECDB7,VCProjectConfigurationProperties
8E267028-33C6-11D3-8D52-00C04F8ECDB7,VCFileConfigurationProperties
8E267029-33C6-11D3-8D52-00C04F8ECDB7,VCDirectories
8E2F1269-185E-43C7-8899-950AD2769CCF,ProjectItems
8E2F2315-0036-4F47-B6FD-B86C67EC1AB3,IMFNetEvent
8E3DF5C0-BD09-4CD7-A838-C3C16CB826BA,IMsiServer2001
8E40D748-F682-4951-B465-16D0C252A69D,IVsProjectDataConnection
8E4AA768-51E1-11D3-85CF-00C04F6123B3,FolderProperties
8E4BBD34-A2F4-41EF-87B5-C563B4AD6EE7,IEnumDebugExceptionInfo2
8E54A9CC-7AA4-34CA-985B-BD7D7527B110,_ResolveEventHandler
8E5C54DB-F939-4A40-931F-63CB4B7CC4DF,IVsHelpOnlineF1Callback
8E5E0B95-750E-310D-892C-8CA7231CF75B,IMethodMessage
8E61AD1D-76AE-3501-9B36-481BFEBD3E3E,_SplitterEventArgs
8E621D2B-5A4C-450C-8B78-C7F52C1F1D9B,IResultSetFactory
8E861CC7-D21C-43E7-AB7B-947921689B88,IDebugFunctionObject2
8E86C79D-9972-4F03-94A5-20E8571A4CB9,IWMEncSourcePluginCommunicator
8E8934D3-818E-40C3-B42F-A4930D352830,IWMEncOspreyHelper
8E8E55A9-4111-4808-A0D0-7F067FB3A62F,IVsProfileSettingsFileInfo
8E935BCB-21E1-377C-A59F-89F7BA5A4E0F,_ProgressBar
8E93D770-6168-4B68-B896-A71B74C7076A,IDebuggerObject
8EB28244-D2FC-4E0E-90DB-61CFFBFE0AE1,IImeCommandTableChangeNotify
8ED115A1-5E7B-34DC-AB85-90316F28015D,_SoapBase64Binary
8ED8981B-7C10-4D7D-9FB3-AB72E9C75F72,IEnumTfPropertyValue
8ED9966C-102F-45B0-8293-BB9F2463A6F2,SVsSQLCLRReferences
8EE48E9E-7DA9-4B7B-8F08-E38651D72AA3,VCCodeIDLCoClass
8F023C2C-3A42-4DE9-B655-0061455C4566,ICcDevice
8F1A7EA6-1654-4502-A86E-B2902344D507,IEnumTfContexts
8F1BAED9-52EC-3545-9CF0-6ED71A76A5CA,_CodeGotoStatement
8F2AC456-6D55-11D3-9DA2-00902741EE80,ISCDErrorReporter
8F402A89-F4DA-44FA-95D3-B0DD2B62413E,IWMPContentPartnerEventsInternal
8F4143BC-1F3C-4680-A8BB-E5E77EFB3BBA,ISCRMultiColumnArea
8F435BAD-95A1-4032-8CD0-DC74F67CB106,SVsConfigurationManagerDlg
8F45ABF1-F9AE-4B95-A933-F0F66E5056EA,IUpdateSearcher
8F4B2F5D-EC15-4357-992F-473EF10975B9,IVdsDisk3
8F591607-2A26-4A9D-A6C5-147C2E51E895,IVsEnumLayerMarkers
8F735CC5-D544-4D50-AAC5-2044A2E1AE61,IWMAggregateConfirmationTraces
8F942DD8-64ED-4AAF-A77D-B23DB0837EAD,ITPhoneEvent
8FA8D496-CAF1-40B3-BC58-5FC877FEFEA7,WebSettings
8FC734F2-C230-11D7-BA5F-505054503030,IPathTranslator
8FD0F76A-29BF-3982-8335-C9B44ABF31C3,_CodeTryCatchFinallyStatement
8FD4711D-2D02-4C8C-87E3-EFF699DE127E,ITaskSettings
8FD56502-8724-3DF0-A1B5-9D0E8D4E4F78,_Encoder
8FD7F3BB-C09E-4C0C-830F-114FFA8BF4F8,IDebugThread90
8FD9748A-D04F-3DFB-96A8-5624290F4554,_ToolStripItemAccessibleObject
8FDF6CA1-0189-47E4-B670-1A8A4636E340,IWPCSettings
8FE0E50A-785A-4A50-8EDB-1D054D68EF87,IVsParentHierarchy
8FF84FF5-F447-4900-8B77-8CEF3425DC03,IVsdScatterAssemblyFile
8FFEDC68-5233-3FA8-813D-405AABB33ECB,_OneWayAttribute
90100F83-54B7-36AB-997D-384216E4AACC,_VsaException
90107FFA-AA96-41CB-979B-0AEFB1020A7C,IVsdMachineUrlAssistant
90121D97-8553-4AE4-8237-43BED367D27F,IVsdProjectCfg
901284E4-33FE-4B69-8D63-634A596F3756,ITuningSpaces
9012D935-047E-4A0B-92DE-EA791C8257C9,IImeDocumentFeedRequest
9015B3AB-9FE2-430D-B79F-E0E581BD5B8B,IVsBuildMacroInfo
902E64EF-8FD8-4B75-9725-6014DF161545,IFaxIncomingQueue
90333DBB-D3EC-479C-827C-FDE97DB98FD7,IVsdSimpleFilePlugIn
90377834-21D0-4DEE-8214-BA2E3E6C1127,IMFMediaSession
903908EB-3BE5-4014-958B-8FDAF1774B9D,IConManServerCore
9040E4E1-1EF9-4949-A379-36BC095D1CE4,IInfoBarManager
9043FDA1-345B-4364-900F-BC8598EB8E4F,ConfigurationManager
904BC742-BDDB-4365-A902-C75DC5EC4786,ISQLMerge
90609097-17C8-40E8-8128-67194C7384B1,IVsTextTipData
90681B1D-6A7F-48E8-9061-31B7AA125322,IVdsDiskOnline
9068270B-0939-11D1-8BE1-00C04FD8D503,IADsLargeInteger
90701133-BE32-4129-A65C-99E616CAFFF4,ISyncMgrSyncItemContainer
907504CB-6B4E-4D88-A34D-17BA661FBB06,IVdsLunNaming
9080AD4E-D4D6-4B85-A4CD-D918949AC7D9,IWMEncOutputStats
90813589-FE21-4AA4-A2E5-053FD274E980,Configuration
9096B831-7472-11CF-BE39-00AA00A2FA25,IAppTracker
909F83E3-B3FC-4BBF-8820-64378744B39B,IVsTextManager
90B4135A-95BA-46EA-8CAA-E05B45CD801E,ILayoutModifier
90BAF58D-3FC3-4081-BE9B-7F00D72DC2D4,IVsHelpOnlineGuidNavigationCallback
90BED8ED-21E3-31FE-8F02-C929BA4FB0AC,_CodeCastExpression
90C40B4C-B0D0-30F5-B520-FDBA97BC31A0,_Site
90C91AD2-FA36-49D6-9516-CE8D570F6F85,IInkTablet2
90D6AF82-0648-11D2-B719-00C04F8EE1C4,AsyncIEventSourceCallback
90D6AF83-0648-11D2-B719-00C04F8EE1C4,IEventCall
90D75131-43A6-4664-9AF8-DCCEB85A7462,IShellUserAssist
90E84350-FB1B-4B90-A14B-58ACEA6AD83E,ICmTypeMap
90E9A944-9244-489F-A78F-DE67AFC013A7,ITfSpeechUIServer
90EF9C07-9706-49D9-AF80-0438A5F3EC35,IAzOperations interface
90F1DADA-D8E1-4872-A9AA-A923D69463B2,IComplexXPathBinding
90FB5C74-183E-4CB0-AD75-D3C9A6480EE4,_dispEnvironmentEvents
910035B1-D8BE-403A-975E-E4FB68CE40A1,IVsComponentUser
9104D1AB-80C9-4FED-ABF0-2E6417A6DF14,IWMPSettings
91183FB9-AD51-4362-8874-F7FA5CDFC73A,IVsdProductPlugIn
91203EEA-0EEF-4B90-BBE8-7C7CD14D6EE5,IStringCollection
914AA662-1B3B-47FC-B9D3-634DD16AC179,ISMBShare
91590ABC-9C90-49EF-9B02-70F94D2C5544,IWebSlice
9178917B-19CF-4B18-9687-4FB5E213C333,IVsdBootstrapperItem
917B14D0-2D9E-38B8-92A9-381ACF52F7C0,_Attribute
91867751-3D57-4614-B938-7065B758A035,IDeviceDisplayPropertiesCallback
918EFD1E-B5D8-4C90-8540-AEB9BDC56F9D,IUpdateSession3
919AA22C-B9AD-11D3-8D59-0050048384E3,ILicValidator
91A565C1-E38F-11D0-94BF-00A0C9055CBF,IPersistHistory
91A5D706-0CB4-4A84-8315-9380D453E385,INapSystemHealthValidationRequest2
91B7CBC5-A72E-4FA0-9300-D647D7E897FF,IMsRdpClient3
91BB7427-3AD2-4C9A-A0B4-66325C4C1FA3,IWMPRemoteEventSink
91BCC7DE-D9B2-4549-BC86-D3A553A9C05A,IWMPContentProviderResults
91C30F81-E72A-4997-9B07-A0AECB8C9169,IVsPackageDynamicToolOwnerEx
91C48765-19F4-4960-8A7E-8CD3B6916352,IScriptedDiagnosticInteraction
91CAF7B0-EB23-49ED-9937-C52D817F46F7,IUpdateSession2
91D0D48A-8959-4DEA-942B-9854616249F3,IVsdCollectionManager
9204FE99-D8FC-4FD5-A001-9536B067A899,IWICMetadataReader
9206E9DC-8C77-4D4B-ADF0-4E5FE5F204AB,IProduceAggregateMultipleValues
9216E421-2BF5-11D0-82B4-00A0C90C29C5,ITargetFramePriv
92186771-D3B4-4D77-A8EA-EE842D586F35,IServiceInheritanceConfig
9230C830-11AB-4C7A-A62D-4B2987F1E334,IVsHelpAttribute
923E5249-8731-4C5B-9B1C-B8B60B6E46AF,IWMDeviceManager2
924A3723-A00B-4F5F-9FEE-8E9AEB9E82AA,ITPluggableTerminalClassRegistration
92549FB6-2504-4018-83C5-0A950DF000F2,ITravelLogUI
925837D1-3AA1-451A-B7FE-CC04BB42CFB8,IDebugMemoryBytes2
925CBC18-A2EA-4648-BF1C-EC8BADCFE20A,IInstallationAgent
925E8559-17DF-494C-87DA-BBEE251702DE,IVsPrioritizedSolutionEvents
927FCF24-A0A8-4294-A40D-4AA3240D8784,ISyncMgrPrivateLegacyItemProperties
928C479B-8E0E-4460-9434-3ACFD78373AC,IAdaptorFactory
9294F7B3-BE73-46E9-B9E6-5F09072DE634,IO11VstoHostItem
929B11A9-95C5-4A84-A29A-20AD42C2F16C,IAzApplications interface
92AEA298-248E-45DB-97B6-A8C7CD5892E7,ISkin
92B4A539-7115-4B7C-A5A9-E5D9EFC2780A,IMsRdpClient
92B4FF02-08E4-40E5-A5A6-624F8970C116,IWaitDialog
92B93223-7487-42D9-9A91-5B8507720384,INapEnforcementClientBinding
92B9503D-19C3-4181-9F42-57FFC1A4BF37,IWinmgmtMofCompilerOOP
92BB8651-64E5-4650-9377-500BB29D92FB,ISuggestMRUCallback
92CA9DCD-5622-4BBA-A805-5E9F541BD8C9,IObjectArray
92DCA9C3-37A3-4498-8466-4C57EA885E49,IDebugSetJITEventCallback2
92E11A03-7358-11CE-80CB-00AA00611080,Pages
92F8D886-AB61-4113-BD4F-2E894397386F,IMountPointRename
92FE8718-09DF-4615-9BC8-492E67EEB1AB,IVsTextStorage2
931516AD-B600-419C-88FC-DCF5183B5FA9,IDebugDocumentContext2
93194740-9A53-3D3E-902C-240FBE0C90E4,_LinkClickedEventArgs
9329E39D-0445-4CBF-A14F-F1DF49A57E76,IDownloadCallback
932CA8CF-0EB3-4BA8-9620-22665D7F8450,IVdsStoragePool
932CB17B-02B9-4ADC-964F-54E5EAE22582,ICollectionUniqueCount
93373F76-DF07-46DB-9415-1772069F60A4,IVsTextMarkerColorSet
933ACAAB-227A-4DAE-81FB-E6A2D4A0CDB1,ITipInkHistory
93409DA8-FE37-3D4E-9A08-B35B34122C64,_StatusBar
93432660-694C-4E5F-B908-CE567CD8F130,ISetupCABFile
934FE3AB-EE0C-411C-8CBD-AC73F809457F,IDiskLibInfo
935AD8EB-CBF8-4FD3-8F4F-385F55258F2E,IFontManager
935DE478-C8C5-48A7-AE0D-22AF806398B1,IVsdChildPropertyEventListener
936102E9-D288-483E-A85E-D43D2E60272F,ISSRibbon
936F2E5C-5AE9-4DBA-96FE-9A5D6F07F8D9,IVersion
9391B441-0856-417F-B160-AFD4035D5AB2,IVstaProjectExtensibleItemInternal
93A28A93-52B8-41C9-B1E3-6B5FDF5252AC,IDebugScriptLEDocument
93AB0D66-F064-48AD-8522-EB7C77DED3EC,AsyncITipProperties
93B7C40D-610B-4F84-BBEB-29A5496A7B30,IVsmSvrFactory
93BD7A93-C899-4867-ABB4-47B7EB5236D4,IWMEncPageProp
93C71371-A875-11D5-B023-00D0B71A7F34,ISCRQueryDefinition
93D7A8C5-D2EB-319B-A374-A65D321F2AA9,IFormatter
93E751E4-B545-4E9E-99B2-F51C3B038B80,ISetupRegistry2
93E969D6-1AA0-455F-B208-6ED3C82B5C58,IVsSolutionBuildManager
93EA8162-8BE7-42D1-AE7B-EC74E2D989DA,IFaxAccounts
93F2F68C-1D1B-11D3-A30E-00C04F79ABD1,IShellFolder2
9407F466-BBA1-11D2-8AD1-00C04F79E479,Thread
941105E9-760A-49EC-995F-7668CB60216C,IDebugGenericParamField
941F8AAA-A353-3B1D-A019-12E44377F1CD,IMessageSink
94259E4B-A44A-4B77-B18F-F2CC9A601D03,_dispWindowVisibilityEvents
942B847C-F0E5-3BCA-A0CD-1DEBC20EFD7E,_Clerk
9439C693-9C23-4A4C-B269-301F15EE64B5,IShellWebBrowserPriv2
9447D05B-0CCC-4B88-BBBD-92E7F8FD3ACD,IVsdCopyableObject
944ACF93-A1E6-11CE-8104-00AA00611080,Tabs
9455BDB5-2A5A-45F1-A558-72B88A78E6E3,IVsRegisterNewDialogFilters
946665F9-71E3-447B-A896-3359DA411532,ILattice
94696F23-129A-4CD7-B939-43D337B4A066,IImeKeyEventPrefetch
9478D79D-359D-41FC-A643-4FCA22E02782,IExcludeReference
947990DE-CC28-11D2-A0F7-00805F858FB1,IDummyHICONIncluder
947A0882-76E8-4415-BFCA-64ACFD52137B,VCProjectItem
947A1995-BC16-3E7C-B65A-99E71F39C091,_PermissionSetAttribute
947AAB5F-0A5C-4C13-B4D6-4BF7836FC9F8,IFileOperation
94855A3B-5CA2-32CF-B1AB-48FD3915822C,_ActivatedServiceTypeEntry
9486855D-B3A4-32E8-AF74-EC881982E3FF,_Button
948DD95A-818F-49F5-AE9E-B24F89A91FCB,IVSTDocumentDesignerSite
9497186F-8171-4CEE-B9B0-D91AEC322A7E,ITsfStateSink
949D7353-675F-4275-8969-F044C6277815,IVssDifferentialSoftwareSnapshotMgmt2
94A12642-15FD-469F-A461-B991260ACC16,IImePredictionSuggestion
94B1EDA7-150E-42F5-9814-F5602BF89AE1,IFileDependency
94B7BBB2-53C7-46D7-A13C-1ADB834FEC8A,ITipTsfDataInit
94BB98ED-18BB-3843-A7FE-642824AB4E01,_BaseChannelWithProperties
94C9B4EE-A09F-4F92-8A1E-4A9BCE7E76FB,IWICBitmapEncoderInfo
94D55E95-3FAC-11D3-B155-00C04F79FAA6,IWMPMedia
94D70CA6-7AB0-4DAA-81CA-B8F8643FAEC1,ITCallInfo2
94E1E004-0672-423D-AD62-78783DEF1E76,IDebugProperty3
94E9F196-4D28-463C-BCB3-1C7772AE8A34,IHomeGroupProviderPriv
94EAA428-2460-470D-8F66-2A4270AFF20A,IVixLib
950122D9-1A51-43CA-8CED-B5D9E42DE1B5,IVsTextMarker
9519152B-9484-4A6C-B6A7-4F25E92D6C6B,ICSSFilterDispatch
953443F0-E733-448D-A6B4-F747B0147CAA,IElementBehaviorButton
9536CA39-1ACB-4AE6-AD27-2403D04CA28F,IShellItemBrowser
953BB1EE-93B4-11D1-98A3-00C04FB687DA,IExtractImage2
9550162C-523A-4E84-8F7A-AF2F7357B937,ISetupObjectClass
955347F1-6783-468F-831B-4200C37F2E49,IVSTToolboxHelper
9553E942-A24B-48E5-8A13-00E0803C00F5,IWMPAspectRatio
9556DC99-828C-11CF-A37E-00AA003240C7,IWbemServices
957970B0-71E1-11D3-AFF1-00105A9991EF,IVsCommitGestureSink
9593A157-44E9-4344-BBEB-44FBF9B06B10,IVssHardwareSnapshotProvider
959506C1-0314-4EC5-9E61-8528DB5E5478,IWMPRenderConfig
959C5A99-177C-478E-8C3B-77E07E9BF3AA,ISessionList
95A1C382-3D07-4BFB-B937-6A79B22A1AEA,IVsdMsiObjectCollisionCheckPlugIn
95A391C5-9ED4-4C28-8401-AB9E06719E11,IAccessibleObject
95AC1923-6EAA-427C-B43E-6274A8CA6C95,Process2
95AD84EC-1E02-3A16-8CB4-0B0419DA36C4,_RegistrationErrorInfo
95B525DB-6B81-3CDC-8FE7-713F7FC793C0,_ThreadAbortException
95B6A563-4A39-37A2-91D7-04B8ECDD1B66,_EventDescriptor
95B8097D-3201-4B21-887C-239EE0A0D589,IDebugENCModule
95BFE9A6-D580-4D76-BC8F-88942EA635F4,IVsdModuleProperties
95C2B4FD-33F2-4D86-AD40-9431F0DF08F7,IWiaPreview
95C2EE26-4247-3DDC-8056-97353F10DE8F,_CodeMemberMethod
95C6A090-BB9E-4BF2-B0BE-F1D04F0ECEA3,IVsSolution2
95C75A6E-3E8C-4EC2-85A8-AEBCC551E59B,IWICDevelopRawNotificationCallback
95CE8410-7027-11D1-B879-006008059382,IShellTreeWalker
95CE8411-7027-11D1-B879-006008059382,IShellTreeWalkerCallBack
95DB0BE4-C34E-4650-81D2-6F461C33C03D,ISDVariables
95DB3408-DC08-493C-9BD0-CFEDB53C0BCC,ISCRBlobFieldObject
95E01216-5467-371B-8597-4074402CCB06,_MethodCall
95E0F119-13B4-4DAE-B65F-2F7D60D822E4,IAzRoles interface
95E2A960-A4E4-4A71-BB4B-B07775B69CDD,ILinkTarget
95E87780-E158-489E-B452-BBB850790715,IWPCGamesSettings
95F168F6-8A48-4CF6-B274-A26E371572B5,IImeInputScope
95F45AA2-ED0A-11D2-BA67-0000F80855E6,IWMPCustomSlider
95F45AA4-ED0A-11D2-BA67-0000F80855E6,IWMPCustomSliderCtrlEvents
95FC88C3-9FCB-11CF-A405-00AA00C00940,IBuilderWizardManager
961F79BD-3097-49DF-A1D6-909B77E89CA0,ITDetectTone
96336DFF-1F2E-47A4-925C-947A7FA03135,ICachedDataProvider
96580D28-5064-4CD2-B59D-59F710E3BD09,IVsdFolder
96643D32-2624-479A-9F1A-25D02030DD3B,IDebugPendingBreakpoint3
9673A35F-C03A-438D-BD7E-27D9E28AC184,IEnumPackages
96740BFA-C56A-45D1-A3A4-762914D4ADE9,IWMPNodeWindowed
968F36CA-CB43-4F6A-A03B-66A9C05A93EE,IWMPRemoteDeviceController
9696018C-F51E-4E4F-8016-7C8920D6D5DE,VCCodeFunction
96973FC6-C2E4-4CB9-8BAF-7F7CD6DBC604,IVsMultiItemSelect
969DC708-5C76-11D1-8D86-0000F804B057,IThumbnailExtractor
96A0A4E0-D062-11CF-94B6-00AA0060275C,HTMLWindowEvents
96A62D6C-72A9-387A-81FA-E6DD5998CAEE,_HebrewCalendar
96A65A39-1CB0-44DE-9E1D-3BB12E865D38,IVsdWin32AppDeployableTemplate
96A8C871-BD60-47CD-BCBA-D4455806C54F,IVsLaunchPad3
96C74EF4-185D-4F9A-8A43-4D2723758E0A,IEnumDebugProcesses2
96CD11EE-ECD4-4E89-957E-B5D496FC4139,IDebugProgramCreateEvent2
96D575A9-AF53-43D2-AAC8-A6B92B039CA5,IUserDicManager
96E5AE6D-6AE1-4B1C-900C-C6480EAA8828,IResultsFolder
96F0CABD-DB51-428F-A42D-C756057D35C2,IVsReportExternalErrors
96FC7D44-BCDD-4F00-AE4D-07E26B2C0E52,IVsTextStreamEvents
9706DA66-D17C-48A5-B42D-39963D174DC0,ITabWindowManager
970A6925-5FFA-4A77-972F-7AB90C0130E5,IVsTaskItem2
971668DC-C3FE-4EA1-9643-0C7230F494A1,IRegister2
9717176D-1179-3487-8849-CF5F63DE356E,_MissingFieldException
97199110-DB2E-11D1-A251-0000F805CA53,ITransactionStream
9723F420-9355-42DE-AB66-E31BB15BEEAC,IVdsAdvancedDisk2
972C2E88-BD6C-4125-8E09-84F837E637B6,IWMDMStorageControl2
97312C82-D4C2-11D1-B682-00805FC79216,ICollectionNotify
973510DB-7D7F-452B-8975-74A85828D354,IFileDialogEvents
9735D878-F0B3-4A91-BC78-00180C817569,ISrProgressCallback
9738BA2E-F6BC-4F1F-B829-70898DB4262D,DWebClassEvents
974723F2-887A-4452-9366-2CFF3057BC8F,IStreamBufferSink3
974F01F4-6086-3137-9448-6A31FC9BEF08,_SoapNotation
974FC285-A627-490D-A293-0F5E8AB987FE,IInitEnumExplorerCommandOnMenu
976B7E6D-1002-4051-BFD4-824A74BD74E2,IEKU
97717EEA-926A-464E-96A4-247B0216026E,IWMDMStorage3
9776E3B3-0B2D-4843-9859-B38544926863,IInstallDriverVersion
978726F6-DA31-44E6-8C73-299C5CE7367A,_DFolderView
978A8E17-4DF8-432A-9623-D530A26452BC,IVsUserData
978BAEE7-BD4C-11D2-9238-00A02448799A,IDebugENCUpdate
978C9E22-D4B0-11CE-BF2D-00AA003F40D0,LabelControlEvents
978D0509-97AE-4EE2-9E90-6844B213AB85,ITokenActivation
9794FF82-6071-4717-8A8B-6AC7C64A686E,IInkRectangle
97AC62E3-DBBB-4941-B20C-9A4B5627E64E,IVsdRegistryEditor
97AF011A-478E-11D1-A3B4-00C04FB950DC,IADsEmail
97B9F488-B188-4B03-9B27-D74B25755464,IAccessibilityCplAdmin
97BAE668-2CF2-4ED8-A019-D279E3D74C80,SVsStrongNameKeys
97C45EF1-6B02-4A1A-9C0E-1EBFBA1500AC,IMonthlyTrigger
97CE70FB-1628-4F37-AEFA-DF2B16FF7924,IItemEventSink
97D0B28A-6932-3D74-B67F-6BCD3C921E7D,_IDispatchConstantAttribute
97D8B206-3401-4006-B872-F95A679D7CA3,IScriptSigningControl
97EA99C7-0186-4AD4-8DF9-C5B4E0ED6B22,IBackgroundCopyCallback
97EC2EA2-0E42-4937-97AC-9D6D328824E1,IMFComponentCreator
97EC2EA4-0E42-4937-97AC-9D6D328824E1,IMFShutdown
980E8361-8EDA-41BA-8D47-64BC57C9414A,ICcDeviceContainer
98133274-4B20-11D1-AB01-00805FC1270E,INetInstallQueue
98133277-4B20-11D1-AB01-00805FC1270E,INetDialog
98210DDC-6377-4A5F-A1AD-EA725B3EB42E,_VSHostExtender
98315903-7BE5-11D2-ADC1-00A02463D6E7,IReplicationUtil
98315904-7BE5-11D2-ADC1-00A02463D6E7,ICOMReplicateCatalog
98325047-C671-4174-8D81-DEFCD3F03186,INetFwPolicy2
9838AAB6-32FD-455A-823D-83CFE06E4D48,ISearchBoxSettings
983B8639-2ED7-364C-9899-682ABB2CE850,_CryptoAPITransform
983DFC0B-1796-44DF-8975-CA545B620EE5,IUPnPDeviceFinderAddCallbackWithInterface
984283E7-5D48-4E8C-A2AF-28EFD66CB8B2,IHPPort
984DCE34-9BF3-46EE-87C5-97532B1DC470,IWMEncTimecodeQueue
985F64F0-D410-4E02-BE22-DA07F2B5C5E1,IDefViewFrame3
9864F70D-2CB3-11D2-B0FE-00805FC73204,ICatalogSetup
9866E222-5E24-11D4-BF2A-00609708411E,IQERowsets
98739854-A2B2-4DF6-A676-F11D6128210E,ISqlStartExecutionEvent
987BC7C7-B813-4D27-BEDE-6BA5AE867E95,IAzApplication interface
987FB893-F96D-11D0-BBBB-00A0C90F2744,_dispCommandBarControlEvents
9882F547-CFC3-420B-9750-00DFBEC50662,IVdsCreatePartitionEx
9883C07A-FA07-4CE7-BD8E-01E1A3F3A3F7,CodeTypeRef2
98947CF0-77E7-328E-B709-5DD1AA1C9C96,_ResolveEventArgs
98966503-5D80-3242-83EF-79E136F6B954,_MethodImplAttribute
989DB083-0D7C-40D1-A9D9-921BF611A4B2,IDebugModuleLoadEvent2
98A3BF0A-1B56-4F32-ACE0-594FEB27EC48,MemberInfoInitializer
98A7AD2E-A53A-470C-A5C0-D33D7E98DB96,AsyncITsfManager
98A97042-6698-40E9-8EFD-B3200990004B,_IRDPSessionEvents
98B1524D-DA12-3C4B-8A69-7539A6DEC4FA,_TargetException
98B5E8A0-29CC-491A-AAC0-E6DB4FDCCEB6,IWiaPropertyStorage
98BB02D4-ED74-43CC-AD6A-45888F2E0DCC,IWMPBrandDispatch
98BBBA48-4C4D-4FFF-8340-6097BEC9C894,IEnumDebugFrameInfo2
98CDE168-C1BF-4179-BE4C-F2CFA7CB8398,ISCRReportSource
98CEEDBD-07A4-4376-ADE8-5A46B7F5F384,IVsSetSpanMappingEvents
98F17BF3-9F33-4F12-8714-8B4075092C2E,IVdsHwProviderPrivate
990237AE-AC11-4614-BE8F-DD217A4CB4CB,IPersistTuneXmlUtility
9909C81E-3BA4-41DA-A7ED-02EF2F319411,ISearchLinks
9918DAB5-FC67-4CD4-B352-2F3FA1E2BD08,ProjectConfigurationProperties3
992977EC-ADD6-4BE4-87C2-AC029DEB82E9,IWMEncOutputStats2
993634C4-E47A-32CC-BE08-85F567DC27D6,_ParameterInfo
9947783D-B173-4FD9-8E6E-91482CF9E239,IDiscoveryResult2
994E23AA-1CC2-493C-B9FA-46F1CB040FA4,IMFPMPHostInternal
994E23AE-19CB-4DE1-A64C-ACF2EDCBE59E,IMFSequencerRemoteStreamCallback
994E23AF-1CC2-493C-B9FA-46F1CB040FA4,IMFPMPServer
994E23B0-1CC2-493C-B9FA-46F1CB040FA4,IMFPMPServerLock
995A890B-F4C9-11D1-A1BF-0000F875B132,IMMCDisplayObject
99652EA1-C1F7-414F-BB7B-1C967DE75983,IMSVidClosedCaptioning
997A992E-8B6C-4945-BC17-A1EE563B3AB7,ITabletCursorButton
997D7904-D948-4C8B-8BAB-0BDA1E212F6E,IVsProvideUserContext
9984CC01-680B-4E93-A2F3-504E32E153CC,IComponentTraySite
99871A31-DB02-4DA9-98FB-89D8EDC700CE,IVsAsynchOpenFromScc
998DCF16-F603-355D-8C89-3B675947997F,_AccessedThroughPropertyAttribute
999838AC-0EA8-4623-BBC3-4922D1E8E0B5,IVsdDebuggerTableEntry
999B1784-A1EE-42EB-B4B6-E928008FFB5D,IVsExternalFilesManager2
99B9CD0E-6C89-4BC4-BBA2-FFD3529D3ACB,CodeModel2
99C11080-CD22-11D4-BFFA-0060082AE372,IXceedCompression__0402
99CAF010-415E-11CF-8814-00AA00B569F5,IFillLockBytes
99CC098F-A48A-4E9C-8E58-965C0AFC19D5,IEventSystem2
99F01720-3CC2-366D-9AB9-50E36647617F,_AllMembershipCondition
99FF4676-FFC3-11D0-BD02-00C04FC2FB86,IStdDataFormatsDisp
9A04B730-656C-11D3-85FC-00C04F6123B3,IEnumComponents
9A2669EC-FF84-3726-89A0-663A3EF3B5CD,_StackTrace
9A27AE13-033A-424F-8B0A-84C04308683E,IVsdDependencyPickerDialog
9A304B61-E054-47D8-82A5-3A2B960A9858,ICcPropertyContainer
9A37D8B2-2256-3FE3-8BF0-4FC421A1244F,_GenericIdentity
9A3A791F-CEE5-11D1-82C3-0060089253D0,IRSLicense
9A3B199D-2294-4DA6-9B43-7A4EAFE31FA0,SVsDetermineWizardTrust
9A3DA3A0-538D-42B6-9444-AAA57D0CE2BC,IFaxRecipient
9A3DDA62-7ACE-49D2-9B6F-CA5EBE095313,ICausalityConnection2_V7
9A436975-A86A-4459-A350-B05604B53309,IVsOutliningSession
9A43A843-0831-11D1-817F-0000F87557DB,IDXTComposite
9A482E71-6D4E-47F2-999D-3CBE0290C3DA,IVsdW3SvcPlugIn
9A4BBF53-4E46-101B-8BBD-00AA003E3B29,ControlEvents
9A50588E-FA80-4509-B345-664110225322,IQuotaUIHelper
9A52DB30-1ECF-11CF-A988-00AA006BC149,IADsPrintJobOperations
9A5A5F3A-199D-49E0-A923-B81FB8FA4DBC,IMSMediaSchemaPropertySetInternal
9A604EE7-E630-3DED-9444-BAAE247075AB,IFormattable
9A62BABA-6F86-402C-BE0C-686575AEB774,IImeKeyEventHandler
9A7A94F5-FBF1-49A8-B0D9-44667635FE97,IShellSearchTarget
9A83A958-B859-11D1-AA90-00AA00BA3258,IMTSPackage
9A85D909-C64A-4608-8DC4-76254D869553,IToleranceVis
9A91949C-0FD5-4C24-9F77-F1075FD8FA43,IVsHelpPage
9A952C7F-AC89-4067-A8AA-DE0B16E13C6D,IBackgroundCopyFilePeerFragment
9A9A3D70-AE6C-4BB9-847E-61865A77A279,IImeInputScope_Initialize
9A9F12B8-80AF-47AB-A579-35EA57725370,IEventServerTrace
9AA58360-CE33-4F92-B658-ED24B14425B8,IVdsSwProvider
9AA8765E-69A0-30E3-9CDE-EBC70662AE37,_MD5
9AAD53A9-32CB-4D84-97A7-B4AFA94F5878,_dispVSLangProjWebReferencesEvents
9ABA2B37-D8B3-48F2-9397-B42DD8D9FC41,IVsdDebuggerTableEntry
9ABBDA5B-F7E7-4885-8A08-DE27C6A5361C,IVstaHostObject
9AC42117-2B76-4320-AA44-0E616AB8437B,IMsRdpClientAdvancedSettings2
9ACBC104-FB51-4C3B-B73A-048FEDE6695A,ILocalizationInformation
9AD40124-F85A-4A18-8004-8EFF59986930,IWorkflowErrorNavigator
9AD7EC03-4157-45B4-A999-403D6DB94578,IVsEnumDebugName
9AEA8A59-E0C9-40F1-87DD-757061D56177,IeAxiAdminInstaller
9AF64809-5864-4C26-A720-C1F78C086EE3,ICategoryProvider
9AFF21F5-1C9C-35E7-AEA4-C3AA0BEB3B77,_LogicalCallContext
9B012CF1-ACF6-3389-A336-C023040C62A2,_ArithmeticException
9B015323-B763-4318-A06C-2631DAB4FC8A,IVsdBootstrapperProperties
9B0353AA-0E52-44FF-B8B0-1F7FA0437F88,IUpdateServiceCollection
9B13F80D-CFC6-4B78-81EF-1F7CC33F7639,IEnumCodePaths2
9B16ED16-D3DF-11D1-8B08-00600806D9B6,ISWbemQualifierSet
9B1921E1-54AC-11D3-9144-00104BA11C5E,IEnumDiscRecorders
9B1C9576-A92B-4151-8E9E-7C7B3EC2E016,IOfflineFilesServerItem
9B2077B0-5F18-4DEC-BEE9-3CC722F5DFE0,ITextStoreAnchor
9B23A3F7-CE97-4509-91C2-805C3C9E6A84,IInformationCardSigninHelper
9B26C9BB-CEDF-40B9-AF69-711571D6A9EA,IWebPageMetaInfo
9B30867F-9C17-4532-ABE9-30FBF621335A,CFrame
9B368796-AAED-48C9-A9B7-3E1B42884A3A,IVsdDynamicPropertyCallBack
9B39439C-051E-4654-A0D0-7C03D67B17C6,ISharedHandler
9B3B0B86-266A-4AAD-B21F-FDE5501001B7,ISensorManagerEvents
9B4ADD96-F6BF-4034-8708-ECA72BF10554,IPortableDeviceContent2
9B4CD3E6-4981-101B-9CA8-9240CE2738AE,CAcroApp
9B4CD3E7-4981-101B-9CA8-9240CE2738AE,CAcroPDDoc
9B4CD3E8-4981-101B-9CA8-9240CE2738AE,CAcroAVDoc
9B4CD3E9-4981-101B-9CA8-9240CE2738AE,CAcroAVPageView
9B4CD3EA-4981-101B-9CA8-9240CE2738AE,CAcroPDPage
9B4CD3EB-4981-101B-9CA8-9240CE2738AE,CAcroPDAnnot
9B4CD3EC-4981-101B-9CA8-9240CE2738AE,CAcroPoint
9B4CD3ED-4981-101B-9CA8-9240CE2738AE,CAcroRect
9B4CD3EE-4981-101B-9CA8-9240CE2738AE,CAcroTime
9B4CD3EF-4981-101B-9CA8-9240CE2738AE,CAcroPDTextSelect
9B4CD3F0-4981-101B-9CA8-9240CE2738AE,CAcroHiliteList
9B4CD3F1-4981-101B-9CA8-9240CE2738AE,CAcroPDBookmark
9B61C454-C2A2-4685-8885-9752F9A3F28F,ICheckProtectedMode
9B63616C-36B2-46BC-959F-C1593952D19B,ISyncMgrControl
9B7B5AD4-1789-4ADF-B365-CB2F9B7382D1,IVsdComponentLocator
9B7DE9A9-BD59-11D2-9238-00A02448799A,IDebugIDBInfo2
9B878A55-296A-404D-80C4-1468BB7CDC43,IVsOutputWindowPane
9B8F6C6E-8A4A-4891-AF63-1A2F50924040,IWscFWStatus
9B9199AD-780C-4EDA-B816-261EBA5D1575,IWMPNodeWindowless
9B9F68E6-1AAA-11D2-BCA5-00C04FD929DB,IIntelliForms
9BA04A45-EE69-42F0-9AB1-7DB5C8805808,IOfflineFilesEvents3
9BA05970-F6A8-11CF-A442-00A0C90A8F39,IFolderViewOC
9BA4B1DD-8B0C-48B7-9E7C-2F25857C8DF5,IRendezvousSession
9BB4A218-E272-4762-AEF5-A5E1633AEE2D,IFrameFocusHotfix
9BBD3A5E-93C2-4B79-9683-FAA46E7510D0,IInstallDriverStringTable
9BC61B9B-788F-4914-8899-DE8F7BB1BA5A,KiwiCTimer
9BC72973-194A-4EA8-B4D5-AFB0B0D0DCB1,IVsFileChangeEx
9BDA66AE-CA28-4E22-AA27-8A7218A0E3FA,IEventHandler
9BE679A6-61FD-38FC-A7B2-89982D33338B,IServerResponseChannelSinkStack
9BF1E93A-5929-4FE8-ABC6-1569AAAE4E0F,IHostControlTypeCollection
9BFBBC02-EFF1-101A-84ED-00AA00341D07,IPropertyNotifySink
9C06BD4C-12B3-4991-A512-8C4884EC8BB5,IDeviceEmulatorItem
9C074FDB-3D7D-4512-9604-72B3B0A5F609,IVsMonitorUserContext
9C0C202A-E9CD-41C2-94D3-E8785A9FA547,IVsHelpWebBrowser
9C204249-C443-4BA4-85ED-C972681DB137,ISyncMgrConflict
9C20EB49-1049-4C85-BDA6-645B8C69FCFC,VCRuntimeIntegerProperty
9C243E11-3261-4BCD-B922-84A873D460AE,IProviderQueryConstraintCollection
9C27C8DA-189B-4DDE-89F7-8B39A316782C,INetFwRule2
9C2CAD80-3424-11CF-B670-00AA004CD6D8,IOleInPlaceSiteEx
9C4168B9-2745-4C56-9282-9338600EF4F7,VCCodeElements
9C4A8101-8CFE-4332-876E-C4A49D1D3F77,INapComponentConfig3
9C4C3FCD-A6F3-4B43-8EEC-C7EA60C54887,IMFNetVRoot
9C4C6277-5027-441E-AFAE-CA1F542DA009,INetFwRules
9C5149CB-D3C6-32FD-A0D5-95350DE7B813,_CodeAccessSecurityAttribute
9C51D821-C98B-11D1-82FB-00A0C91EEDE9,ICrmFormatLogRecords
9C52F596-60FB-4144-BE49-ADCA8F044790,CSharpProjectProperties4
9C568C2E-6BB1-4AF1-B6EA-910520A5A8AB,IVarInfo
9C5CEAAC-062F-4434-A2ED-78AB4D6134FE,BuildDependency
9C627E44-7A53-4938-91C6-F60F3ECBEA94,IEDropSourceWrapperInternal
9C68E949-FA72-4255-A119-276AB751EB4E,ISCRRunningTotalField
9C708890-41F3-43F2-98D7-B610256ED61C,IControlPanelNavPaneProvider
9C722678-490D-408F-98AE-B6B9A68AA45D,_EnvironmentKeyboard
9C7D7463-78EA-4935-87C6-F17C99743B4C,IImeCommandAvailabilityView_JKSpecific
9C7EAD52-8023-4936-A4DB-D2A9A99E436A,ISyncMgrConflictItems
9C80B900-FCEB-4D73-A0F4-C83B0BBF2481,IAzRoleAssignments interface
9C82CA77-A583-4FD1-8C15-0B3995D9AB2F,IVsSccGlyphs
9C909C4C-86DE-44EC-B89D-2C4C62EFEF8E,IVsdCabDependency
9C9CD56B-ED31-43A6-8BAF-A25050297ADA,FileCleanUp
9CBE50CA-F2D2-4BF4-ACE1-96896B729625,IVdsDiskPartitionMF2
9CC22886-DC8E-11D2-B1D0-00C04F8EEB3E,IFolderFilter
9CCC4F12-B0B7-4A8B-BF58-4AECA4E8CEFD,IInkRecognizers
9CCC831B-1BA7-34BE-A966-56D5A6DB5AAD,_ApplicationDirectory
9CCEBC7F-3560-11D3-B61D-000000000000,ISFavoritesStore
9CCEBC81-3560-11D3-B61D-000000000000,ISFavoritesItem
9CCEBC86-3560-11D3-B61D-000000000000,ISFavoritesShortcut
9CCEBC88-3560-11D3-B61D-000000000000,ISFavoritesCustomFile
9CCEBC8A-3560-11D3-B61D-000000000000,ISFavoritesFolder
9CE24FD4-94CB-4A9A-A19D-1B0F819005B7,ISensorsCPLChangeDescription
9CE89678-4767-4753-B957-FA677C553833,IVsaTShellService
9CF4339A-2911-3B8A-8F30-E5C6B5BE9A29,_StackOverflowException
9CFD6C07-1992-47BD-9B83-830B358B2DF4,ICDBurnPriv
9CFF90F7-F175-4277-BF0A-408906B22B75,IHealthStatus
9D0876CA-02DC-453A-95D9-F2194A656442,IExtensions
9D0CA895-4F60-4DE8-980D-06AAD61CE88C,IVsSimpleDocFactory
9D13162A-8059-4210-B4E6-306D00FE3C49,ICommandBarComboBoxEvents
9D1DDA40-63B4-4346-9298-EABB00735AAB,ICrystalReportViewer10
9D21BCC5-2C63-4A61-B055-2F3DF78EB30A,IVsTaskList
9D264146-A94F-4195-9F9F-3BB12CE0C955,IViewStateIdentityItem
9D2A2563-31AB-402E-9A6B-ADB903489440,IStreamBufferDataCounters
9D2E5FB3-FE33-4C53-82BC-AED5DFD25188,IWMPRemoteCoreHelper
9D398FA0-C4E2-4FCD-9973-975CAAF47EA6,IInkDisp
9D6065EC-93A1-4CAA-8985-9B7783330BE7,WebReference2
9D69FDDA-2B78-4BB2-93D9-1DDA6A6AD968,IWMEncoderApp
9D6D09CE-1D32-4ED2-A0E8-0AA8333E1C8F,ISetupMedia3
9D71890D-090C-4B67-80C3-4CB55C600B60,IVsPersistDocData2
9D79BFE4-6C6D-46DB-90CC-72909101DCB6,IVsdTaskListManager
9D86535E-5FE7-4AAF-8846-F1FB5556109A,IVsSelectedSymbol
9D973E3B-F610-4F03-83D3-AED90C3237AC,AsyncITravelLogRecoveryData
9D97CE59-8826-451C-84F3-B173353C6F80,IVsdEditorSite
9D9D4002-3258-4EBB-BF58-AF62C3890990,_WebSiteMiscEvents
9DB3E3B8-84F5-488E-93EB-B3CE3E33EDAB,IDebugBinderDirect
9DB6689F-3C5F-43ED-B0D5-54851A980B93,IVsDependency
9DB7AA41-3CC5-40D4-8509-555804AD34CC,IMFStreamingSinkConfig
9DCB8B8B-184F-4A26-85B1-C573011753B2,IInformationCardTokenProvider
9DD0F39A-9502-4068-93B7-B6ADAB33ECD8,IVsExpansionClient
9DD5C44E-8D20-45A9-BFE3-645CEEBC2C9F,ISuggestPopup
9DDFB79B-2B7D-470D-A6F9-618B0C3C503F,IVsdProjectFileProperty
9DE543E7-0F23-47E0-A8BC-971A894F86D4,INapServerManagement
9DE59C64-D889-35A1-B897-587D74469E5B,_EventInfo
9DEACB80-11E8-40E3-A9F3-F557986A7845,IPortableDevicePropertiesBulkCallback
9DEAE196-48C1-3590-9D0A-33716A214ACD,_HostSecurityManager
9DF621C3-87C2-447C-9F34-F15D5321D423,IWebFilterCollection
9DF68E2D-7484-4851-9B87-F6DDA1B8B446,IFeedTasks
9DF9AF5A-7853-3D55-9B48-BD1F5D8367AB,_OperationCanceledException
9DFBBA1A-FC89-403A-B5EE-7228C409864C,IVsdRegistryRoot
9E0CEB27-E71D-4CA3-BF1C-C438DEF93371,_EnvironmentFindAndReplaceProperties
9E13376D-F473-479F-A2CF-71B68C108EB2,IWizCombo
9E18A897-0FB9-44BD-B41D-D391A7FB31BE,IMFNetSinkConfig
9E230640-A5D0-30E1-B217-9D2B6CC0FC40,_OperatingSystem
9E259A9B-8815-42AE-B09F-221970B154FD,IStreamBufferRecComp
9E28A9AF-2849-4FDA-83DC-9902D01D4322,ISetupRegistry3
9E2B453C-6EAA-4329-A619-62E4889C8C8A,IAuthorServices
9E2BD568-7CEE-4166-ABC9-495BA8D3054A,IDebugUpdateInMemoryPE
9E2CF3EA-140F-413E-BD4B-7D46740CD2F4,Documents
9E46783E-F34F-482E-A360-0416BECBBD96,IFaxDevices
9E66FE98-A1C6-421D-8C0C-6DA4E652E770,_CommandBarControlEvents
9E69AB40-3A10-11D4-BF2A-00609708411E,IQESortField
9E6FA560-C141-477B-83BA-0B6C38F7FEBF,IVdsSubSystemInterconnect
9E8F7DA2-0695-403C-B697-DA10FAFAA676,IWMPContentPartnerCallback
9E98F58C-327A-4D92-9EB7-C00AC35EC37A,IWordAdaptorSite
9E9EA93A-D000-3AB9-BFCA-DDEB398A55B9,_MethodResponse
9EA66969-B785-408F-BF2F-F80A2F055B73,IDeviceEmulatorManagerVMID
9EA69F99-F8FF-415E-8B90-35D6DFAF160E,IRMGetLicense
9EAFE054-B498-47ED-BA59-2CA33C505F4E,ISCRGraphicObject
9EB7079F-3445-4C43-99D8-46EA8CA1D659,IVsDocOutlineProvider2
9EC0669B-E2D1-4F41-A4CD-0CAC7F54A383,IVsdCommandPickerDialog
9EC28D2C-04C0-35F3-A7EE-0013271FF65E,_OnSerializingAttribute
9EC704BA-E1D4-45C5-9B59-BFAE07D9F04E,ITabRecoveryData
9EC8981D-4625-11D4-9E0F-00902741EE80,ISAValueGridOnIRowset
9ECFDA10-2CED-11D4-9E06-00902741EE80,ISCRSearchResultValueGrid
9ED94441-E5E8-101B-B9B5-444553540000,ITabStrip10
9ED94442-E5E8-101B-B9B5-444553540000,ITabStripEvents
9EDDE9E7-8DEE-47EA-99DF-E6FAF2ED44BF,IWICBitmapDecoder
9EE02955-174A-48F1-820C-022F327BE109,ITrueCryptFormatCom
9F058FF5-5F4E-466C-9C41-1CFDA0561344,IPktXStatistics
9F0823E9-544D-4FA0-9400-0D602C9A510E,IVsTextBufferEx
9F0A2735-2303-4E7B-82A9-21101530B842,CommandBarControls
9F164188-34EB-3F86-9F74-0BBE4155E65E,_ComUnregisterFunctionAttribute
9F1B1C2C-FA11-44AB-A7DA-926FF1927C70,VSWebSiteEvents
9F34325B-7E62-11D2-9457-00C04F8EC888,ITTAPIDispatchEventNotification
9F34FB65-13F4-4F15-BC57-3726B5E53D9F,IWICFormatConverterInfo
9F379969-5EAC-4A54-B2BC-6946CFFB56EF,Processes
9F3E3CD1-8082-31E9-851C-3E177E56A87B,_CodeSnippetExpression
9F424568-1920-48CC-9811-A993CBF5ADBA,ITextInputPanelRunInfo
9F63D980-FF25-11D1-BB6F-00C04FAE22DA,IJetEngine
9F7C7827-E87A-11D1-81E0-0000F87557DB,ICrBlur
9F7DEA84-C30B-4245-80B6-00E9F646F1B4,INetworkSettings
9F7F23E8-06F4-42E8-B965-5CBD044BF27F,IHashedData
9F8F5A55-2564-4E24-902D-83C7D096D3D7,ILinksToolbar
9F8F73A3-1E99-3E51-A41B-179A41DC747C,_HostProtectionAttribute
9F998C5E-549E-4C74-9FD8-B3A93D85A248,Engines
9FB09782-8D39-3B0C-B79E-F7A37A65B3DA,_StringBuilder
9FB76F62-4C7E-43A5-B6FD-502893F7E13E,IFaxDeviceProviders
9FBB3336-6DA3-479D-B8FF-67D46E20A987,IWMPDownloadItem2
9FC29D15-759D-11D2-999B-00C04F8EF4E0,IScripto2
9FC50194-A8EC-40D5-B8E4-6F2C62194461,IVsdOSDPlugIn
9FD0D341-0808-3A17-A978-ADB5ED517F59,_QueryContinueDragEventArgs
9FD1BD52-9D32-4697-B446-36582B865C34,IVsContainedLanguageFactory
9FD974A5-338C-37B9-A1B2-D45F0C2B25C2,_HMACRIPEMD160
9FD98A7E-9A59-4727-9214-06D4884BFDF9,DispImgElement
9FE2B76C-5DB8-4ADC-899F-2C133BD50569,IProvideToolTip
9FF3DDCA-1795-4191-A5B1-02D1AE35D074,TextEditor
9FF4AB72-F6C5-4BCE-907A-79BFB036FBC4,IDataColumn
9FF67F8E-A7AA-3BA6-90EE-9D44AF6E2F8C,_RSAPKCS1KeyExchangeFormatter
A00235E4-1814-47A8-8BFC-284A39BBDE77,ICcProject
A0052373-5D2E-4822-BE9B-B5616473C226,clsKRDPLogger
A00918F3-A6B0-4BFB-9189-FD834C7BC5A5,IWMPQuery
A00C10B6-82A1-452F-8B6C-86062AAD6890,IWiaLog
A00C298A-6520-4822-ABD8-C5CD03846599,IVsToolboxActiveUserHook
A01F7BC5-A318-4862-A69F-B5FF53BB47AC,_EnvironmentGeneralProperties
A02A2B22-1DBA-3F92-9F84-5563182851BB,_ApplicationDirectoryMembershipCondition
A02DED10-31CA-11CF-A98A-00AA006BC149,IADsFileServiceOperations
A03B61A4-CA61-3460-8232-2F4EC96AA88F,_TypeLibVersionAttribute
A04AC920-2BA9-11D1-93A2-00A0C9034910,ISqlDebugServices
A05090B1-DA75-47FD-8AE7-A7AB09533A1F,ISusSearchCallback2
A0562001-DB4B-48D6-AC29-C57CE732BCDC,ISCRPictureFormat
A05946EC-4D2C-4E12-BE58-B6BF0427FB59,ISppWmiTokenActivationSigner
A05E03A2-EFFE-11CF-8ABC-00C04FD8D503,IADsLocality
A065F92A-D9D3-4C99-B8B2-F20A2585A93C,IRegisteredClientInfo
A07252BD-7714-4ED5-AA2B-94AAD3166B74,IRuntimeStorageCallback
A086E870-AA0B-4EF9-8CF3-4A38267B9C7D,IVsDeployDependency
A08719FA-9A81-445C-AAF5-A83903C33FE1,IVsdModuleRetargetableFolder
A08CE4D0-FA25-44AB-B57C-C7B1C323E0B9,IExplorerCommand
A097F07E-7B80-11D3-9176-00902741EE7C,_ILinkEditorModelEvents
A0A9C2B0-95A3-4819-ADA3-5BD9756BBD36,IVsEnumBSTR
A0B40B93-9311-410F-B210-1F65BAFB0E27,_dispPublishEvents
A0C6D693-8226-4CA6-AB03-557AA5A33F75,IVsSimpleObjectList2
A0CD4E8B-5BC7-4CCA-BD57-465FE160E4FC,Deprecated_IDebugRemoteServer2_V8Beta2
A0CECD40-EB84-11D2-A5CD-00105A9C91C6,IXceedZip__0401
A0E174B3-D26E-11D2-8F84-00805FC7BCD9,ICrmLogControl
A0E39F2D-1333-4E71-B3AC-FC7BBFD92D9E,IVsMenuEditorTransactionEvents
A0E5F37D-CA67-11D1-A817-00A0C92784CD,ICrystalReportSourceRouter
A0E8F279-888C-11D1-B763-00C04FB926AF,IEventSystemPersistable
A0E8F27A-888C-11D1-B763-00C04FB926AF,IEventSystemInitialize
A0EBEE86-72AD-4A29-8C0E-D745F843BE1D,IVsBuildEventCommandLineDialogService
A0F75198-6623-4787-8398-4B61A46C7DBC,IPrivateTestComponentPackager
A0F9159D-A227-476C-AB2B-D32F76E92F40,IWMPEncHelper
A0F9AF17-6BB3-45B8-A582-C39A5837251E,ICollection
A0FE9B86-0C06-32CE-85FA-2FF1B58697FB,IContributeDynamicSink
A0FFBC28-5482-4366-BE27-3E81E78E06C2,ISearchFolderItemFactory
A1067146-B063-47D7-A54A-2C2309E9889D,IDXTMask
A1119296-1A37-43A5-A091-8C0319CE8C3F,IImeAttributeList_JKPrivate
A1159CA2-390F-4D5C-A062-9B3C2E5E3CA1,ICategoryDescription
A1230203-D6A7-11D8-B9FD-000BDBD1F198,IWTSListenerCallback
A1230204-D6A7-11D8-B9FD-000BDBD1F198,IWTSVirtualChannelCallback
A1230205-D6A7-11D8-B9FD-000BDBD1F198,IWTSVirtualChannelManager
A1230206-9A39-4D58-8674-CDB4DFF4E73B,IWTSListener
A1230207-D6A7-11D8-B9FD-000BDBD1F198,IWTSVirtualChannel
A1235F60-7019-45F8-A667-A0412E831B46,IStoreEventDispatcher
A12DCF7D-14AB-4C1B-A8CD-63909F06025B,IWMPError
A1329EC9-E567-369F-8258-18366D89EAF8,_BaseChannelObjectWithProperties
A132C339-E98E-4851-BF6D-D5072216C0CE,IVsdRegistryKey
A136F62A-2F94-4288-86E0-D8A1FA4C0299,IComTransaction2Events
A13A41CF-E066-3B90-82F4-73109104E348,_ThreadStateException
A14967B6-617F-464B-85F4-F7CA0E03BE9F,IUserSettings
A14A6C12-2029-4E19-BB53-C82AC9141D68,ISetupFeatureLogs
A1567595-4C2F-4574-A6FA-ECEF917B9A40,IPortableDeviceManager
A15A976B-81E3-3EF4-8FF1-D75DDBE20AEF,_FileNotFoundException
A15F6F11-7043-4E95-92B3-A832B2D0AFE6,ISetupCABFile3
A16537BC-1EDF-3516-B75E-CC65CAF873AB,_SHA1CryptoServiceProvider
A1693C5C-101F-3557-94DB-C480CEB4C16B,_AssemblyVersionAttribute
A16AB1E1-377D-4DF2-8D8A-C9F283857DDC,IRotService
A17326AD-C97B-4278-86E2-72163C4C6A8C,IVsBuildStatusCallback
A1736B3A-A139-4377-97F1-C4D174B6F2D3,ISqlInitDebug
A1741EF6-FFC6-11D0-BD02-00C04FC2FB86,IDataFormatsDisp
A17BE28D-6CDC-4C1E-BE3E-F0ED067EA3E2,IVsExtensibility3
A18545B7-E5EE-31EE-9B9B-41199B11C995,_SinkProviderData
A18960B0-1C2F-3DC3-9771-E304B9294387,_SoapServerVRoot
A19B3FC6-D680-3DD4-A17A-F58A7D481494,IPermission
A19E7FAF-CB6F-43BA-AC16-BDE9823D6DD1,IDebugAttachSecurityCallback2
A1A26181-D55E-3EE2-96E6-70B354EF9371,_DllImportAttribute
A1B04977-56DD-40D1-89E3-65E1902A9103,_dispAssemblyReferencesEvents
A1B6435F-2CC9-4C93-A416-CB56DC3AA94B,IWMPPlaylistArrayInternal
A1B7DE7A-4E77-43DB-AE78-96FC182FED4A,ITSSession
A1C392FC-314C-39D5-8DE6-1F8EBCA0A1E2,_SoapFault
A1CD2DC6-EFFE-11CF-8ABC-00C04FD8D503,IADsO
A1D1110E-D545-476A-9A78-AC3E4CB1E6BD,IWMPControls3
A1FAF330-EF97-11CE-9BC9-00AA00608E01,IOleParentUndoUnit
A1FD5A70-1114-440F-A2CD-E982413DF5C9,VBProjectProperties5
A1FF0D7C-1F51-4A95-B107-EC6FFE2C5794,IVsFilterKeys2
A2078F0E-A310-420A-BA27-16531905B88F,IVsUserContextItemEvents
A210BFE9-C9F7-4919-B114-0D98B3D5341E,Internal_IWbemUnboundObjectSink
A2145F38-CAC1-33DD-A318-21948AF6825D,_InterfaceTypeAttribute
A218E20A-0905-3741-B0B3-9E3193162E50,_UnhandledExceptionEventArgs
A2246AE7-EB81-3A20-8E70-C9FA341C7E10,_ConstructionCall
A228F62C-7315-49AB-9361-C98D151F8790,IPktXPacket
A22929C9-D301-3F5B-98B7-844FDBA1DEDF,_CodeBinaryOperatorExpression
A22F4113-46D1-478F-AB7E-E66F319AD46F,IGuidCollection
A23EB5DE-50CE-44FC-92F1-D4D8F56F5012,ISCRAreaFormat
A24104F5-46D0-4C0F-926D-665565908E91,ISettings
A2440E4D-75EF-43E5-86CA-0C2EFE4CCAF3,IWMPErrorManager
A248C1AC-C698-4E06-9E5C-D57F77C7E647,IInkCursors
A25B830C-9BBE-4086-A9F2-716B1A4D6D83,IHMEService
A260B372-BC78-441B-8764-D0B83F4004F4,IHTMLtoXHTML
A26A0525-3FAE-4FA0-89EE-88A964F9F1B5,ITfLangBarItemBitmapButton
A27003CF-2354-4F2A-8D6A-AB7CFF15437E,IMFAsyncCallback
A27003D0-2354-4F2A-8D6A-AB7CFF15437E,IMFRemoteAsyncCallback
A28C19DF-B488-34AE-BECC-7DE744D17F7B,_COMException
A295019C-DC65-47DD-90DC-7FE918A1AB44,IUPnPService
A2D2E799-38D3-4CC5-9C07-9F3DB1E57A74,ISetupSharedFiles
A2D3286E-B5AE-4981-8D32-E9053FCF997D,IVsBatchUpdate
A2DD88C9-D878-4323-95A3-77DAF258E5D0,IVsUIHierarchyWindow
A2DE3BC1-3D8E-11D3-81A9-F753FBE61A00,ITextStoreAnchorEx
A2DE3BC2-3D8E-11D3-81A9-F753FBE61A00,ITextStoreACPEx
A2DED160-EEF1-4560-B083-BCFBAEE29B81,IDTSagent_J
A2E3AA3B-AA8D-4EBF-84CD-648B737B8C13,AsyncIDebugApplicationNodeEvents
A2ED7EFC-8E59-3CCC-AE92-EA2377F4D5EF,_FileIOPermission
A2F121D8-4775-3FB2-93A3-C5862AE8C359,_ListViewItemMouseHoverEventArgs
A2F2C782-F929-4FFA-8699-88D4C4C07B17,IEEVisualizerServiceProvider
A2F733B8-EFFE-11CF-8ABC-00C04FD8D503,IADsOU
A2FC3069-7DCA-4A6E-AC66-AAE464D5CAC7,IVSTOContainerControl
A2FFDF9B-4758-4F84-B729-DF81A1A0612F,ISearchPersistentItemsChangedSink
A300415A-54AA-4081-ADBF-3B13610D8958,IWMPNodeWindowedHost
A3018BEB-498D-4F55-8045-16B9272843E5,_DFileView
A305B1C0-C776-4523-BDA0-7C5A2E0FEF10,ITfContextRenderingMarkup
A30646CC-F710-3BFA-A356-B4C858D4ED8E,_ObjectIDGenerator
A31B6577-71D2-4344-AEDF-ADC1B0DC5347,ISoapServerVRoot
A31E0E60-E06A-4131-90A0-35D6422A63D3,IEnumImeAsyncWordComment
A3286B03-5AC6-44F0-8CC3-EBED7F1124E5,_EnvironmentWebBrowser
A328E9F2-3F0D-4BC6-8406-D2F27C56B547,IQEClientBindingInfo
A341396A-1B4A-4164-8E6E-BDDC527C861C,IVsSccOpenFromSourceControl
A35447D2-B9A5-48BF-9595-48FC4D8A453B,IVsdChildPropertyEventListener
A356A017-07EE-4D06-ACDE-FEFDBB49EB50,IVsFontAndColorUtilities
A3596F58-338B-49A0-9FD7-0810B0ED4D3A,IPublicationServicesChangeData
A359DEC5-E813-4834-8A2A-BA7F1D777D76,IWbemBackupRestoreEx
A35EE24F-222F-456E-99A1-8357F33EC526,IVstaHostAdapterInternal
A3661D47-D4B8-4BDD-B1A1-3A52C2D2646D,IVsdAssemblyDependency
A36D847B-4478-3DA9-96F5-CD99F855C163,_BYOT
A3761D3F-7C1E-4526-A8D5-1575631F09FC,SVsOpenProjectOrSolutionDlg
A376DD5E-09D4-427F-AF7C-FED5B6E1C1D6,IUpdateException
A37D00F5-7BB0-4953-B414-F9E98326F2E8,IInvalidProductLicenseException
A38BFFC3-A5A0-11CE-8107-00AA00611080,Tab
A38EF241-AF3E-49A9-8533-0E35B6794D40,IDebugIteratorFrameProvider
A39B4C47-CD11-4D2D-A2BD-DC74564F8F12,IWMPContentProviderFactoryEventHandler
A39EE748-6A27-4817-A6F2-13914BEF5890,IUri
A3A37C5E-8D71-487D-A9E1-B9A1B3BA9CBB,IDebugCustomAttribute
A3A416A4-0F64-11D3-B5B7-00C04FC324A1,ITfFnPlayBack
A3A80783-875F-435B-9639-E5CE888DF737,OutputGroup
A3AD50FB-9BDB-49E3-A843-6C76520FBF5D,ITfCandidateList
A3AFB9CC-B653-4741-86AB-F0470EC1384C,_Application
A3B14589-9174-49A8-89A3-06A1AE2B9BA7,ICategorizer
A3B16079-C3D1-4BF1-8F86-09B9F1BEAD4C,ISCRParagraphs
A3BF0BCD-EC32-38E6-92F2-5F37BAD8030D,_SoapTime
A3C1544E-5B92-11D1-8F4E-00C04FB6809F,ITCallHub
A3C15451-5B92-11D1-8F4E-00C04FB6809F,ITCallHubEvent
A3C1C40C-9218-4D4C-9DAA-075F64F6922C,SolutionBuild
A3CCEDF3-2DE2-11D0-86F4-00A0C913F750,IImageDecodeFilter
A3DDDF26-7792-4544-A9A4-D4DFB11CD8F3,IDebugProgramPublisher2
A3E69F2B-00AA-11D2-B58A-00E0290E6C31,IQCPlayer
A3FC6319-7355-3D7D-8621-B598561152FC,_DebuggerBrowsableAttribute
A424E4D2-0A03-446C-9F87-D49A796B32B4,iconnection
A4319B25-AC62-445A-AD1B-E785524227AC,IColumnCollection
A4341687-7593-47AA-9554-4B0FFC8B2214,ISharingConfigurationManagerPriv
A436D7D2-17C3-4EF4-A1E8-5C86FAFF26C0,IEnumOpenServiceActivity
A43C0083-755F-4385-9574-4C14BFFC4344,IVsHiddenTextSessionEx
A43C56D6-7451-48D4-AF96-B6CD2D0D9B7A,IInstallationResult
A44179A4-E0F6-403B-AF8D-D080F425A451,IXFeed
A457C25B-4E9C-4B04-85AF-8932CCD97889,IOfflineFilesSuspendInfo
A4662D0F-FA14-48AC-8E68-D481EF200627,IVsFireSolutionEvents
A46A6E50-0994-4639-AADA-296488B58AC1,ITSCounters
A4772988-4A85-4FA9-824E-B5CF5C16405A,ICertRequest2
A480A0EF-9CC0-4DB0-ABB1-166015A5C88B,ISkin
A490B1E4-AB84-4D31-A1B2-181E03B1077A,IMFVideoDisplayControl
A4924B27-6E3B-37F7-9B83-A4501955E6A7,_ILGenerator
A497816A-C55D-4F05-B9E3-2E0D28E77BA2,IBlurHotfixBroker
A4A091F8-C683-4432-992A-897A137BD232,VCMidlTool
A4AC2747-2C8C-4E71-8F9D-0C2505DAB024,DatePicker
A4BFF713-4AC2-11D3-916A-00902741EE7C,ISCRDocument
A4C466B8-499F-101B-BB78-00AA00383CBB,_ErrObject
A4C466B8-E85A-4D6F-A066-2F290829EA63,_ErrObject
A4C46780-499F-101B-BB78-00AA00383CBB,_Collection
A4C46780-E85A-4D6F-A066-2F290829EA63,_Collection
A4C6892C-3BA9-11D2-9DEA-00C04FB16162,IShellDispatch2
A4CBB5D1-B912-4BF6-A96B-B02855169492,IFilteredItemFactory
A4E8F2D4-3F31-464D-B53D-4FC335998184,IMDSPRevoked
A4EAB890-0786-406B-9B31-2746F31F8D87,ICertificateStatus3
A4F4246C-C131-11D2-8AD1-00C04F79E479,Languages
A4FC45C4-ABDD-47CB-AF94-8697249A8558,ILayerState
A4FE9958-2FF2-4675-BBB4-8148F6A75547,IHostItemProvider
A5055FC1-1A22-4F22-B306-76151BD53850,IAlternate
A505EDBC-380E-3B23-9E1A-0974D4EF02EF,_Evidence
A50EA6F8-4764-4299-B309-022B2A8B4D8D,IeAxiSystemInstaller
A5148A34-D440-41F7-8408-4EDD5A8B0337,_ISAXmlSerializerEvents
A5170870-0CF8-11D1-8B91-0080C744F389,IWBScriptControl
A52B85C6-5370-35C9-A04A-04A92013862C,_CodeArgumentReferenceExpression
A530E6D3-0EA0-4B6D-AF89-FBA0944D1A10,INotificationDataProvider
A5367E37-D7AF-4372-8079-D1D6726AEDC8,IWorkflowErrorLogger
A53CD8E6-384B-4E80-A5E0-9E869716440E,IWMPErrorEventSink
A5445657-79C1-11D7-932A-00065B83EE53,ITipProgrammabilityStateSink
A5463E85-18A4-4699-BF77-52E40B29EB57,IVstaHostObjectCollection
A54AC093-BFCE-37B0-A81F-148DFED0971F,_SetWin32ContextInIDispatchAttribute
A5558507-9B96-46BA-94ED-982E684A9A6B,IInkManager
A558A866-A5B0-11D2-A08F-00C04F72DC3C,IWiaDataCallback
A55DC428-CB05-4E31-BBE1-4AC9257101FC,ISTSTip
A561E69A-B4B8-4113-91A5-64C6BCCA3430,IUserAccountChangeCallback
A5657E5C-7BAE-4E81-9C17-284655918763,IEventClassParallelFiringTimeout
A56AB812-2AC7-443D-A87A-F1EE1CD5A0E6,ITabletManagerDrt
A57AF3C9-4094-4372-A10F-3CEA182F8CF2,IVsdTargetFolder
A591E610-E94C-4042-A509-ED3FB6D7CDF0,vbalGrid
A5AF2165-C1BE-39AF-AB35-CD950D01A701,_ContainerControl
A5BE26DB-5D37-4E2B-9C00-03BAE16A6B3F,IVsTextImageWrapperSite
A5C6C53F-C202-4AA5-9695-175BA8C508A5,IMFVideoMixerControl
A5CA5F7F-1847-4D87-9C5B-918509F7511D,IMonikerProp
A5D29A57-36A8-3E36-A099-7458B1FABAA2,_FileSystemInfo
A5D5B66B-EEF9-41DB-8D7E-E17C33AB10B0,ISideShowContentManager
A5DA0C32-4F6C-4AAA-A6BC-A7C1FE27A059,IFilterView
A5E385AE-27FB-3708-BAF7-0BF1F3955747,_SoapNmtokens
A5F10C16-3BFE-40F7-A665-B230A103E7F1,IVsdMergeModuleDeployableTemplate
A5F2D3E8-7A7E-48E5-BC75-40790BE4A941,IDXTAlphaImageLoader
A60384F6-3712-4CB3-BC46-81E6402FEE99,IDebugEngine3
A6078038-D578-4F32-B9B2-C83E1726454D,IVsTextEditorPropertyCategoryContainer
A6087428-3BE3-4D73-B308-7C04A540BF1A,IObjectProvider
A60FCE08-2F9C-4676-86F0-BCD4973FC702,SVsStartPageDownload
A61406C1-997B-4A4B-B622-AA7DACA6D575,IWscSecurityProductStatus
A619B73E-5623-4DBB-B27D-F5DC02C87634,IVsdShortcut
A621ABA0-DBAF-438E-B52F-47970DD4EEA7,IDesignerDocument
A625360A-B7C8-41C6-94D0-FC2E4AED57D2,IVsdTaskList
A630CFF5-EB22-40B7-9464-5F8D4B98B1CB,IVsCfgBrowseObject
A63251B2-5F21-474B-AB52-4A8EFAD10895,IADsSecurityUtility
A646DE73-C49C-4EC6-B389-66E988A80AEE,ISCRReportPartBookmark
A64715CB-85D7-41C3-8E71-2302D4EEBC34,ToolBoxTab2
A6564D5E-75B8-40AC-A23C-AB9BA01B9CDD,ICategoryInfoArray
A6589897-5A67-305F-9497-72E5FE8BEAD5,_Rfc2898DeriveBytes
A65964DF-3A07-45EB-882A-DD04602016B9,FileCodeModel2
A65AF77E-969A-4A2E-8ACA-33BB7CBB1235,IDefaultLocation
A6749BD3-ECD5-4C99-BF46-6843F679E625,IBrowserEvents
A6849C66-AA52-4AAF-A038-9231408682C9,ICmDETypeContainer
A6894F43-9CC7-44C9-A23F-19DBF36BAD28,INapSystemHealthAgentBinding
A694C896-FC38-4C34-AE61-3B1A95984C14,IRecipients
A695888C-E3FE-47C2-82C0-CCD5890A243F,IAddressBandEx
A6ACCB2F-1E0D-458B-A878-D40EB89C1DF4,IVsTextTipWindow
A6B94B6D-854E-3172-A4EC-A17EDD16F85E,_ThreadStaticAttribute
A6BC3AC0-DBAA-11CE-9DE3-00AA004BB851,IProvideClassInfo2
A6BCADF1-DB1E-4F6C-9FFC-AA7F0B29E8EE,IWIAExtensionHost64
A6C2239B-08E6-3822-9769-E3D4B0431B82,_CallConvCdecl
A6C27DA3-7396-11D4-AAC5-00902741F1FC,IQEForeignKeyInfoItems
A6C27DA5-7396-11D4-AAC5-00902741F1FC,IQEForeignKeyInfo
A6C64B39-B014-443B-B81B-B3311FC5260B,ISCRConstantValue
A6CEF998-A5B0-11D2-A08F-00C04F72DC3C,IWiaDataTransfer
A6D897FF-0A95-11D1-B0BA-006008166E11,DWebBridgeEvents
A6EF9860-C720-11D0-9337-00A0C90DCAA9,IDispatchEx
A6EF9861-C720-11D0-9337-00A0C90DCAA9,IDispError
A6EF9862-C720-11D0-9337-00A0C90DCAA9,IVariantChangeType
A6FAF38C-284B-48B3-B871-84B9A66010E9,IVsHostingProcess
A6FEEB26-2087-4947-9ED6-3CF7DAC2768E,IVCLinkerInputPage
A7006EFC-6E21-3B74-A9D7-9A2F12E46C8E,_ComponentEditorForm
A700A634-2850-4C47-938A-9E4B6E5AF9A6,ISearchCompletedCallbackArgs
A7030F47-932E-4FBF-AC3E-076673DB6289,IVCLibrarianPage
A711DF67-B00A-4E82-A990-51B2B450EA0F,IVsSolutionEvents2
A71A0808-0F88-11D1-BA19-00C04FD912D0,IHtmlLoadOptions
A721791A-0DEF-4D06-BD91-2118BF1DB10B,IWICMetadataQueryWriter
A72903B0-6353-4896-B48B-41A1F76DC288,IPktXStatisticsCollection
A73A59C5-2C26-4501-83D9-4EAD966CF20D,ITabWindowModalManager
A73CE67A-8AB1-44F1-8D43-D2FCBF6B1CD0,IRelatedItem
A74029CC-1F1A-4906-88F0-810638D86591,IFeedsManager
A74B9D99-F70F-4345-AC6B-A0B3B72E83A4,IVsdModuleFile
A75E9121-3A28-11D3-B629-000000000000,ISFavoritesNormalFile
A768A74D-AE70-45D6-9997-EA0C0BD5513E,IKnownAutoListManager
A7750701-44A2-353A-923A-7BA68A8E22AF,_DataGridViewTextBoxEditingControl
A781718C-579A-4B15-A280-32B8577ACC5E,ITfCompositionSink
A78436D0-9A20-47BA-929C-80E8D3CD6350,IOfflineFilesSyncConflict
A78AFF90-049C-41EC-B1D8-665968AAC4A6,ISSCEParams
A78B1EF8-6C64-4B40-8E14-1BB317A3B95C,IObjectWithUnmappedXml
A795D153-4A0C-4B26-A96C-BCFF0B2CA27B,IVsdAdviseLatticeEvents
A79F0CF5-6389-4628-BE13-12C45FA3CE7A,IVCLinkerSystemPage
A79FC678-0D0A-496A-B9DC-0D5B9E1CA9FC,_CommandEvents
A7A1BA28-DE41-466A-AD0A-C4059EAD7428,IWSManResourceLocator
A7A1C907-C3D2-4ACB-9114-4EE23B6FCF7E,IVsToolWindowFactory
A7A2DA3F-4CDA-4FEA-A907-DC6C32B8C3B5,IHomeGroupListenerNotify
A7A5CA45-3E53-46B8-9D9D-BA9CACE47A62,V7ONLY_IDebugPrivateSession2
A7A64DE3-9B5C-47F0-ABAD-0AEDBD6CC057,IVsTextColorState
A7ABA9C1-8983-11CF-8F20-00805F2CD064,IProvideMultipleClassInfo
A7ADE7A0-F286-4C03-8137-D6D0EF3D6848,IVsProjectCfg2
A7AE5F64-C4D7-4D7F-9307-4D24EE54B841,Folder3
A7AEF52C-B47B-3660-BB3E-34347D56DB46,_GacInstalled
A7D766A6-6D14-4C81-81E1-0324031FFA73,IVCPreBuildEventPage
A7E6B1F9-DFF1-4354-870F-196BE871F329,IVsTaskProvider2
A7EB8F00-AE98-4BE6-B50F-49B933C7455D,IDeviceNotificationCallback
A7EE3E7E-2DD2-4AD7-9697-F4AAE3427762,IDebugProperty2
A7F04F3C-A290-435B-AADF-A116C3357A5C,IUpdateHistoryEntryCollection
A7F337A3-D20B-45CB-9ED7-87D094CA5045,ISyncMgrHandlerCollection
A8105B4F-7D5A-402B-AAC0-FD85DAECF94C,ISessionEnum
A81676FD-EAA3-39C3-9354-A58951270EB6,_ToolStrip
A817E7A2-43FA-11D0-9E44-00AA00B6770A,IComponentRegistrar
A81D80C1-F6BC-4F1F-B829-70898DB4262D,IWebClassError
A83C9B5C-FB11-4AF5-8F65-D03F151D3ED5,IDXTStrips
A83F04E9-FD28-384A-9DFF-410688AC23AB,_ExternalException
A8445657-79B6-11D7-932A-00065B83EE53,ITipVisualState
A8516B56-7421-4DBD-AB87-57AF7A2E85DE,IVsSolutionEvents
A85C0477-714C-4A06-B9F6-7C8CA38B45DC,IWMPVideoCtrlEvents
A864FB13-F945-3DC0-A01C-B903F944FC97,_InternalST
A86B7871-D14C-48E6-922E-A8D15F984800,ITStaticAudioTerminal
A87A8574-A6C1-4E15-99F0-3D3965F548EB,ITfFnLangProfileUtil
A87AED55-DDA4-3668-BEFA-1A776496DD3E,_ListView
A88826F8-186F-4987-AADE-EA0CEF8FBFE8,IEnumExplorerCommand
A88E90A6-DD82-437A-B89C-DC2977EB7BA9,IQueryLinksNotify
A8927A41-D3CE-11D1-8472-006008B0E5CA,ICatalogTableInfo
A89D1900-31CA-11CF-A98A-00AA006BC149,IADsFileService
A89DA2B1-B520-43C2-8DB6-884A95987DD4,IVsdInertListViewItem
A8A255F5-5A78-4486-B5A7-7E09EB52CF90,_PrivateTestPackagerEvents
A8A5B6EF-E0D6-4AEE-955C-91625BEC9DB4,IFaxAccountIncomingArchive
A8A79FFA-450B-41F1-8F87-849CCD94EBF6,IWiaImageFilter
A8ABC4E9-A84A-47A9-80B3-C5D9B172A961,IPortableDeviceServiceManager
A8B2553D-EAB7-4971-8853-7354B5A6B5C1,IImeAsyncWordComment
A8B7138C-8932-3D78-A585-A91569C743AC,_FileDialogPermission
A8C3D107-7EDF-4B1B-8A81-080AC91590E9,IVsUndoUnit
A8D90B71-3B45-11D4-ACF1-009027A77082,IKeyCoder2
A8DE80EF-C906-4C93-8585-7B2A8FCB63EA,ISetupUserInterface
A8ED99D6-8FC8-44E5-B6FA-A06D2E1EF7F8,VCDialogExtender
A8F69ECA-8C48-3B5E-92A1-654925058059,_NetCodeGroup
A8FEF1C6-D434-3686-A4DE-B68E8EABB509,_ComponentChangedEventArgs
A90106ED-9099-3329-8A5A-2044B3D8552B,_TargetInvocationException
A9014B8B-0ED4-4A19-A06F-5D42C751D42D,IMFRrHandler
A902A192-49BA-3EC8-B444-AF5F7743F61A,_AttributeUsageAttribute
A9052EEA-734F-41D8-978B-E32CAD12381A,ISessionArbitration
A910DEA9-4680-11D1-A3B4-00C04FB950DC,IADsFaxNumber
A915CEA2-72DF-41E1-A576-EF0BAE5E5169,IWMPDiscoExternal
A91708E4-F1BD-463E-8E2D-C9101FA3DB37,IWMPBkgDownload
A928AA21-EA77-47AC-8A07-355206C94BDD,IVsRunningDocumentTable
A92DFFF7-67CA-439C-BE88-27B4577FA57E,INetworkDiagnostics
A92E8D60-DC25-418D-9148-E3F829457DD6,IDMC_Clus
A93BFE7B-CFDA-471D-93C6-1747D0B06E8E,VBProjectProperties3
A9637792-5BE8-3C93-A501-49F0E840DE38,_GacIdentityPermission
A96ABCCC-C55B-44E4-8977-CD815EA33A58,ISessionNotifySink2_V7
A96E6FA4-E0D1-4C29-960B-EE508FE68C72,IOfflineFilesChangeInfo
A9738FF1-D821-4029-8932-BA5186AFB68C,ISusInternal_V2
A97559F8-6C4A-11D1-A1E8-00C04FC2FBE1,ISubscriptionItem
A976C28D-75A1-42AA-94AE-8AF8B872089A,IUpdateLockdown
A976F595-49FB-4313-BC1A-A7DF7FD4BBFA,IQueryResultSetEventSink
A9809E7D-42F8-3284-82CF-AB5F863A29AA,_PerformanceCounterManager
A981529F-4D0D-46EE-A758-AC26E50E099D,IVsDeployableProjectCfg2
A9832932-5F3B-487D-A80D-95115EADDAC3,IVsLaunchPadOutputParser
A98639A1-CB0C-4A5C-A511-96547F752ACD,IMsoHyperlinks
A9876C60-2667-44E5-89DB-E9A46ED392C0,ISSCEParam
A9889C00-6D2B-11D3-8496-00C04F79DBC0,IComponentAuthenticate
A9937F78-0802-4AF8-8B8D-E3F045BC8AB5,IWMPContentContainerList
A99400F4-3D84-4557-94BA-1242FB2CC9A6,IPropertyEnumTypeList
A9B4786C-08E3-344F-A651-2F9926DEAC5E,_Debugger
A9C3A6F2-A5A9-4A38-BD07-48E8D7CA2761,IMultiCompleteCallback
A9C9F3D9-E153-39B8-A533-B8DF4664407B,_PolicyException
A9D758A0-4617-11CF-95FC-00AA00680DB4,IProgressNotify
A9DB33A2-AF5F-43C7-B679-74F5984B5AA4,IWICPixelFormatInfo2
A9DD4ABA-C0DC-4FE2-8A01-D7493C7352DD,ICcService
A9E0AF1A-3713-478E-AE03-8EDD272D21FA,INapComponentConfig
A9EDD9BF-932E-4819-BE2A-B0F2B7CFC69D,ICmQISContainer
A9EFAB80-0A60-4C3F-BBD1-4558DD2A9769,IWMPEffectsCtrl
A9F63151-4CCF-4C63-9B5A-3BA524A33886,ISdScheduledBackup
A9F86308-5EA7-485D-BAB8-E8989C3CFBDC,IVsUpdateSolutionEvents
A9FCDA18-C237-3C6F-A6EF-749BE22BA2BF,_AssemblyKeyFileAttribute
AA000922-FFBE-11CF-8800-00A0C903B83C,ICertServerPolicy
AA3B055C-98CF-4A04-AF21-0CCC0D4DC3D8,IVsdDeployableDeployFireEvent
AA51516D-C0F2-49FE-9D38-61D20456904C,IDebugConvert
AA5B6A80-B834-11D0-932F-00A0C90DCAA9,IActiveScriptParseProcedure32
AA634FC7-5888-44A7-A257-3A47150D3A0E,IXMLDOMSelection
AA6DA581-F972-36DE-A53B-7585428A68AB,_ChannelDataStore
AA6F4085-33B6-4629-B9EA-692101007CC2,_OutputWindowEventsRoot
AA764B2E-D67E-43DC-8A2A-0AFC94D202A0,ICmiWrapper
AA80E7F4-2021-11D2-93E0-0060B067B86E,ITfDocumentMgr
AA80E7FD-2021-11D2-93E0-0060B067B86E,ITfContext
AA80E7FF-2021-11D2-93E0-0060B067B86E,ITfRange
AA80E801-2021-11D2-93E0-0060B067B86E,ITfThreadMgr
AA80E803-2021-11D2-93E0-0060B067B86E,ITfEditSession
AA80E808-2021-11D2-93E0-0060B067B86E,IEnumTfDocumentMgrs
AA80E80C-2021-11D2-93E0-0060B067B86E,ITfContextOwner
AA80E80E-2021-11D2-93E0-0060B067B86E,ITfThreadMgrEventSink
AA80E901-2021-11D2-93E0-0060B067B86E,ITextStoreACPServices
AA80E905-2021-11D2-93E0-0060B067B86E,ITextStoreAnchorSink
AA80E9FE-2021-11D2-93E0-0060B067B86E,ITextStoreAnchorServices
AA8F5055-83E5-4BCC-AA73-19851A36A849,IVdsIscsiTarget
AAB7C6EA-CAB0-3ADB-82AA-CF32E29AF238,IEqualityComparer
AABFAD62-E092-4838-8FE9-806FF250496B,ISyncInfrastructure
AAC41AED-FCB3-4E11-BD50-F6AB6C934822,IWMSchemaEvent
AAC4831F-8C1F-434E-9F80-7F1B5B0036E0,IXceedZipItem
AAD0C7E1-12EB-4271-9538-2C91B460012B,CommandBarPopup
AAD20A0E-9CD9-40AB-91B9-3C1943562C84,IEEAssemblyRef
AAD53083-6316-4A65-82C3-85732AC52E52,IVsCommandArgInfo
AAD55778-B282-4A28-9C36-0E5C367DBE5C,IVsdCustomActionsEditorTreeViewItem
AADABA99-895D-3D65-9760-B1F12621FAE8,_EventBuilder
AADC65F6-CFF1-11D1-B747-00C04FC2B085,IScriptEncoder
AADE1F59-6ACE-43D1-8FCA-42AF3A5C4F3C,IFilterProperties
AAF5401E-F71C-3FE3-8A73-A25074B20D3A,_SoapNonPositiveInteger
AB00F3F8-7DDE-3FF5-B805-6C5DBB200549,_CryptoConfig
AB0CA984-C62D-4BDA-B298-6A3D90AE37C8,IVCFxCopPage
AB0DE953-D5A5-4074-9FB3-901FBB8DB04D,IEnvironment
AB310581-AC80-11D1-8DF3-00C04FB6EF50,ISearchCatalogManager
AB310581-AC80-11D1-8DF3-00C04FB6EF52,IEnumSearchRoots
AB310581-AC80-11D1-8DF3-00C04FB6EF53,ISearchScopeRule
AB310581-AC80-11D1-8DF3-00C04FB6EF54,IEnumSearchScopeRules
AB310581-AC80-11D1-8DF3-00C04FB6EF55,ISearchCrawlScopeManager
AB310581-AC80-11D1-8DF3-00C04FB6EF58,ISearchItemsChangedSink
AB310581-AC80-11D1-8DF3-00C04FB6EF63,ISearchQueryHelper
AB310581-AC80-11D1-8DF3-00C04FB6EF69,ISearchManager
AB367AE9-915C-4C9D-BE89-E515D511823B,ISetupPropertyBag
AB3F47E4-C227-3B05-BF9F-94649BEF9888,IDeserializationCallback
AB481469-2D98-42D2-9DDF-9161E8BD44B1,ICollectionEventSink
AB4E133A-4F16-4337-B2FB-D1046742C520,IImeExtendedDisplayAttribute
AB4E77E4-8908-4B17-BD2A-B1DBE6DD69E1,ISCPSecureExchange3
AB4E97B9-651D-36F4-AABA-28ACF5746624,_SoapToken
AB4EDEE5-0F23-4619-8D33-CEE9F4277DCE,IOfflineFilesService
AB538809-3C2F-35D9-80E6-7BAD540484A1,_Stack
AB68B109-FDC8-420A-B09D-8447E7B89598,ICookieJarRecoveryData
AB6A54D6-13C7-4ED9-A071-2FCB1DACA21B,_DebuggingEditAndContinueProperties
AB769053-6D38-49D4-86EF-5FA85ED3AF27,ICertificateStatus
AB7C88BB-143E-4EA4-ACC3-E4350B2106C3,IWMPMedia2
AB82EFD7-F28F-4A33-BCA9-9F0E13433BAE,ISCRCommonFieldFormatConditionFormulas
AB8DBCBE-2EB8-4080-A6D0-CFA3B846EFD4,IMFRatelessTimeSource
AB941BD7-411D-11D3-9D7B-00902741EE80,ISAAddObjectRequest
AB941BD9-411D-11D3-9D7B-00902741EE80,ISAAttachedDataDocumentRequest
AB941BDD-411D-11D3-9D7B-00902741EE80,ISAChangeReportObjectBoundsRequest
AB941BDF-411D-11D3-9D7B-00902741EE80,ISAChangeReportSectionExRequest
ABA410C6-4243-4171-8872-70B24CA69172,IExternalDebugHelper
ABA958BF-C672-44D1-8D61-CE6DF2E682C2,IWICMetadataHandlerInfo
ABB0CA42-F82B-4622-84E4-6903AE90F210,IDebugBreakpointErrorEvent2
ABB54B95-2500-4B11-8510-A8F7168135A8,DispInputFileElement
ABB8E734-D24A-4346-B643-F67215CB08B0,INonDestructiveDebuggee
ABB97546-A5AB-4711-A709-252177569CD3,GSubclass
ABC04B16-5539-3C7E-92EC-0905A4A24464,_SecurityManager
ABC08425-0C86-4FA0-9BE3-7189956C926E,IAzAuthorizationStore3 interface
ABC30865-8929-3F02-9D70-6C3D68C83837,_TextBoxBase
ABC9DC3F-2783-4E07-9817-DA7E37D47716,IWindowsFormsHostControlCollection
ABD414BF-CFE5-4E5E-AF5B-4B4E49C5BFEB,IESEvents
ABDE9756-B57E-4BD3-A393-C70F9ED04277,ITSUnknown
ABDF559F-C509-404E-A562-D30AD351E6D1,IMFWMDRMITACreator
ABE4009C-B78E-4435-95EE-73F549952CC9,IVsdFeaturePlugIn
ABF35C99-0681-47EA-9A8C-1436A375A99E,IFeedEvents
ABFA087C-F703-4D53-946E-37FF82B2C994,IMsoAxisTitle
ABFE9528-CF70-48A7-9865-9C210C3DA666,ISetupBasicFeature
AC013209-18A7-4851-8A21-2353443D70A0,IMsmConfigureModule
AC0714F3-3D04-11D1-AE7D-00A0C90F26F4,IAddinDesigner
AC0714F4-3D04-11D1-AE7D-00A0C90F26F4,IAddinInstance
AC0B874B-2B20-449B-A7D0-A4627AA423AB,ISCRTimeFieldFormatConditionFormulas
AC0E3951-0A2F-448E-88D0-49DA0C453460,ITablet3
AC1700FD-669E-4CFE-B2D7-08BFA49657A1,ITouchSkin
AC170AC6-D938-4796-BADA-BB4DECE4C2C5,VSWebProjectItem2
AC17B76B-2B09-419A-AD5F-7D7402DA8875,IDebugCodeContext2
AC1D0CEB-AFDF-4449-8110-7B0840AFBB3E,IWindowsFormsHostControl
AC3BDDA4-25B8-3321-A1C0-7C37BBF2DDED,_DesignerVerbCollection
AC3D7F68-6216-4731-9110-1C4E11E1B3E1,ISdBackup2
AC48FFDE-F8C4-11D1-A030-00C04FB6809F,ITRequestEvent
AC48FFDF-F8C4-11D1-A030-00C04FB6809F,ITRequest
AC4A85BF-D04A-4F59-A2AE-49FF70B9DDDE,ICcAddonContainer
AC66A493-0F0C-4C76-825C-9D68BEDE9188,IDXTMatrix
AC6B7889-0740-4D51-8619-905994A55CC6,IMFAsyncResult
AC6C35F3-478E-4B9C-AA54-C1F16E953E6E,ICmVersionContainer
AC71D5B6-150B-4D96-9FB4-374C51D6AA87,ICFELuaHelper
AC735863-23EF-46ED-A3EC-87B58B3DF5DA,IVsGlobals2
AC7D8BE5-B7F5-400B-B02C-35207672F56B,IVsHierarchyDropDataSource
AC92FFC5-F0E9-455A-906B-4A83E74A803B,IFileDialogPrivate
AC9EA02A-2C8A-4ACD-B562-D7E8EBEE8E8E,Internal_IEnumWbemClassObject
ACA96DA3-96ED-397E-8A72-EE1BE1025F5E,_SoapEntities
ACD107B4-3B62-49C9-BFCB-CC52D0354ECC,ICmValidationManager
ACE19C7B-A0AC-4089-94FD-749CF4380E1F,TextPane2
ACE47A22-7D32-421E-8CB3-5FF229D22A36,VCLibrarianTool
ACF69926-C3C7-4754-AC83-292C83CFA556,ISCRNumericFieldFormat
ACF92459-6A61-42BD-B57C-B43E51203CB0,IMFContentProtectionManager
AD0C79DB-37BE-3B61-9C53-2E4857237227,_Form
AD0FD906-EB8C-41B2-9856-4F6D7FC5A8E9,IAssociationListExtender
AD194525-6E01-4BCA-929C-23C7383336AF,ISOAPRequest
AD30C630-40C5-4350-8405-9C71012FC558,IInkCursor
AD373271-DF2C-4AC5-8F36-54105ADA5F4C,IDMC2_Clus
AD377794-864F-3421-9FB8-C684BBC1BC02,_CodeExpression
AD3C2576-117C-4510-84DD-B668971DCFD1,IDXTCheckerBoard
AD419379-2AC8-3588-AB1E-0115413277C4,_ComCompatibleVersionAttribute
AD47A80B-EDA7-459E-AF82-647CC9FBAA50,IEnumDebugCodeContexts2
AD4AE633-00BF-4BB6-B527-91A0E28A6C78,IMultipleValues
AD4D6CA6-912F-409B-A26E-7FD234AEF542,Extension
AD4DBED4-4CC8-4880-B996-BF39E3960C8B,IUserSettingsCollection
AD56F402-E162-4F25-908F-7D577CF9BDA9,ITfDisplayAttributeNotifySink
AD5D6F02-5F4E-4D77-9FC0-381981317144,IHostBrowser
AD5FBE97-3CFC-453E-9AC5-D9F757A844B0,IVsdFileSystemEditorClient
AD70BE65-D33B-4E20-B354-11301A5B4D7C,VCCodeElement
AD795600-210D-3789-ABE4-D9AAC5DAEBBE,_SoapClientImport
AD7C73CF-6DD5-4855-ABC2-B04BAD5B9153,IAccServerDocMgr
AD7F4D9C-1A9F-4ED2-9815-ECC0B58CB616,IWMPContentContainer
AD837C28-52C1-421D-BF04-FAE7DA665396,IVdsIscsiPortalLocal
AD89B568-4FD4-3F8D-8327-B396B20A460E,_ReaderWriterLock
ADA0B268-3B19-4E5B-ACC4-49F852BE13BA,IDVBTuningSpace
ADA4C1AF-5ABE-11D3-9057-00A0C9E71419,ILinkEditor
ADA7D264-AF24-4E1D-8088-DFEB4E1A08B9,IWMEncFileTransferSourcePriv
ADACB3A0-D4F4-4F17-8933-51D60FCCA606,INapSystemHealthValidationRequest
ADB63AB6-D8C3-4239-BB3A-7BFBEC627C5C,IComReferenceRelease
ADB880A1-D8FF-11CF-9377-00AA003B7A11,IHHCtrl
ADB880A3-D8FF-11CF-9377-00AA003B7A11,_HHCtrlEvents
ADBC3463-0101-3429-A06C-DB2F1DD6B724,_ZoneMembershipCondition
ADC0DE1C-0AAC-4C83-A215-E5D783B0EA09,IWMSmartPlaylistFilterDesc
ADC0EDF5-FE64-48FF-A711-CB4AB0F5C2CA,INSSNotify
ADC47F8F-79C9-4F14-85EA-A8376B4B730F,IVCWebSvcDebugPageObject
ADC9BE00-DA35-44CC-A0F3-BC2993FB6ADB,DispInputTextElement
ADCF3F49-521F-48A6-BABA-8E20D5D3E861,ISharedProtectionPoints
ADDA3D55-6F72-4319-BFF9-18600A539B10,IUPnPDeviceFinder
ADE2EEB9-FC85-4F5B-B5D9-D431B4AAC31A,IDebugEventCallback2
ADE87BF7-7B56-4275-8FAB-B9B0E591844B,ISystemInformation
ADF7583D-F947-4311-83FB-066AD4E5E7C2,iaudiocopy
ADFC9976-3D2C-467B-98B3-7429ACDF029A,IInternetExplorerMRU
AE08CF60-0965-4901-AD25-CC79B1297FCA,IPendingNavigation
AE142AA1-F752-466A-9D4C-ED38C2A3DF76,IWMSmartPlaylistFilterEnum
AE1850FD-3596-3727-A242-2FC31C5A0312,IRemotingFormatter
AE1C7110-2F60-11D3-8A39-00C04F72D8E3,IVssEnumObject
AE24FDAD-03C6-11D1-8B76-0080C744F389,IWebBridge
AE276C1F-BBBB-483F-8D9E-D7B2B4F53143,IVsdObjectChangeEvent
AE27B230-A0BF-47FF-A2D1-22C29A178EAC,IDebugMachineEx2_V7
AE31D40E-CD7A-45CB-8DEF-5EA0E44C688A,IVsToolsOptions
AE588163-CE12-4E07-9314-F2C7F36294E8,DynamicTemplateState
AE6287B0-0084-11D2-973B-00A0C9068F2E,IWiaEventCallback
AE65E6DD-E297-4769-AFE7-50F68DACA430,ISCRParagraphElements
AE88C42E-B3D6-4FEC-9C63-C9F1B28233EA,IVsUpgradeLogger
AE8AFD54-5B57-4961-8A9B-12ADF23B696A,ICmstpLua2
AE8C987D-8797-4ED3-BE72-2A47DD938DB0,IFolderViewSettings
AE98AB5C-5406-4D5A-A8AE-C06734805788,IVsClientBuildManagerEventSink
AE995063-3670-47F7-B2F8-ED195FE4DE59,IConManServerCallback
AE9BE48E-AA75-4CC6-88D0-1B641A504956,IVsdFileType
AE9C454B-FC65-4C10-B130-CD9B45BA948B,ISignedData
AEA0A1A0-0423-11D3-BD3F-00C04F6EA5AE,IWMPUIPluginNotify
AEA0A1A1-0423-11D3-BD3F-00C04F6EA5AE,IWMPUIPluginEvents
AEA0CDAE-ADB5-46C6-A5ED-DBD516B3E0C1,IWorkflowError
AEB3727F-5C3A-34C4-BF18-A38F088AC8C7,_ReflectionPermission
AEB84C81-95DC-11D0-B7FC-B61140119C4A,_DDMView
AEB84C82-95DC-11D0-B7FC-B61140119C4A,_DDMViewEvents
AEBDED64-A206-11D3-B8B5-00C04F79F802,_EnvironmentHelp
AEC2B0DE-9898-3607-B845-63E2E307CB5F,_IsolatedStorageException
AECC1438-059C-44AD-A2B4-E87F4D3A4987,IItem
AED892F3-A97D-400B-98A8-DD5835D7E6A1,IWMDRMPrivContentAuthor
AEDAE97E-D7EE-4796-B960-7F092AE844AB,IActiveScriptSiteUIControl
AEDF37AB-9041-3D55-9ACA-BDEDE24566D2,_DragEventArgs
AEE33034-45F3-42D8-AF1E-B624F1B78F0F,IVsdFilterPickerDialog
AEE53265-5B70-401D-89E1-65DDBA58518E,IPrinterFolder
AEE77BDD-05C8-4DE1-B48E-1B003F49ACB7,IVsDropdownBarClient
AEEC4668-12A0-4637-9079-F01830CE2350,VCCodeDelegate
AF142B19-FB37-40C0-9C28-6617ADBFFAC7,IVsPreviewChangesService
AF170258-AAC6-3A86-BD34-303E62CED10E,_ResourceWriter
AF185C41-100D-46ED-BE2E-9CE8C44594EF,IWMDeviceManager3
AF1F22AC-7A40-4787-B421-AEB47A1FBD0B,IWiaLogEx
AF230D27-BABA-4E42-ACED-F524F22CFCE2,INetFwRule
AF279B2F-86EB-11D1-81BF-0000F87557DB,IDXTWipe
AF27B067-EE49-4320-8021-7B86D71B5F25,ISCRCustomFunctionController
AF2C7918-C718-44DC-999B-BE5869AEB913,IVsVDTConfigExtenderPropert
